Cohort Year,School,Conference,Sport,State,ASR,FGR,ASR Report,FGR Report,PDF_URL
2017,Augustana University (South Dakota),Northern Sun Intercollegiate Conference,Overall,SD,94,79,,,https://web3.ncaa.org/aprsearch/public_reports/inst2024/41.pdf?v=1755023136420
2017,Barry University,Sunshine State Conference,Overall,FL,89,65,,,https://web3.ncaa.org/aprsearch/public_reports/inst2024/49.pdf?v=1755023136420
2017,Bellarmine University,Atlantic Sun Conference,Overall,KY,87,80,,,https://web3.ncaa.org/aprsearch/public_reports/inst2024/52.pdf?v=1755023136420
2017,Bemidji State University,Northern Sun Intercollegiate Conference,Overall,MN,80,69,,,https://web3.ncaa.org/aprsearch/public_reports/inst2024/54.pdf?v=1755023136420
2017,Benedict College,Southern Intercol. Ath. Conf.,Overall,SC,62,44,,,https://web3.ncaa.org/aprsearch/public_reports/inst2024/55.pdf?v=1755023136420
2017,Bentley University,Northeast-10 Conference,Overall,MA,98,91,,,https://web3.ncaa.org/aprsearch/public_reports/inst2024/56.pdf?v=1755023136420
2017,Bloomsburg University of Pennsylvania,Pennsylvania State Athletic Conference,Overall,PA,87,75,,,https://web3.ncaa.org/aprsearch/public_reports/inst2024/65.pdf?v=1755023136420
2017,Bowie State University,Central Intercollegiate Athletic Association,Overall,MD,55,51,,,https://web3.ncaa.org/aprsearch/public_reports/inst2024/70.pdf?v=1755023136420
2017,University of Bridgeport,Central Atlantic Collegiate Conference,Overall,CT,89,61,,,https://web3.ncaa.org/aprsearch/public_reports/inst2024/74.pdf?v=1755023136420
2017,"California State Polytechnic University, Pomona",California Collegiate Athletic Association,Overall,CA,81,76,,,https://web3.ncaa.org/aprsearch/public_reports/inst2024/91.pdf?v=1755023136420
2017,"California State University, Dominguez Hills",California Collegiate Athletic Association,Overall,CA,61,57,,,https://web3.ncaa.org/aprsearch/public_reports/inst2024/92.pdf?v=1755023136420
2017,"California State University, San Bernardino",California Collegiate Athletic Association,Overall,CA,64,51,,,https://web3.ncaa.org/aprsearch/public_reports/inst2024/93.pdf?v=1755023136420
2017,"California State University, Chico",California Collegiate Athletic Association,Overall,CA,77,64,,,https://web3.ncaa.org/aprsearch/public_reports/inst2024/95.pdf?v=1755023136420
2017,"California State University, East Bay",California Collegiate Athletic Association,Overall,CA,82,57,,,https://web3.ncaa.org/aprsearch/public_reports/inst2024/98.pdf?v=1755023136420
2017,"California State University, Los Angeles",California Collegiate Athletic Association,Overall,CA,74,68,,,https://web3.ncaa.org/aprsearch/public_reports/inst2024/100.pdf?v=1755023136420
2017,"California State University, Stanislaus",California Collegiate Athletic Association,Overall,CA,66,56,,,https://web3.ncaa.org/aprsearch/public_reports/inst2024/103.pdf?v=1755023136420
2017,"Pennsylvania Western University, California",Pennsylvania State Athletic Conference,Overall,PA,73,61,,,https://web3.ncaa.org/aprsearch/public_reports/inst2024/106.pdf?v=1755023136420
2017,"University of California, San Diego",Big West Conference,Overall,CA,95,93,,,https://web3.ncaa.org/aprsearch/public_reports/inst2024/112.pdf?v=1755023136420
2017,University of Central Missouri,Mid-America Intercollegiate Athletics Association,Overall,MO,79,66,,,https://web3.ncaa.org/aprsearch/public_reports/inst2024/130.pdf?v=1755023136420
2017,Chaminade University,Pacific West Conference,Overall,HI,83,68,,,https://web3.ncaa.org/aprsearch/public_reports/inst2024/133.pdf?v=1755023136420
2017,"Pennsylvania Western University, Clarion",Pennsylvania State Athletic Conference,Overall,PA,81,65,,,https://web3.ncaa.org/aprsearch/public_reports/inst2024/143.pdf?v=1755023136420
2017,Clark Atlanta University,Southern Intercol. Ath. Conf.,Overall,GA,85,47,,,https://web3.ncaa.org/aprsearch/public_reports/inst2024/144.pdf?v=1755023136420
2017,Colorado School of Mines,Rocky Mountain Athletic Conference,Overall,CO,90,83,,,https://web3.ncaa.org/aprsearch/public_reports/inst2024/155.pdf?v=1755023136420
2017,Columbus State University,Peach Belt Conference,Overall,GA,77,64,,,https://web3.ncaa.org/aprsearch/public_reports/inst2024/159.pdf?v=1755023136420
2017,Davis & Elkins College,Mountain East Conference,Overall,WV,86,54,,,https://web3.ncaa.org/aprsearch/public_reports/inst2024/174.pdf?v=1755023136420
2017,Delta State University,Gulf South Conference,Overall,MS,74,48,,,https://web3.ncaa.org/aprsearch/public_reports/inst2024/181.pdf?v=1755023136420
2017,University of the District of Columbia,East Coast Conference,Overall,DC,79,48,,,https://web3.ncaa.org/aprsearch/public_reports/inst2024/186.pdf?v=1755023136420
2017,East Stroudsburg University of Pennsylvania,Pennsylvania State Athletic Conference,Overall,PA,84,72,,,https://web3.ncaa.org/aprsearch/public_reports/inst2024/197.pdf?v=1755023136420
2017,East Texas A&M University,Southland Conference,Overall,TX,60,41,,,https://web3.ncaa.org/aprsearch/public_reports/inst2024/199.pdf?v=1755023136420
2017,Montana State University Billings,Great Northwest Athletic Conference,Overall,MT,73,45,,,https://web3.ncaa.org/aprsearch/public_reports/inst2024/205.pdf?v=1755023136420
2017,Eastern New Mexico University,Lone Star Conference,Overall,NM,55,40,,,https://web3.ncaa.org/aprsearch/public_reports/inst2024/206.pdf?v=1755023136420
2017,Eckerd College,Sunshine State Conference,Overall,FL,91,66,,,https://web3.ncaa.org/aprsearch/public_reports/inst2024/208.pdf?v=1755023136420
2017,"Pennsylvania Western University, Edinboro",Pennsylvania State Athletic Conference,Overall,PA,80,63,,,https://web3.ncaa.org/aprsearch/public_reports/inst2024/209.pdf?v=1755023136420
2017,Elizabeth City State University,Central Intercollegiate Athletic Association,Overall,NC,62,53,,,https://web3.ncaa.org/aprsearch/public_reports/inst2024/210.pdf?v=1755023136420
2017,Fayetteville State University,Central Intercollegiate Athletic Association,Overall,NC,74,69,,,https://web3.ncaa.org/aprsearch/public_reports/inst2024/223.pdf?v=1755023136420
2017,Ferris State University,Great Lakes Intercollegiate Athletic Conference,Overall,MI,67,61,,,https://web3.ncaa.org/aprsearch/public_reports/inst2024/224.pdf?v=1755023136420
2017,Florida Institute of Technology,Sunshine State Conference,Overall,FL,92,72,,,https://web3.ncaa.org/aprsearch/public_reports/inst2024/230.pdf?v=1755023136420
2017,Florida Southern College,Sunshine State Conference,Overall,FL,92,67,,,https://web3.ncaa.org/aprsearch/public_reports/inst2024/233.pdf?v=1755023136420
2017,Fort Valley State University,Southern Intercol. Ath. Conf.,Overall,GA,61,49,,,https://web3.ncaa.org/aprsearch/public_reports/inst2024/237.pdf?v=1755023136420
2017,Franklin Pierce University,Northeast-10 Conference,Overall,NH,87,61,,,https://web3.ncaa.org/aprsearch/public_reports/inst2024/241.pdf?v=1755023136420
2017,Frostburg State University,Mountain East Conference,Overall,MD,67,57,,,https://web3.ncaa.org/aprsearch/public_reports/inst2024/243.pdf?v=1755023136420
2017,Gannon University,Pennsylvania State Athletic Conference,Overall,PA,87,72,,,https://web3.ncaa.org/aprsearch/public_reports/inst2024/246.pdf?v=1755023136420
2017,Grand Valley State University,Great Lakes Intercollegiate Athletic Conference,Overall,MI,83,73,,,https://web3.ncaa.org/aprsearch/public_reports/inst2024/262.pdf?v=1755023136420
2017,Hillsdale College,Great Midwest Athletic Conference,Overall,MI,99,88,,,https://web3.ncaa.org/aprsearch/public_reports/inst2024/280.pdf?v=1755023136420
2017,"California State Polytechnic University, Humboldt",California Collegiate Athletic Association,Overall,CA,75,54,,,https://web3.ncaa.org/aprsearch/public_reports/inst2024/291.pdf?v=1755023136420
2017,Indiana University of Pennsylvania,Pennsylvania State Athletic Conference,Overall,PA,77,72,,,https://web3.ncaa.org/aprsearch/public_reports/inst2024/307.pdf?v=1755023136420
2017,University of Indianapolis,Great Lakes Valley Conference,Overall,IN,84,69,,,https://web3.ncaa.org/aprsearch/public_reports/inst2024/309.pdf?v=1755023136420
2017,Johnson C. Smith University,Central Intercollegiate Athletic Association,Overall,NC,78,55,,,https://web3.ncaa.org/aprsearch/public_reports/inst2024/323.pdf?v=1755023136420
2017,Kentucky State University,Southern Intercol. Ath. Conf.,Overall,KY,58,43,,,https://web3.ncaa.org/aprsearch/public_reports/inst2024/332.pdf?v=1755023136420
2017,Kentucky Wesleyan College,Great Midwest Athletic Conference,Overall,KY,71,51,,,https://web3.ncaa.org/aprsearch/public_reports/inst2024/333.pdf?v=1755023136420
2017,Kutztown University of Pennsylvania,Pennsylvania State Athletic Conference,Overall,PA,85,70,,,https://web3.ncaa.org/aprsearch/public_reports/inst2024/339.pdf?v=1755023136420
2017,Lake Superior State University,Great Lakes Intercollegiate Athletic Conference,Overall,MI,88,72,,,https://web3.ncaa.org/aprsearch/public_reports/inst2024/345.pdf?v=1755023136420
2017,Lane College,Southern Intercol. Ath. Conf.,Overall,TN,60,48,,,https://web3.ncaa.org/aprsearch/public_reports/inst2024/347.pdf?v=1755023136420
2017,Le Moyne College,Northeast Conference,Overall,NY,96,79,,,https://web3.ncaa.org/aprsearch/public_reports/inst2024/349.pdf?v=1755023136420
2017,LeMoyne-Owen College,Southern Intercol. Ath. Conf.,Overall,TN,81,64,,,https://web3.ncaa.org/aprsearch/public_reports/inst2024/350.pdf?v=1755023136420
2017,Lewis University,Great Lakes Valley Conference,Overall,IL,90,71,,,https://web3.ncaa.org/aprsearch/public_reports/inst2024/354.pdf?v=1755023136420
2017,Lincoln University (Missouri),Mid-America Intercollegiate Athletics Association,Overall,MO,48,30,,,https://web3.ncaa.org/aprsearch/public_reports/inst2024/356.pdf?v=1755023136420
2017,Lincoln University (Pennsylvania),Central Intercollegiate Athletic Association,Overall,PA,65,46,,,https://web3.ncaa.org/aprsearch/public_reports/inst2024/357.pdf?v=1755023136420
2017,University of West Alabama,Gulf South Conference,Overall,AL,77,57,,,https://web3.ncaa.org/aprsearch/public_reports/inst2024/358.pdf?v=1755023136420
2017,Livingstone College,Central Intercollegiate Athletic Association,Overall,NC,69,49,,,https://web3.ncaa.org/aprsearch/public_reports/inst2024/359.pdf?v=1755023136420
2017,Lock Haven University of Pennsylvania,Pennsylvania State Athletic Conference,Overall,PA,83,62,,,https://web3.ncaa.org/aprsearch/public_reports/inst2024/360.pdf?v=1755023136420
2017,"Minnesota State University, Mankato",Northern Sun Intercollegiate Conference,Overall,MN,83,65,,,https://web3.ncaa.org/aprsearch/public_reports/inst2024/383.pdf?v=1755023136420
2017,Mansfield University of Pennsylvania,Pennsylvania State Athletic Conference,Overall,PA,81,65,,,https://web3.ncaa.org/aprsearch/public_reports/inst2024/384.pdf?v=1755023136420
2017,Maryville University of Saint Louis,Great Lakes Valley Conference,Overall,MO,90,70,,,https://web3.ncaa.org/aprsearch/public_reports/inst2024/395.pdf?v=1755023136420
2017,Menlo College,Pacific West Conference,Overall,CA,,,,,https://web3.ncaa.org/aprsearch/public_reports/inst2024/405.pdf?v=1755023136420
2017,Mercy University,East Coast Conference,Overall,NY,92,55,,,https://web3.ncaa.org/aprsearch/public_reports/inst2024/407.pdf?v=1755023136420
2017,Mercyhurst University,Pennsylvania State Athletic Conference,Overall,PA,87,72,,,https://web3.ncaa.org/aprsearch/public_reports/inst2024/408.pdf?v=1755023136420
2017,Metropolitan State University of Denver,Rocky Mountain Athletic Conference,Overall,CO,74,56,,,https://web3.ncaa.org/aprsearch/public_reports/inst2024/413.pdf?v=1755023136420
2017,Michigan Technological University,Great Lakes Intercollegiate Athletic Conference,Overall,MI,92,82,,,https://web3.ncaa.org/aprsearch/public_reports/inst2024/417.pdf?v=1755023136420
2017,Miles College,Southern Intercol. Ath. Conf.,Overall,AL,51,36,,,https://web3.ncaa.org/aprsearch/public_reports/inst2024/422.pdf?v=1755023136420
2017,Millersville University of Pennsylvania,Pennsylvania State Athletic Conference,Overall,PA,80,69,,,https://web3.ncaa.org/aprsearch/public_reports/inst2024/423.pdf?v=1755023136420
2017,University of Minnesota Duluth,Northern Sun Intercollegiate Conference,Overall,MN,87,70,,,https://web3.ncaa.org/aprsearch/public_reports/inst2024/427.pdf?v=1755023136420
2017,Mississippi College,Gulf South Conference,Overall,MS,82,53,,,https://web3.ncaa.org/aprsearch/public_reports/inst2024/429.pdf?v=1755023136420
2017,Missouri University of Science and Technology,Great Lakes Valley Conference,Overall,MO,80,72,,,https://web3.ncaa.org/aprsearch/public_reports/inst2024/435.pdf?v=1755023136420
2017,University of Missouri-St. Louis,Great Lakes Valley Conference,Overall,MO,83,66,,,https://web3.ncaa.org/aprsearch/public_reports/inst2024/436.pdf?v=1755023136420
2017,Molloy University,East Coast Conference,Overall,NY,90,78,,,https://web3.ncaa.org/aprsearch/public_reports/inst2024/437.pdf?v=1755023136420
2017,Morehouse College,Southern Intercol. Ath. Conf.,Overall,GA,65,55,,,https://web3.ncaa.org/aprsearch/public_reports/inst2024/445.pdf?v=1755023136420
2017,Southern New Hampshire University,Northeast-10 Conference,Overall,NH,92,79,,,https://web3.ncaa.org/aprsearch/public_reports/inst2024/468.pdf?v=1755023136420
2017,University of New Haven,Northeast-10 Conference,Overall,CT,75,64,,,https://web3.ncaa.org/aprsearch/public_reports/inst2024/470.pdf?v=1755023136420
2017,Truman State University,Great Lakes Valley Conference,Overall,MO,89,78,,,https://web3.ncaa.org/aprsearch/public_reports/inst2024/499.pdf?v=1755023136420
2017,Northern Michigan University,Great Lakes Intercollegiate Athletic Conference,Overall,MI,77,59,,,https://web3.ncaa.org/aprsearch/public_reports/inst2024/506.pdf?v=1755023136420
2017,Northwest Missouri State University,Mid-America Intercollegiate Athletics Association,Overall,MO,81,63,,,https://web3.ncaa.org/aprsearch/public_reports/inst2024/507.pdf?v=1755023136420
2017,Northwood University,Great Midwest Athletic Conference,Overall,MI,84,60,,,https://web3.ncaa.org/aprsearch/public_reports/inst2024/510.pdf?v=1755023136420
2017,Pace University,Northeast-10 Conference,Overall,NY,91,69,,,https://web3.ncaa.org/aprsearch/public_reports/inst2024/533.pdf?v=1755023136420
2017,University of North Carolina at Pembroke,Conference Carolinas,Overall,NC,65,49,,,https://web3.ncaa.org/aprsearch/public_reports/inst2024/537.pdf?v=1755023136420
2017,Thomas Jefferson University,Central Atlantic Collegiate Conference,Overall,PA,97,80,,,https://web3.ncaa.org/aprsearch/public_reports/inst2024/543.pdf?v=1755023136420
2017,"University of Pittsburgh, Johnstown",Pennsylvania State Athletic Conference,Overall,PA,83,70,,,https://web3.ncaa.org/aprsearch/public_reports/inst2024/546.pdf?v=1755023136420
2017,Queens College (New York),East Coast Conference,Overall,NY,69,64,,,https://web3.ncaa.org/aprsearch/public_reports/inst2024/560.pdf?v=1755023136420
2017,Quincy University,Great Lakes Valley Conference,Overall,IL,76,54,,,https://web3.ncaa.org/aprsearch/public_reports/inst2024/561.pdf?v=1755023136420
2017,Regis University (Colorado),Rocky Mountain Athletic Conference,Overall,CO,88,73,,,https://web3.ncaa.org/aprsearch/public_reports/inst2024/568.pdf?v=1755023136420
2017,Rollins College,Sunshine State Conference,Overall,FL,96,82,,,https://web3.ncaa.org/aprsearch/public_reports/inst2024/584.pdf?v=1755023136420
2017,Saginaw Valley State University,Great Lakes Intercollegiate Athletic Conference,Overall,MI,65,56,,,https://web3.ncaa.org/aprsearch/public_reports/inst2024/591.pdf?v=1755023136420
2017,Saint Anselm College,Northeast-10 Conference,Overall,NH,91,82,,,https://web3.ncaa.org/aprsearch/public_reports/inst2024/593.pdf?v=1755023136420
2017,Saint Augustine's University,Central Intercollegiate Athletic Association,Overall,NC,58,33,,,https://web3.ncaa.org/aprsearch/public_reports/inst2024/594.pdf?v=1755023136420
2017,St. Cloud State University,Northern Sun Intercollegiate Conference,Overall,MN,86,62,,,https://web3.ncaa.org/aprsearch/public_reports/inst2024/598.pdf?v=1755023136420
2017,Saint Leo University,Sunshine State Conference,Overall,FL,83,60,,,https://web3.ncaa.org/aprsearch/public_reports/inst2024/608.pdf?v=1755023136420
2017,Saint Michael's College,Northeast-10 Conference,Overall,VT,97,84,,,https://web3.ncaa.org/aprsearch/public_reports/inst2024/613.pdf?v=1755023136420
2017,San Francisco State University,California Collegiate Athletic Association,Overall,CA,83,59,,,https://web3.ncaa.org/aprsearch/public_reports/inst2024/628.pdf?v=1755023136420
2017,Savannah State University,Southern Intercol. Ath. Conf.,Overall,GA,66,43,,,https://web3.ncaa.org/aprsearch/public_reports/inst2024/632.pdf?v=1755023136420
2017,Seattle Pacific University,Great Northwest Athletic Conference,Overall,WA,87,76,,,https://web3.ncaa.org/aprsearch/public_reports/inst2024/634.pdf?v=1755023136420
2017,Shaw University,Central Intercollegiate Athletic Association,Overall,NC,62,38,,,https://web3.ncaa.org/aprsearch/public_reports/inst2024/636.pdf?v=1755023136420
2017,Shippensburg University of Pennsylvania,Pennsylvania State Athletic Conference,Overall,PA,82,66,,,https://web3.ncaa.org/aprsearch/public_reports/inst2024/638.pdf?v=1755023136420
2017,Slippery Rock University of Pennsylvania,Pennsylvania State Athletic Conference,Overall,PA,82,74,,,https://web3.ncaa.org/aprsearch/public_reports/inst2024/643.pdf?v=1755023136420
2017,Sonoma State University,California Collegiate Athletic Association,Overall,CA,78,68,,,https://web3.ncaa.org/aprsearch/public_reports/inst2024/645.pdf?v=1755023136420
2017,Southern Connecticut State University,Northeast-10 Conference,Overall,CT,72,63,,,https://web3.ncaa.org/aprsearch/public_reports/inst2024/658.pdf?v=1755023136420
2017,University of Southern Indiana,Ohio Valley Conference,Overall,IN,81,74,,,https://web3.ncaa.org/aprsearch/public_reports/inst2024/661.pdf?v=1755023136420
2017,College of Staten Island,East Coast Conference,Overall,NY,65,,,,https://web3.ncaa.org/aprsearch/public_reports/inst2024/675.pdf?v=1755023136420
2017,Stonehill College,Northeast Conference,Overall,MA,94,88,,,https://web3.ncaa.org/aprsearch/public_reports/inst2024/682.pdf?v=1755023136420
2017,University of Tampa,Sunshine State Conference,Overall,FL,86,73,,,https://web3.ncaa.org/aprsearch/public_reports/inst2024/689.pdf?v=1755023136420
2017,Texas A&M University-Kingsville,Lone Star Conference,Overall,TX,53,46,,,https://web3.ncaa.org/aprsearch/public_reports/inst2024/696.pdf?v=1755023136420
2017,Texas Woman's University,Lone Star Conference,Overall,TX,88,60,,,https://web3.ncaa.org/aprsearch/public_reports/inst2024/701.pdf?v=1755023136420
2017,Tuskegee University,Southern Intercol. Ath. Conf.,Overall,AL,66,56,,,https://web3.ncaa.org/aprsearch/public_reports/inst2024/720.pdf?v=1755023136420
2017,Upper Iowa University,Great Lakes Valley Conference,Overall,IA,81,64,,,https://web3.ncaa.org/aprsearch/public_reports/inst2024/728.pdf?v=1755023136420
2017,Valdosta State University,Gulf South Conference,Overall,GA,56,48,,,https://web3.ncaa.org/aprsearch/public_reports/inst2024/734.pdf?v=1755023136420
2017,Virginia State University,Central Intercollegiate Athletic Association,Overall,VA,61,49,,,https://web3.ncaa.org/aprsearch/public_reports/inst2024/743.pdf?v=1755023136420
2017,Virginia Union University,Central Intercollegiate Athletic Association,Overall,VA,63,47,,,https://web3.ncaa.org/aprsearch/public_reports/inst2024/744.pdf?v=1755023136420
2017,Wayne State University (Michigan),Great Lakes Intercollegiate Athletic Conference,Overall,MI,80,73,,,https://web3.ncaa.org/aprsearch/public_reports/inst2024/757.pdf?v=1755023136420
2017,West Chester University of Pennsylvania,Pennsylvania State Athletic Conference,Overall,PA,86,72,,,https://web3.ncaa.org/aprsearch/public_reports/inst2024/765.pdf?v=1755023136420
2017,University of West Georgia,Gulf South Conference,Overall,GA,69,53,,,https://web3.ncaa.org/aprsearch/public_reports/inst2024/766.pdf?v=1755023136420
2017,West Texas A&M University,Lone Star Conference,Overall,TX,65,42,,,https://web3.ncaa.org/aprsearch/public_reports/inst2024/767.pdf?v=1755023136420
2017,Winona State University,Northern Sun Intercollegiate Conference,Overall,MN,88,72,,,https://web3.ncaa.org/aprsearch/public_reports/inst2024/790.pdf?v=1755023136420
2017,Winston-Salem State University,Central Intercollegiate Athletic Association,Overall,NC,67,56,,,https://web3.ncaa.org/aprsearch/public_reports/inst2024/791.pdf?v=1755023136420
2017,University of Wisconsin-Parkside,Great Lakes Intercollegiate Athletic Conference,Overall,WI,79,55,,,https://web3.ncaa.org/aprsearch/public_reports/inst2024/799.pdf?v=1755023136420
2017,Adams State University,Rocky Mountain Athletic Conference,Overall,CO,50,35,,,https://web3.ncaa.org/aprsearch/public_reports/inst2024/929.pdf?v=1755023136420
2017,Arkansas Tech University,Great American Conference,Overall,AR,69,52,,,https://web3.ncaa.org/aprsearch/public_reports/inst2024/947.pdf?v=1755023136420
2017,Bloomfield College,Central Atlantic Collegiate Conference,Overall,NJ,79,48,,,https://web3.ncaa.org/aprsearch/public_reports/inst2024/984.pdf?v=1755023136420
2017,Bluefield State University,Central Intercollegiate Athletic Association,Overall,WV,62,37,,,https://web3.ncaa.org/aprsearch/public_reports/inst2024/985.pdf?v=1755023136420
2017,Caldwell University,Central Atlantic Collegiate Conference,Overall,NJ,91,70,,,https://web3.ncaa.org/aprsearch/public_reports/inst2024/995.pdf?v=1755023136420
2017,Cameron University,Lone Star Conference,Overall,OK,67,33,,,https://web3.ncaa.org/aprsearch/public_reports/inst2024/996.pdf?v=1755023136420
2017,Carson-Newman University,South Atlantic Conference,Overall,TN,70,56,,,https://web3.ncaa.org/aprsearch/public_reports/inst2024/1000.pdf?v=1755023136420
2017,Catawba College,South Atlantic Conference,Overall,NC,72,64,,,https://web3.ncaa.org/aprsearch/public_reports/inst2024/1001.pdf?v=1755023136420
2017,University of Central Oklahoma,Mid-America Intercollegiate Athletics Association,Overall,OK,60,50,,,https://web3.ncaa.org/aprsearch/public_reports/inst2024/1009.pdf?v=1755023136420
2017,Central Washington University,Great Northwest Athletic Conference,Overall,WA,76,67,,,https://web3.ncaa.org/aprsearch/public_reports/inst2024/1010.pdf?v=1755023136420
2017,Chadron State College,Rocky Mountain Athletic Conference,Overall,NE,68,43,,,https://web3.ncaa.org/aprsearch/public_reports/inst2024/1012.pdf?v=1755023136420
2017,University of Charleston (West Virginia),Mountain East Conference,Overall,WV,72,49,,,https://web3.ncaa.org/aprsearch/public_reports/inst2024/1013.pdf?v=1755023136420
2017,Christian Brothers University,Gulf South Conference,Overall,TN,79,62,,,https://web3.ncaa.org/aprsearch/public_reports/inst2024/1015.pdf?v=1755023136420
2017,Coker University,South Atlantic Conference,Overall,SC,73,44,,,https://web3.ncaa.org/aprsearch/public_reports/inst2024/1023.pdf?v=1755023136420
2017,Concord University,Mountain East Conference,Overall,WV,62,45,,,https://web3.ncaa.org/aprsearch/public_reports/inst2024/1028.pdf?v=1755023136420
2017,Dallas Baptist University,Lone Star Conference,Overall,TX,80,57,,,https://web3.ncaa.org/aprsearch/public_reports/inst2024/1045.pdf?v=1755023136420
2017,Drury University,Great Lakes Valley Conference,Overall,MO,87,62,,,https://web3.ncaa.org/aprsearch/public_reports/inst2024/1057.pdf?v=1755023136420
2017,D'Youville University,East Coast Conference,Overall,NY,92,,,,https://web3.ncaa.org/aprsearch/public_reports/inst2024/1059.pdf?v=1755023136420
2017,Emporia State University,Mid-America Intercollegiate Athletics Association,Overall,KS,82,61,,,https://web3.ncaa.org/aprsearch/public_reports/inst2024/1071.pdf?v=1755023136420
2017,Erskine College,Conference Carolinas,Overall,SC,69,50,,,https://web3.ncaa.org/aprsearch/public_reports/inst2024/1072.pdf?v=1755023136420
2017,Fairmont State University,Mountain East Conference,Overall,WV,81,55,,,https://web3.ncaa.org/aprsearch/public_reports/inst2024/1076.pdf?v=1755023136420
2017,University of Findlay,Great Midwest Athletic Conference,Overall,OH,81,72,,,https://web3.ncaa.org/aprsearch/public_reports/inst2024/1079.pdf?v=1755023136420
2017,Fort Lewis College,Rocky Mountain Athletic Conference,Overall,CO,69,57,,,https://web3.ncaa.org/aprsearch/public_reports/inst2024/1083.pdf?v=1755023136420
2017,Francis Marion University,Conference Carolinas,Overall,SC,69,43,,,https://web3.ncaa.org/aprsearch/public_reports/inst2024/1085.pdf?v=1755023136420
2017,Georgia College,Peach Belt Conference,Overall,GA,92,67,,,https://web3.ncaa.org/aprsearch/public_reports/inst2024/1096.pdf?v=1755023136420
2017,Georgia Southwestern State University,Peach Belt Conference,Overall,GA,70,63,,,https://web3.ncaa.org/aprsearch/public_reports/inst2024/1097.pdf?v=1755023136420
2017,Glenville State University,Mountain East Conference,Overall,WV,52,34,,,https://web3.ncaa.org/aprsearch/public_reports/inst2024/1098.pdf?v=1755023136420
2017,Harding University,Great American Conference,Overall,AR,87,60,,,https://web3.ncaa.org/aprsearch/public_reports/inst2024/1116.pdf?v=1755023136420
2017,Henderson State University,Great American Conference,Overall,AR,59,42,,,https://web3.ncaa.org/aprsearch/public_reports/inst2024/1123.pdf?v=1755023136420
2017,Holy Family University,Central Atlantic Collegiate Conference,Overall,PA,92,61,,,https://web3.ncaa.org/aprsearch/public_reports/inst2024/1126.pdf?v=1755023136420
2017,University of Nebraska at Kearney,Mid-America Intercollegiate Athletics Association,Overall,NE,75,58,,,https://web3.ncaa.org/aprsearch/public_reports/inst2024/1156.pdf?v=1755023136420
2017,Lander University,Peach Belt Conference,Overall,SC,75,54,,,https://web3.ncaa.org/aprsearch/public_reports/inst2024/1167.pdf?v=1755023136420
2017,Lenoir-Rhyne University,South Atlantic Conference,Overall,NC,78,59,,,https://web3.ncaa.org/aprsearch/public_reports/inst2024/1170.pdf?v=1755023136420
2017,Limestone University,South Atlantic Conference,Overall,SC,57,41,,,https://web3.ncaa.org/aprsearch/public_reports/inst2024/1174.pdf?v=1755023136420
2017,Lincoln Memorial University,South Atlantic Conference,Overall,TN,77,55,,,https://web3.ncaa.org/aprsearch/public_reports/inst2024/1176.pdf?v=1755023136420
2017,Mars Hill University,South Atlantic Conference,Overall,NC,63,41,,,https://web3.ncaa.org/aprsearch/public_reports/inst2024/1199.pdf?v=1755023136420
2017,Midwestern State University,Lone Star Conference,Overall,TX,61,45,,,https://web3.ncaa.org/aprsearch/public_reports/inst2024/1222.pdf?v=1755023136420
2017,University of Montevallo,Gulf South Conference,Overall,AL,72,52,,,https://web3.ncaa.org/aprsearch/public_reports/inst2024/1238.pdf?v=1755023136420
2017,Minnesota State University Moorhead,Northern Sun Intercollegiate Conference,Overall,MN,72,60,,,https://web3.ncaa.org/aprsearch/public_reports/inst2024/1240.pdf?v=1755023136420
2017,University of Mount Olive,Conference Carolinas,Overall,NC,80,52,,,https://web3.ncaa.org/aprsearch/public_reports/inst2024/1245.pdf?v=1755023136420
2017,Newberry College,South Atlantic Conference,Overall,SC,77,63,,,https://web3.ncaa.org/aprsearch/public_reports/inst2024/1257.pdf?v=1755023136420
2017,Northern State University,Northern Sun Intercollegiate Conference,Overall,SD,84,62,,,https://web3.ncaa.org/aprsearch/public_reports/inst2024/1266.pdf?v=1755023136420
2017,Northwest Nazarene University,Great Northwest Athletic Conference,Overall,ID,89,69,,,https://web3.ncaa.org/aprsearch/public_reports/inst2024/1274.pdf?v=1755023136420
2017,Ouachita Baptist University,Great American Conference,Overall,AR,76,53,,,https://web3.ncaa.org/aprsearch/public_reports/inst2024/1289.pdf?v=1755023136420
2017,Pittsburg State University,Mid-America Intercollegiate Athletics Association,Overall,KS,77,65,,,https://web3.ncaa.org/aprsearch/public_reports/inst2024/1314.pdf?v=1755023136420
2017,Post University,Central Atlantic Collegiate Conference,Overall,CT,74,51,,,https://web3.ncaa.org/aprsearch/public_reports/inst2024/1318.pdf?v=1755023136420
2017,Rockhurst University,Great Lakes Valley Conference,Overall,MO,92,84,,,https://web3.ncaa.org/aprsearch/public_reports/inst2024/1328.pdf?v=1755023136420
2017,St. Edward's University,Lone Star Conference,Overall,TX,90,68,,,https://web3.ncaa.org/aprsearch/public_reports/inst2024/1334.pdf?v=1755023136420
2017,Saint Martin's University,Great Northwest Athletic Conference,Overall,WA,89,60,,,https://web3.ncaa.org/aprsearch/public_reports/inst2024/1343.pdf?v=1755023136420
2017,St. Mary's University (Texas),Lone Star Conference,Overall,TX,86,62,,,https://web3.ncaa.org/aprsearch/public_reports/inst2024/1346.pdf?v=1755023136420
2017,The College of Saint Rose,Northeast-10 Conference,Overall,NY,83,62,,,https://web3.ncaa.org/aprsearch/public_reports/inst2024/1347.pdf?v=1755023136420
2017,St. Thomas Aquinas College,East Coast Conference,Overall,NY,87,62,,,https://web3.ncaa.org/aprsearch/public_reports/inst2024/1348.pdf?v=1755023136420
2017,Southeastern Oklahoma State University,Great American Conference,Overall,OK,70,40,,,https://web3.ncaa.org/aprsearch/public_reports/inst2024/1371.pdf?v=1755023136420
2017,Southern Arkansas University,Great American Conference,Overall,AR,62,41,,,https://web3.ncaa.org/aprsearch/public_reports/inst2024/1376.pdf?v=1755023136420
2017,Tarleton State University,Western Athletic Conference,Overall,TX,69,52,,,https://web3.ncaa.org/aprsearch/public_reports/inst2024/1395.pdf?v=1755023136420
2017,Thomas More University,Great Midwest Athletic Conference,Overall,KY,45,,,,https://web3.ncaa.org/aprsearch/public_reports/inst2024/1402.pdf?v=1755023136420
2017,Tiffin University,Great Midwest Athletic Conference,Overall,OH,70,63,,,https://web3.ncaa.org/aprsearch/public_reports/inst2024/1403.pdf?v=1755023136420
2017,Wayne State College (Nebraska),Northern Sun Intercollegiate Conference,Overall,NE,78,60,,,https://web3.ncaa.org/aprsearch/public_reports/inst2024/1433.pdf?v=1755023136420
2017,West Liberty University,Mountain East Conference,Overall,WV,70,65,,,https://web3.ncaa.org/aprsearch/public_reports/inst2024/1438.pdf?v=1755023136420
2017,West Virginia State University,Mountain East Conference,Overall,WV,60,42,,,https://web3.ncaa.org/aprsearch/public_reports/inst2024/1439.pdf?v=1755023136420
2017,Western New Mexico University,Lone Star Conference,Overall,NM,52,36,,,https://web3.ncaa.org/aprsearch/public_reports/inst2024/1445.pdf?v=1755023136420
2017,Western Oregon University,Great Northwest Athletic Conference,Overall,OR,82,58,,,https://web3.ncaa.org/aprsearch/public_reports/inst2024/1446.pdf?v=1755023136420
2017,Western Washington University,Great Northwest Athletic Conference,Overall,WA,90,77,,,https://web3.ncaa.org/aprsearch/public_reports/inst2024/1448.pdf?v=1755023136420
2017,Wilmington University (Delaware),Central Atlantic Collegiate Conference,Overall,DE,67,54,,,https://web3.ncaa.org/aprsearch/public_reports/inst2024/1460.pdf?v=1755023136420
2017,Wingate University,South Atlantic Conference,Overall,NC,81,67,,,https://web3.ncaa.org/aprsearch/public_reports/inst2024/1462.pdf?v=1755023136420
2017,"University of Puerto Rico, Bayamon",Independent,Overall,PR,79,51,,,https://web3.ncaa.org/aprsearch/public_reports/inst2024/2682.pdf?v=1755023136420
2017,Belmont Abbey College,Conference Carolinas,Overall,NC,73,55,,,https://web3.ncaa.org/aprsearch/public_reports/inst2024/2683.pdf?v=1755023136420
2017,Hawaii Pacific University,Pacific West Conference,Overall,HI,81,47,,,https://web3.ncaa.org/aprsearch/public_reports/inst2024/2696.pdf?v=1755023136420
2017,University of Hawaii at Hilo,Pacific West Conference,Overall,HI,70,42,,,https://web3.ncaa.org/aprsearch/public_reports/inst2024/2697.pdf?v=1755023136420
2017,"University of Puerto Rico, Rio Piedras",Independent,Overall,PR,66,57,,,https://web3.ncaa.org/aprsearch/public_reports/inst2024/2716.pdf?v=1755023136420
2017,Colorado State University Pueblo,Rocky Mountain Athletic Conference,Overall,CO,63,44,,,https://web3.ncaa.org/aprsearch/public_reports/inst2024/2720.pdf?v=1755023136420
2017,Lake Erie College,Great Midwest Athletic Conference,Overall,OH,62,49,,,https://web3.ncaa.org/aprsearch/public_reports/inst2024/2746.pdf?v=1755023136420
2017,Southwest Baptist University,Great Lakes Valley Conference,Overall,MO,74,51,,,https://web3.ncaa.org/aprsearch/public_reports/inst2024/2755.pdf?v=1755023136420
2017,Western Colorado University,Rocky Mountain Athletic Conference,Overall,CO,78,53,,,https://web3.ncaa.org/aprsearch/public_reports/inst2024/2759.pdf?v=1755023136420
2017,Roosevelt University,Great Lakes Intercollegiate Athletic Conference,Overall,IL,,,,,https://web3.ncaa.org/aprsearch/public_reports/inst2024/2807.pdf?v=1755023136420
2017,Washburn University,Mid-America Intercollegiate Athletics Association,Overall,KS,69,57,,,https://web3.ncaa.org/aprsearch/public_reports/inst2024/2814.pdf?v=1755023136420
2017,Goldey-Beacom College,Central Atlantic Collegiate Conference,Overall,DE,92,66,,,https://web3.ncaa.org/aprsearch/public_reports/inst2024/8366.pdf?v=1755023136420
2017,"University of Arkansas, Monticello",Great American Conference,Overall,AR,62,43,,,https://web3.ncaa.org/aprsearch/public_reports/inst2024/8411.pdf?v=1755023136420
2017,New Mexico Highlands University,Rocky Mountain Athletic Conference,Overall,NM,51,31,,,https://web3.ncaa.org/aprsearch/public_reports/inst2024/8577.pdf?v=1755023136420
2017,Southwest Minnesota State University,Northern Sun Intercollegiate Conference,Overall,MN,71,59,,,https://web3.ncaa.org/aprsearch/public_reports/inst2024/8736.pdf?v=1755023136420
2017,Southwestern Oklahoma State University,Great American Conference,Overall,OK,64,45,,,https://web3.ncaa.org/aprsearch/public_reports/inst2024/8744.pdf?v=1755023136420
2017,Chowan University,Conference Carolinas,Overall,NC,71,50,,,https://web3.ncaa.org/aprsearch/public_reports/inst2024/8875.pdf?v=1755023136420
2017,Converse University,Conference Carolinas,Overall,SC,80,50,,,https://web3.ncaa.org/aprsearch/public_reports/inst2024/8935.pdf?v=1755023136420
2017,Dominican University New York,Central Atlantic Collegiate Conference,Overall,NY,75,58,,,https://web3.ncaa.org/aprsearch/public_reports/inst2024/8956.pdf?v=1755023136420
2017,East Central University,Great American Conference,Overall,OK,64,42,,,https://web3.ncaa.org/aprsearch/public_reports/inst2024/8965.pdf?v=1755023136420
2017,Georgian Court University,Central Atlantic Collegiate Conference,Overall,NJ,87,67,,,https://web3.ncaa.org/aprsearch/public_reports/inst2024/9004.pdf?v=1755023136420
2017,Fort Hays State University,Mid-America Intercollegiate Athletics Association,Overall,KS,67,58,,,https://web3.ncaa.org/aprsearch/public_reports/inst2024/9011.pdf?v=1755023136420
2017,Missouri Southern State University,Mid-America Intercollegiate Athletics Association,Overall,MO,62,49,,,https://web3.ncaa.org/aprsearch/public_reports/inst2024/9012.pdf?v=1755023136420
2017,Missouri Western State University,Mid-America Intercollegiate Athletics Association,Overall,MO,69,49,,,https://web3.ncaa.org/aprsearch/public_reports/inst2024/9013.pdf?v=1755023136420
2017,"Concordia University, St. Paul",Northern Sun Intercollegiate Conference,Overall,MN,93,61,,,https://web3.ncaa.org/aprsearch/public_reports/inst2024/9081.pdf?v=1755023136420
2017,North Greenville University,Conference Carolinas,Overall,SC,85,58,,,https://web3.ncaa.org/aprsearch/public_reports/inst2024/9223.pdf?v=1755023136420
2017,West Virginia Wesleyan College,Mountain East Conference,Overall,WV,79,66,,,https://web3.ncaa.org/aprsearch/public_reports/inst2024/9630.pdf?v=1755023136420
2017,Embry-Riddle Aeronautical University (Florida),Sunshine State Conference,Overall,FL,90,76,,,https://web3.ncaa.org/aprsearch/public_reports/inst2024/9680.pdf?v=1755023136420
2017,University of Colorado Colorado Springs,Rocky Mountain Athletic Conference,Overall,CO,76,65,,,https://web3.ncaa.org/aprsearch/public_reports/inst2024/9754.pdf?v=1755023136420
2017,Shepherd University,Pennsylvania State Athletic Conference,Overall,WV,71,51,,,https://web3.ncaa.org/aprsearch/public_reports/inst2024/10870.pdf?v=1755023136420
2017,University of South Carolina Aiken,Peach Belt Conference,Overall,SC,68,60,,,https://web3.ncaa.org/aprsearch/public_reports/inst2024/11276.pdf?v=1755023136420
2017,2 - DII CA Test,Independent,Overall,IN,27,27,,,https://web3.ncaa.org/aprsearch/public_reports/inst2024/11361.pdf?v=1755023136420
2017,Colorado Christian University,Rocky Mountain Athletic Conference,Overall,CO,90,65,,,https://web3.ncaa.org/aprsearch/public_reports/inst2024/11403.pdf?v=1755023136420
2017,Colorado Mesa University,Rocky Mountain Athletic Conference,Overall,CO,69,55,,,https://web3.ncaa.org/aprsearch/public_reports/inst2024/11416.pdf?v=1755023136420
2017,Queens University of Charlotte,Atlantic Sun Conference,Overall,NC,85,70,,,https://web3.ncaa.org/aprsearch/public_reports/inst2024/11504.pdf?v=1755023136420
2017,University of West Florida,Gulf South Conference,Overall,FL,71,62,,,https://web3.ncaa.org/aprsearch/public_reports/inst2024/11740.pdf?v=1755023136420
2017,Wheeling University,Mountain East Conference,Overall,WV,79,52,,,https://web3.ncaa.org/aprsearch/public_reports/inst2024/12799.pdf?v=1755023136420
2017,Northeastern State University,Mid-America Intercollegiate Athletics Association,Overall,OK,69,44,,,https://web3.ncaa.org/aprsearch/public_reports/inst2024/12810.pdf?v=1755023136420
2017,Tusculum University,South Atlantic Conference,Overall,TN,63,49,,,https://web3.ncaa.org/aprsearch/public_reports/inst2024/12830.pdf?v=1755023136420
2017,Anderson University (South Carolina),South Atlantic Conference,Overall,SC,85,57,,,https://web3.ncaa.org/aprsearch/public_reports/inst2024/13028.pdf?v=1755023136420
2017,Lees-McRae College,Conference Carolinas,Overall,NC,76,55,,,https://web3.ncaa.org/aprsearch/public_reports/inst2024/13302.pdf?v=1755023136420
2017,Barton College,Conference Carolinas,Overall,NC,80,61,,,https://web3.ncaa.org/aprsearch/public_reports/inst2024/15646.pdf?v=1755023136420
2017,Salem University (West Virginia),Independent,Overall,WV,68,33,,,https://web3.ncaa.org/aprsearch/public_reports/inst2024/19117.pdf?v=1755023136420
2017,Clayton State University,Peach Belt Conference,Overall,GA,66,30,,,https://web3.ncaa.org/aprsearch/public_reports/inst2024/20576.pdf?v=1755023136420
2017,Lynn University,Sunshine State Conference,Overall,FL,90,65,,,https://web3.ncaa.org/aprsearch/public_reports/inst2024/20794.pdf?v=1755023136420
2017,Chestnut Hill College,Central Atlantic Collegiate Conference,Overall,PA,91,72,,,https://web3.ncaa.org/aprsearch/public_reports/inst2024/21323.pdf?v=1755023136420
2017,Felician University,Central Atlantic Collegiate Conference,Overall,NJ,86,59,,,https://web3.ncaa.org/aprsearch/public_reports/inst2024/23157.pdf?v=1755023136420
2017,"University of Puerto Rico, Mayaguez",Independent,Overall,PR,46,46,,,https://web3.ncaa.org/aprsearch/public_reports/inst2024/24361.pdf?v=1755023136420
2017,Nova Southeastern University,Sunshine State Conference,Overall,FL,88,52,,,https://web3.ncaa.org/aprsearch/public_reports/inst2024/24639.pdf?v=1755023136420
2017,"University of Minnesota, Crookston",Northern Sun Intercollegiate Conference,Overall,MN,90,54,,,https://web3.ncaa.org/aprsearch/public_reports/inst2024/27854.pdf?v=1755023136420
2017,Trevecca Nazarene University,Great Midwest Athletic Conference,Overall,TN,93,58,,,https://web3.ncaa.org/aprsearch/public_reports/inst2024/30002.pdf?v=1755023136420
2017,Lee University,Gulf South Conference,Overall,TN,86,65,,,https://web3.ncaa.org/aprsearch/public_reports/inst2024/30013.pdf?v=1755023136420
2017,The University of Texas at Tyler,Lone Star Conference,Overall,TX,85,,,,https://web3.ncaa.org/aprsearch/public_reports/inst2024/30028.pdf?v=1755023136420
2017,Palm Beach Atlantic University,Sunshine State Conference,Overall,FL,87,67,,,https://web3.ncaa.org/aprsearch/public_reports/inst2024/30045.pdf?v=1755023136420
2017,Central State University,Southern Intercol. Ath. Conf.,Overall,OH,53,49,,,https://web3.ncaa.org/aprsearch/public_reports/inst2024/30049.pdf?v=1755023136420
2017,University of Illinois Springfield,Great Lakes Valley Conference,Overall,IL,90,66,,,https://web3.ncaa.org/aprsearch/public_reports/inst2024/30050.pdf?v=1755023136420
2017,King University,Conference Carolinas,Overall,TN,74,56,,,https://web3.ncaa.org/aprsearch/public_reports/inst2024/30051.pdf?v=1755023136420
2017,University of North Georgia,Peach Belt Conference,Overall,GA,85,60,,,https://web3.ncaa.org/aprsearch/public_reports/inst2024/30052.pdf?v=1755023136420
2017,Newman University,Mid-America Intercollegiate Athletics Association,Overall,KS,86,59,,,https://web3.ncaa.org/aprsearch/public_reports/inst2024/30054.pdf?v=1755023136420
2017,"California State University, Monterey Bay",California Collegiate Athletic Association,Overall,CA,84,58,,,https://web3.ncaa.org/aprsearch/public_reports/inst2024/30055.pdf?v=1755023136420
2017,Claflin University,Central Intercollegiate Athletic Association,Overall,SC,86,69,,,https://web3.ncaa.org/aprsearch/public_reports/inst2024/30058.pdf?v=1755023136420
2017,Seton Hill University,Pennsylvania State Athletic Conference,Overall,PA,92,71,,,https://web3.ncaa.org/aprsearch/public_reports/inst2024/30063.pdf?v=1755023136420
2017,University of Mary,Northern Sun Intercollegiate Conference,Overall,ND,81,56,,,https://web3.ncaa.org/aprsearch/public_reports/inst2024/30075.pdf?v=1755023136420
2017,The University of Texas Permian Basin,Lone Star Conference,Overall,TX,58,42,,,https://web3.ncaa.org/aprsearch/public_reports/inst2024/30088.pdf?v=1755023136420
2017,Texas A&M International University,Lone Star Conference,Overall,TX,71,52,,,https://web3.ncaa.org/aprsearch/public_reports/inst2024/30090.pdf?v=1755023136420
2017,Flagler College,Peach Belt Conference,Overall,FL,90,67,,,https://web3.ncaa.org/aprsearch/public_reports/inst2024/30092.pdf?v=1755023136420
2017,Auburn University at Montgomery,Gulf South Conference,Overall,AL,75,49,,,https://web3.ncaa.org/aprsearch/public_reports/inst2024/30093.pdf?v=1755023136420
2017,Utah Tech University,Western Athletic Conference,Overall,UT,68,44,,,https://web3.ncaa.org/aprsearch/public_reports/inst2024/30095.pdf?v=1755023136420
2017,"University of Arkansas, Fort Smith",Lone Star Conference,Overall,AR,77,47,,,https://web3.ncaa.org/aprsearch/public_reports/inst2024/30105.pdf?v=1755023136420
2017,Dominican University of California,Pacific West Conference,Overall,CA,95,71,,,https://web3.ncaa.org/aprsearch/public_reports/inst2024/30118.pdf?v=1755023136420
2017,Ohio Dominican University,Great Midwest Athletic Conference,Overall,OH,73,65,,,https://web3.ncaa.org/aprsearch/public_reports/inst2024/30119.pdf?v=1755023136420
2017,William Jewell College,Great Lakes Valley Conference,Overall,MO,87,67,,,https://web3.ncaa.org/aprsearch/public_reports/inst2024/30120.pdf?v=1755023136420
2017,Academy of Art University,Pacific West Conference,Overall,CA,72,59,,,https://web3.ncaa.org/aprsearch/public_reports/inst2024/30123.pdf?v=1755023136420
2017,Cedarville University,Great Midwest Athletic Conference,Overall,OH,93,78,,,https://web3.ncaa.org/aprsearch/public_reports/inst2024/30124.pdf?v=1755023136420
2017,Minot State University,Northern Sun Intercollegiate Conference,Overall,ND,56,48,,,https://web3.ncaa.org/aprsearch/public_reports/inst2024/30125.pdf?v=1755023136420
2017,Notre Dame College (Ohio),Mountain East Conference,Overall,OH,57,52,,,https://web3.ncaa.org/aprsearch/public_reports/inst2024/30126.pdf?v=1755023136420
2017,Simon Fraser University,Great Northwest Athletic Conference,Overall,BC,82,62,,,https://web3.ncaa.org/aprsearch/public_reports/inst2024/30127.pdf?v=1755023136420
2017,University of Sioux Falls,Northern Sun Intercollegiate Conference,Overall,SD,88,63,,,https://web3.ncaa.org/aprsearch/public_reports/inst2024/30128.pdf?v=1755023136420
2017,Black Hills State University,Rocky Mountain Athletic Conference,Overall,SD,63,44,,,https://web3.ncaa.org/aprsearch/public_reports/inst2024/30134.pdf?v=1755023136420
2017,Lindenwood University,Ohio Valley Conference,Overall,MO,83,69,,,https://web3.ncaa.org/aprsearch/public_reports/inst2024/30136.pdf?v=1755023136420
2017,Malone University,Great Midwest Athletic Conference,Overall,OH,87,61,,,https://web3.ncaa.org/aprsearch/public_reports/inst2024/30137.pdf?v=1755023136420
2017,McKendree University,Great Lakes Valley Conference,Overall,IL,76,63,,,https://web3.ncaa.org/aprsearch/public_reports/inst2024/30138.pdf?v=1755023136420
2017,South Dakota School of Mines & Technology,Rocky Mountain Athletic Conference,Overall,SD,70,55,,,https://web3.ncaa.org/aprsearch/public_reports/inst2024/30139.pdf?v=1755023136420
2017,Ursuline College,Great Midwest Athletic Conference,Overall,OH,87,52,,,https://web3.ncaa.org/aprsearch/public_reports/inst2024/30140.pdf?v=1755023136420
2017,Walsh University,Great Midwest Athletic Conference,Overall,OH,83,61,,,https://web3.ncaa.org/aprsearch/public_reports/inst2024/30141.pdf?v=1755023136420
2017,Azusa Pacific University,Pacific West Conference,Overall,CA,87,64,,,https://web3.ncaa.org/aprsearch/public_reports/inst2024/30146.pdf?v=1755023136420
2017,Fresno Pacific University,Pacific West Conference,Overall,CA,82,63,,,https://web3.ncaa.org/aprsearch/public_reports/inst2024/30147.pdf?v=1755023136420
2017,Point Loma Nazarene University,Pacific West Conference,Overall,CA,92,71,,,https://web3.ncaa.org/aprsearch/public_reports/inst2024/30149.pdf?v=1755023136420
2017,Roberts Wesleyan University,East Coast Conference,Overall,NY,83,64,,,https://web3.ncaa.org/aprsearch/public_reports/inst2024/30150.pdf?v=1755023136420
2017,Shorter University,Gulf South Conference,Overall,GA,62,38,,,https://web3.ncaa.org/aprsearch/public_reports/inst2024/30151.pdf?v=1755023136420
2017,Southern Nazarene University,Great American Conference,Overall,OK,69,48,,,https://web3.ncaa.org/aprsearch/public_reports/inst2024/30152.pdf?v=1755023136420
2017,Union University,Gulf South Conference,Overall,TN,88,58,,,https://web3.ncaa.org/aprsearch/public_reports/inst2024/30153.pdf?v=1755023136420
2017,Young Harris College,Conference Carolinas,Overall,GA,78,49,,,https://web3.ncaa.org/aprsearch/public_reports/inst2024/30154.pdf?v=1755023136420
2017,Daemen University,East Coast Conference,Overall,NY,82,64,,,https://web3.ncaa.org/aprsearch/public_reports/inst2024/30174.pdf?v=1755023136420
2017,Lubbock Christian University,Lone Star Conference,Overall,TX,82,56,,,https://web3.ncaa.org/aprsearch/public_reports/inst2024/30177.pdf?v=1755023136420
2017,Northwestern Oklahoma State University,Great American Conference,Overall,OK,76,42,,,https://web3.ncaa.org/aprsearch/public_reports/inst2024/30178.pdf?v=1755023136420
2017,Oklahoma Christian University,Lone Star Conference,Overall,OK,92,54,,,https://web3.ncaa.org/aprsearch/public_reports/inst2024/30179.pdf?v=1755023136420
2017,Rogers State University,Mid-America Intercollegiate Athletics Association,Overall,OK,79,54,,,https://web3.ncaa.org/aprsearch/public_reports/inst2024/30180.pdf?v=1755023136420
2017,The University of Virginia's College at Wise,South Atlantic Conference,Overall,VA,71,56,,,https://web3.ncaa.org/aprsearch/public_reports/inst2024/30181.pdf?v=1755023136420
2017,Spring Hill College,Southern Intercol. Ath. Conf.,Overall,AL,84,64,,,https://web3.ncaa.org/aprsearch/public_reports/inst2024/30191.pdf?v=1755023136420
2017,Southern Wesleyan University,Conference Carolinas,Overall,SC,87,58,,,https://web3.ncaa.org/aprsearch/public_reports/inst2024/30192.pdf?v=1755023136420
2017,Emmanuel University (Georgia),Conference Carolinas,Overall,GA,91,50,,,https://web3.ncaa.org/aprsearch/public_reports/inst2024/30193.pdf?v=1755023136420
2017,"California State University, San Marcos",California Collegiate Athletic Association,Overall,CA,76,66,,,https://web3.ncaa.org/aprsearch/public_reports/inst2024/30198.pdf?v=1755023136420
2017,Concordia University Irvine,Pacific West Conference,Overall,CA,82,66,,,https://web3.ncaa.org/aprsearch/public_reports/inst2024/30199.pdf?v=1755023136420
2017,Oklahoma Baptist University,Great American Conference,Overall,OK,77,57,,,https://web3.ncaa.org/aprsearch/public_reports/inst2024/30202.pdf?v=1755023136420
2017,Westminster University (Utah),Rocky Mountain Athletic Conference,Overall,UT,90,75,,,https://web3.ncaa.org/aprsearch/public_reports/inst2024/30209.pdf?v=1755023136420
2017,Biola University,Pacific West Conference,Overall,CA,95,75,,,https://web3.ncaa.org/aprsearch/public_reports/inst2024/30220.pdf?v=1755023136420
2017,Davenport University,Great Lakes Intercollegiate Athletic Conference,Overall,MI,88,50,,,https://web3.ncaa.org/aprsearch/public_reports/inst2024/30221.pdf?v=1755023136420
2017,Purdue University Northwest,Great Lakes Intercollegiate Athletic Conference,Overall,IN,76,62,,,https://web3.ncaa.org/aprsearch/public_reports/inst2024/30222.pdf?v=1755023136420
2017,Allen University,Southern Intercol. Ath. Conf.,Overall,SC,0,0,,,https://web3.ncaa.org/aprsearch/public_reports/inst2024/30240.pdf?v=1755023136420
2017,Edward Waters University,Southern Intercol. Ath. Conf.,Overall,FL,38,41,,,https://web3.ncaa.org/aprsearch/public_reports/inst2024/30244.pdf?v=1755023136420
2017,University of South Carolina Beaufort,Peach Belt Conference,Overall,SC,75,54,,,https://web3.ncaa.org/aprsearch/public_reports/inst2024/30259.pdf?v=1755023136420
2017,Westmont College,Pacific West Conference,Overall,CA,92,72,,,https://web3.ncaa.org/aprsearch/public_reports/inst2024/30260.pdf?v=1755023136420
2017,Jessup University,Pacific West Conference,Overall,CA,,,,,https://web3.ncaa.org/aprsearch/public_reports/inst2024/30262.pdf?v=1755023136420
2017,Vanguard University,Pacific West Conference,Overall,CA,,,,,https://web3.ncaa.org/aprsearch/public_reports/inst2024/30263.pdf?v=1755023136420
