School,GSR,GSR Percentage,School_2,Overall G,Overall W,Overall L,Overall W-L%,Unnamed: 8,Win Category
Abilene Christian University,100-c,1.0,Abilene Christian,34.0,16.0,18.0,0.471,,3.0
Alabama A&M University,71-b,0.71,Alabama A&M,35.0,12.0,23.0,0.343,,3.0
Alabama State University,68-d,0.68,Alabama State,32.0,13.0,19.0,0.406,,5.0
Alcorn State University,59-d,0.59,Alcorn State,32.0,14.0,18.0,0.438,,4.0
American University,82-c,0.82,American,32.0,16.0,16.0,0.5,,4.0
Appalachian State University,100-b,1.0,Appalachian State,34.0,27.0,7.0,0.794,,3.0
Arizona State University,100-c,1.0,Arizona State,32.0,14.0,18.0,0.438,,4.0
Arkansas State University,88-d,0.88,Arkansas State,37.0,20.0,17.0,0.541,,3.0
Auburn University,70-b,0.7,Auburn NCAA,35.0,27.0,8.0,0.771,,2.0
Austin Peay State University,91-c,0.91,Austin Peay,35.0,19.0,16.0,0.543,,3.0
Ball State University,93-c,0.93,Ball State,31.0,15.0,16.0,0.484,,1.0
Baylor University,67-b,0.67,Baylor NCAA,35.0,24.0,11.0,0.686,,2.0
Belmont University,100-b,1.0,Belmont,33.0,20.0,13.0,0.606,,2.0
Bethune-Cookman University,79-c,0.79,Bethune-Cookman,34.0,17.0,17.0,0.5,,3.0
Binghamton University,86-b,0.86,Binghamton,30.0,15.0,15.0,0.5,,3.0
Boise State University,92-c,0.92,Boise State NCAA,33.0,22.0,11.0,0.667,,2.0
Boston College,100-b,1.0,Boston College,36.0,20.0,16.0,0.556,,3.0
Boston University,100-c,1.0,Boston University,33.0,16.0,17.0,0.485,,2.0
Bowling Green State University,92-c,0.92,Bowling Green State,34.0,20.0,14.0,0.588,,3.0
Bradley University,100-c,1.0,Bradley,35.0,23.0,12.0,0.657,,5.0
Brigham Young University,88-b,0.88,Brigham Young NCAA,34.0,23.0,11.0,0.676,,3.0
Brown University,94-d,0.94,Brown,31.0,13.0,18.0,0.419,,3.0
Bryant University,90-b,0.9,Bryant,33.0,20.0,13.0,0.606,,3.0
Bucknell University,91-c,0.91,Bucknell,33.0,14.0,19.0,0.424,,3.0
Butler University,86-c,0.86,Butler,33.0,18.0,15.0,0.545,,3.0
California Baptist University,85-c,0.85,California Baptist,33.0,16.0,17.0,0.485,,1.0
California Polytechnic State University,100-c,1.0,Cal Poly,32.0,4.0,28.0,0.125,,3.0
California State University Bakersfield,93-c,0.93,Cal State Bakersfield,32.0,13.0,19.0,0.406,,4.0
California State University Fresno,83-b,0.83,Fresno State,33.0,12.0,21.0,0.364,,3.0
California State University Fullerton,90-b,0.9,Cal State Fullerton,32.0,14.0,18.0,0.438,,4.0
California State University Northridge,53-d,0.53,Cal State Northridge,34.0,19.0,15.0,0.559,,5.0
California State University Sacramento,88-d,0.88,Sacramento State,34.0,10.0,24.0,0.294,*,5.0
Campbell University,100-c,1.0,Campbell,32.0,14.0,18.0,0.438,,3.0
Canisius University,90-b,0.9,Canisius,32.0,14.0,18.0,0.438,,3.0
Central Connecticut State University,83-c,0.83,Central Connecticut State,31.0,20.0,11.0,0.645,,4.0
Central Michigan University,76-d,0.76,Central Michigan,32.0,18.0,14.0,0.563,,4.0
Charleston Southern University,93-c,0.93,Charleston Southern,30.0,10.0,20.0,0.333,,4.0
Chicago State University,56-d,0.56,Chicago State,32.0,13.0,19.0,0.406,,5.0
Clemson University,100-b,1.0,Clemson NCAA,36.0,24.0,12.0,0.667,,4.0
Cleveland State University,100-c,1.0,Cleveland State,36.0,21.0,15.0,0.583,,1.0
Coastal Carolina University,89-b,0.89,Coastal Carolina,31.0,9.0,22.0,0.29,,4.0
Colgate University,85-c,0.85,Colgate NCAA,35.0,25.0,10.0,0.714,,3.0
College of Charleston (South Carolina),92-c,0.92,College of Charleston NCAA,35.0,27.0,8.0,0.771,,2.0
College of the Holy Cross,100-b,1.0,Holy Cross,33.0,10.0,23.0,0.303,,2.0
Colorado State University,90-b,0.9,Colorado State NCAA,36.0,25.0,11.0,0.694,,2.0
Columbia University-Barnard College,100-d,1.0,Columbia,27.0,13.0,14.0,0.481,,2.0
Coppin State University,82-c,0.82,Coppin State,29.0,2.0,27.0,0.069,,3.0
Cornell University,100-d,1.0,Cornell,30.0,22.0,8.0,0.733,,4.0
Creighton University,91-c,0.91,Creighton NCAA,35.0,25.0,10.0,0.714,,1.0
Dartmouth College,100-c,1.0,Dartmouth,27.0,6.0,21.0,0.222,,4.0
Davidson College,91-c,0.91,Davidson,32.0,15.0,17.0,0.469,,2.0
Delaware State University,73-c,0.73,Delaware State,34.0,15.0,19.0,0.441,,4.0
DePaul University,86-b,0.86,DePaul,32.0,3.0,29.0,0.094,,4.0
Drake University,79-c,0.79,Drake NCAA,35.0,28.0,7.0,0.8,,1.0
Drexel University,100-c,1.0,Drexel,32.0,20.0,12.0,0.625,,3.0
Duke University,67-b,0.67,Duke NCAA,36.0,27.0,9.0,0.75,,2.0
Duquesne University,100-b,1.0,Duquesne NCAA,37.0,25.0,12.0,0.676,,2.0
East Carolina University,82-c,0.82,East Carolina,33.0,15.0,18.0,0.455,,3.0
East Tennessee State University,89-d,0.89,East Tennessee State,35.0,19.0,16.0,0.543,,2.0
Eastern Illinois University,71-c,0.71,Eastern Illinois,32.0,14.0,18.0,0.438,,3.0
Eastern Kentucky University,92-c,0.92,Eastern Kentucky,31.0,17.0,14.0,0.548,,2.0
Eastern Michigan University,93-c,0.93,Eastern Michigan,31.0,13.0,18.0,0.419,,4.0
Eastern Washington University,100-b,1.0,Eastern Washington,32.0,21.0,11.0,0.656,,1.0
Elon University,100-c,1.0,Elon,32.0,13.0,19.0,0.406,,4.0
Fairfield University,100-c,1.0,Fairfield,37.0,24.0,13.0,0.649,,1.0
Fairleigh Dickinson University Metropolitan Campus,83-c,0.83,,,,,,*,4.0
Florida A&M University,62-e,0.62,Florida A&M,29.0,6.0,23.0,0.207,,4.0
Florida Atlantic University,100-c,1.0,Florida Atlantic NCAA,34.0,25.0,9.0,0.735,,1.0
Florida Gulf Coast University,93-c,0.93,Florida Gulf Coast,32.0,14.0,18.0,0.438,,2.0
Florida International University,81-d,0.81,Florida International,33.0,11.0,22.0,0.333,,2.0
Florida State University,100-c,1.0,Florida State,33.0,17.0,16.0,0.515,,3.0
Fordham University,93-c,0.93,Fordham,33.0,13.0,20.0,0.394,,3.0
Furman University,100-c,1.0,Furman,33.0,17.0,16.0,0.515,,4.0
Gardner-Webb University,100-b,1.0,Gardner-Webb,33.0,17.0,16.0,0.515,,2.0
George Mason University,100-b,1.0,George Mason,32.0,20.0,12.0,0.625,,3.0
George Washington University,100-b,1.0,George Washington,32.0,15.0,17.0,0.469,,2.0
Georgetown University,73-c,0.73,Georgetown,32.0,9.0,23.0,0.281,,3.0
Georgia Institute of Technology,75-c,0.75,Georgia Tech,32.0,14.0,18.0,0.438,,3.0
Georgia Southern University,73-c,0.73,Georgia Southern,33.0,9.0,24.0,0.273,,3.0
Georgia State University,91-c,0.91,Georgia State,31.0,14.0,17.0,0.452,,1.0
Gonzaga University,89-b,0.89,Gonzaga NCAA,35.0,27.0,8.0,0.771,,2.0
Grambling State University,86-c,0.86,Grambling NCAA,36.0,21.0,15.0,0.583,,2.0
Grand Canyon University,69-d,0.69,Grand Canyon NCAA,35.0,30.0,5.0,0.857,,5.0
Hampton University,75-c,0.75,Hampton,33.0,9.0,24.0,0.273,,3.0
Harvard University,100-d,1.0,Harvard,27.0,14.0,13.0,0.519,,2.0
High Point University,100-b,1.0,High Point,36.0,27.0,9.0,0.75,,4.0
Hofstra University,100-c,1.0,Hofstra,33.0,20.0,13.0,0.606,,4.0
Houston Christian University,71-c,0.71,Houston Christian,29.0,6.0,23.0,0.207,,3.0
Howard University,78-b,0.78,Howard NCAA,35.0,18.0,17.0,0.514,,4.0
Idaho State University,87-c,0.87,Idaho State,34.0,14.0,20.0,0.412,,2.0
Illinois State University,69-c,0.69,Illinois State,32.0,15.0,17.0,0.469,,4.0
Indiana State University,83-c,0.83,Indiana State,39.0,32.0,7.0,0.821,,1.0
Indiana University Bloomington,83-c,0.83,Indiana,33.0,19.0,14.0,0.576,*,4.0
Indiana University Indianapolis,100-c,1.0,IU Indy,32.0,6.0,26.0,0.188,*,4.0
Iona University,78-d,0.78,Iona,33.0,16.0,17.0,0.485,,2.0
Iowa State University,88-b,0.88,Iowa State NCAA,37.0,29.0,8.0,0.784,,2.0
Jackson State University,69-c,0.69,Jackson State,32.0,15.0,17.0,0.469,,3.0
Jacksonville State University,72-d,0.72,Jacksonville State,32.0,14.0,18.0,0.438,,4.0
Jacksonville University,100-c,1.0,Jacksonville,33.0,16.0,17.0,0.485,,2.0
James Madison University,86-b,0.86,James Madison NCAA,36.0,32.0,4.0,0.889,,2.0
Kansas State University,78-b,0.78,Kansas State,34.0,19.0,15.0,0.559,,4.0
Kennesaw State University,64-c,0.64,Kennesaw State,31.0,15.0,16.0,0.484,,2.0
Kent State University,88-d,0.88,Kent State,34.0,17.0,17.0,0.5,,4.0
La Salle University,100-b,1.0,La Salle,33.0,16.0,17.0,0.485,,4.0
Lafayette College,100-c,1.0,Lafayette,32.0,11.0,21.0,0.344,,2.0
Lamar University,86-c,0.86,Lamar,33.0,19.0,14.0,0.576,,3.0
Lehigh University,90-b,0.9,Lehigh,32.0,14.0,18.0,0.438,,3.0
Liberty University,100-c,1.0,Liberty,32.0,18.0,14.0,0.563,,3.0
Lipscomb University,100-b,1.0,Lipscomb,32.0,20.0,12.0,0.625,,3.0
Long Beach State University,56-d,0.56,Long Beach State NCAA,36.0,21.0,15.0,0.583,,4.0
Long Island University,92-c,0.92,Long Island University,29.0,7.0,22.0,0.241,,4.0
Longwood University,80-b,0.8,Longwood NCAA,35.0,21.0,14.0,0.6,,1.0
Louisiana State University,80-b,0.8,Louisiana State,33.0,17.0,16.0,0.515,,3.0
Louisiana Tech University,75-d,0.75,Louisiana Tech,32.0,22.0,10.0,0.688,,4.0
Loyola Marymount University,90-b,0.9,Loyola Marymount,31.0,12.0,19.0,0.387,,3.0
Loyola University Chicago,86-c,0.86,Loyola (IL),33.0,23.0,10.0,0.697,,3.0
Loyola University Maryland,100-b,1.0,Loyola (MD),32.0,7.0,25.0,0.219,,2.0
Manhattan University,100-b,1.0,Manhattan,30.0,7.0,23.0,0.233,,5.0
Marist University,100-c,1.0,Marist,31.0,18.0,13.0,0.581,,2.0
Marquette University,82-c,0.82,Marquette NCAA,37.0,27.0,10.0,0.73,,2.0
Marshall University,69-c,0.69,Marshall,33.0,13.0,20.0,0.394,,5.0
McNeese State University,73-c,0.73,McNeese State NCAA,34.0,30.0,4.0,0.882,,3.0
Mercer University,86-c,0.86,Mercer,33.0,16.0,17.0,0.485,,4.0
Merrimack College,78-b,0.78,Merrimack,33.0,21.0,12.0,0.636,,4.0
Miami University (Ohio),92-c,0.92,Miami (OH),32.0,15.0,17.0,0.469,,2.0
Michigan State University,86-b,0.86,Michigan State NCAA,35.0,20.0,15.0,0.571,,1.0
Middle Tennessee State University,100-c,1.0,Middle Tennessee,33.0,14.0,19.0,0.424,,2.0
Mississippi State University,88-b,0.88,Mississippi State NCAA,35.0,21.0,14.0,0.6,,5.0
Mississippi Valley State University,41-d,0.41,Mississippi Valley State,31.0,1.0,30.0,0.032,,2.0
Missouri State University,88-d,0.88,Missouri State,33.0,17.0,16.0,0.515,,2.0
Monmouth University,100-b,1.0,Monmouth,33.0,18.0,15.0,0.545,,3.0
Montana State University-Bozeman,88-d,0.88,Montana State NCAA,35.0,17.0,18.0,0.486,,3.0
Morehead State University,80-b,0.8,Morehead State NCAA,35.0,26.0,9.0,0.743,,4.0
Morgan State University,56-d,0.56,Morgan State,31.0,11.0,20.0,0.355,,3.0
Mount St. Mary's University,100-b,1.0,Mount St. Mary's,32.0,13.0,19.0,0.406,,2.0
Murray State University,91-c,0.91,Murray State,32.0,12.0,20.0,0.375,,3.0
New Jersey Institute of Technology,89-b,0.89,NJIT,28.0,7.0,21.0,0.25,,3.0
New Mexico State University,89-b,0.89,New Mexico State,32.0,13.0,19.0,0.406,,2.0
Niagara University,80-c,0.8,Niagara,32.0,16.0,16.0,0.5,,3.0
Nicholls State University,88-d,0.88,Nicholls State,34.0,20.0,14.0,0.588,,1.0
Norfolk State University,80-c,0.8,Norfolk State,35.0,24.0,11.0,0.686,,2.0
North Carolina A&T State University,86-c,0.86,North Carolina A&T,32.0,7.0,25.0,0.219,,3.0
North Carolina Central University,100-d,1.0,North Carolina Central,31.0,18.0,13.0,0.581,,2.0
North Carolina State University,67-b,0.67,,,,,,*,4.0
North Dakota State University,91-c,0.91,North Dakota State,32.0,15.0,17.0,0.469,,2.0
Northeastern University,93-c,0.93,Northeastern,32.0,12.0,20.0,0.375,,3.0
Northern Arizona University,47-d,0.47,Northern Arizona,33.0,14.0,19.0,0.424,,4.0
Northern Illinois University,71-c,0.71,Northern Illinois,31.0,11.0,20.0,0.355,,4.0
Northern Kentucky University,89-b,0.89,Northern Kentucky,33.0,18.0,15.0,0.545,,4.0
Northwestern State University,100-c,1.0,Northwestern State,32.0,9.0,23.0,0.281,,3.0
Northwestern University,100-c,1.0,Northwestern NCAA,34.0,22.0,12.0,0.647,,4.0
Oakland University,80-a,0.8,Oakland NCAA,36.0,24.0,12.0,0.667,,3.0
Ohio University,91-c,0.91,Ohio,33.0,20.0,13.0,0.606,,2.0
Oklahoma State University,71-b,0.71,Oklahoma State,32.0,12.0,20.0,0.375,,2.0
Old Dominion University,100-b,1.0,Old Dominion,32.0,7.0,25.0,0.219,,2.0
Oral Roberts University,100-b,1.0,Oral Roberts,31.0,12.0,19.0,0.387,,2.0
Oregon State University,55-c,0.55,Oregon State,32.0,13.0,19.0,0.406,,5.0
Pennsylvania State University,54-c,0.54,Penn State,33.0,16.0,17.0,0.485,,4.0
Pepperdine University,82-c,0.82,Pepperdine,33.0,13.0,20.0,0.394,,4.0
Portland State University,87-c,0.87,Portland State,32.0,17.0,15.0,0.531,,3.0
Prairie View A&M University,60-c,0.6,Prairie View,31.0,10.0,21.0,0.323,,1.0
Presbyterian College,73-c,0.73,Presbyterian,33.0,14.0,19.0,0.424,,4.0
Princeton University,100-d,1.0,Princeton,29.0,24.0,5.0,0.828,,3.0
Providence College,91-c,0.91,Providence,35.0,21.0,14.0,0.6,,2.0
Purdue University,91-c,0.91,Purdue NCAA,39.0,34.0,5.0,0.872,,3.0
Purdue University Fort Wayne,100-b,1.0,Purdue Fort Wayne,36.0,23.0,13.0,0.639,,3.0
Quinnipiac University,100-b,1.0,Quinnipiac,34.0,24.0,10.0,0.706,,3.0
Radford University,91-c,0.91,Radford,33.0,16.0,17.0,0.485,,4.0
Rice University,67-b,0.67,Rice,32.0,11.0,21.0,0.344,,4.0
Rider University,100-c,1.0,Rider,32.0,15.0,17.0,0.469,,4.0
Robert Morris University,100-b,1.0,Robert Morris,32.0,10.0,22.0,0.313,,2.0
Rutgers The State University of New Jersey New Brunswick,92-c,0.92,Rutgers,32.0,15.0,17.0,0.469,,5.0
Sacred Heart University,82-c,0.82,Sacred Heart,32.0,16.0,16.0,0.5,,1.0
Saint Francis University,100-c,1.0,Saint Francis (PA),30.0,8.0,22.0,0.267,,3.0
Saint Joseph's University,91-c,0.91,Saint Joseph's,35.0,21.0,14.0,0.6,,3.0
Saint Louis University,70-b,0.7,Saint Louis,33.0,13.0,20.0,0.394,,4.0
Saint Mary's College of California,100-b,1.0,Saint Mary's (CA) NCAA,34.0,26.0,8.0,0.765,,4.0
Saint Peter's University,100-a,1.0,Saint Peter's NCAA,33.0,19.0,14.0,0.576,,3.0
Sam Houston State University,89-b,0.89,Sam Houston,33.0,21.0,12.0,0.636,,4.0
Samford University,100-c,1.0,Samford NCAA,35.0,29.0,6.0,0.829,,4.0
San Diego State University,73-c,0.73,Samford NCAA,35.0,29.0,6.0,0.829,,2.0
San Jose State University,85-c,0.85,San Diego State NCAA,37.0,26.0,11.0,0.703,,4.0
Santa Clara University,100-b,1.0,Santa Clara,33.0,20.0,13.0,0.606,,3.0
Seattle University,100-b,1.0,Seattle,37.0,23.0,14.0,0.622,,2.0
Seton Hall University,100-c,1.0,Seton Hall,37.0,25.0,12.0,0.676,,5.0
Siena College,75-b,0.75,Siena,32.0,4.0,28.0,0.125,,1.0
South Carolina State University,100-b,1.0,South Carolina State,32.0,14.0,18.0,0.438,,4.0
South Dakota State University,100-b,1.0,South Dakota State NCAA,35.0,22.0,13.0,0.629,,2.0
Southeast Missouri State University,86-c,0.86,Southeast Missouri State,31.0,9.0,22.0,0.29,,4.0
Southeastern Louisiana University,100-b,1.0,Southeastern Louisiana,32.0,15.0,17.0,0.469,,5.0
Southern Illinois University at Carbondale,100-c,1.0,Southern Illinois,32.0,19.0,13.0,0.594,,3.0
Southern Illinois University Edwardsville,92-c,0.92,SIU Edwardsville,33.0,17.0,16.0,0.515,,3.0
Southern Methodist University,80-b,0.8,Southern Methodist,33.0,20.0,13.0,0.606,,4.0
Southern University Baton Rouge,55-c,0.55,Southern,32.0,18.0,14.0,0.563,,5.0
Southern Utah University,82-c,0.82,Southern Utah,31.0,10.0,21.0,0.323,,3.0
St. Bonaventure University,88-b,0.88,St. Bonaventure,33.0,20.0,13.0,0.606,,1.0
St. John's University (New York),77-c,0.77,St. John's (NY),33.0,20.0,13.0,0.606,,2.0
Stanford University,100-c,1.0,Stanford,32.0,14.0,18.0,0.438,,3.0
Stephen F. Austin State University,63-d,0.63,Stephen F. Austin,33.0,18.0,15.0,0.545,,1.0
Stetson University,60-b,0.6,Stetson NCAA,35.0,22.0,13.0,0.629,,2.0
Stony Brook University,92-c,0.92,Stony Brook,35.0,20.0,15.0,0.571,,2.0
Syracuse University,67-b,0.67,Syracuse,32.0,20.0,12.0,0.625,,4.0
Temple University,100-c,1.0,Temple,36.0,16.0,20.0,0.444,,3.0
Tennessee State University,89-d,0.89,Tennessee State,33.0,18.0,15.0,0.545,,3.0
Tennessee Technological University,100-b,1.0,Tennessee Tech,31.0,10.0,21.0,0.323,,2.0
Texas A&M University College Station,67-c,0.67,Texas A&M NCAA,36.0,21.0,15.0,0.583,,2.0
Texas A&M University-Corpus Christi,77-c,0.77,Texas A&M-Corpus Christi,33.0,21.0,12.0,0.636,,4.0
Texas Christian University,55-c,0.55,TCU NCAA,34.0,21.0,13.0,0.618,,3.0
Texas Southern University,100-b,1.0,Texas Southern,33.0,16.0,17.0,0.485,,3.0
Texas State University,100-c,1.0,Texas State,35.0,17.0,18.0,0.486,,1.0
Texas Tech University,78-b,0.78,Texas Tech NCAA,34.0,23.0,11.0,0.676,,3.0
The Citadel,55-c,0.55,The Citadel,32.0,11.0,21.0,0.344,,2.0
The Ohio State University,64-c,0.64,Ohio State,36.0,22.0,14.0,0.611,,3.0
The University of North Carolina at Charlotte,83-b,0.83,Charlotte,31.0,19.0,12.0,0.613,*,4.0
The University of North Carolina at Greensboro,100-c,1.0,UNC Greensboro,32.0,21.0,11.0,0.656,,2.0
The University of Southern Mississippi,58-c,0.58,Southern Mississippi,32.0,16.0,16.0,0.5,,2.0
The University of Texas Rio Grande Valley,71-d,0.71,Texas-Rio Grande Valley,31.0,6.0,25.0,0.194,,2.0
The University of Tulsa,61-d,0.61,Tulsa,31.0,16.0,15.0,0.516,,4.0
Towson University,91-c,0.91,Towson,34.0,20.0,14.0,0.588,,3.0
Troy University,92-c,0.92,Troy,32.0,20.0,12.0,0.625,,3.0
Tulane University,100-c,1.0,Tulane,31.0,14.0,17.0,0.452,,3.0
U.S. Air Force Academy,88-e,0.88,Air Force,31.0,9.0,22.0,0.29,,2.0
U.S. Military Academy,95-d,0.95,Army,32.0,10.0,22.0,0.313,,3.0
U.S. Naval Academy,93-c,0.93,Navy,31.0,13.0,18.0,0.419,,4.0
University at Albany,76-d,0.76,Albany (NY),32.0,13.0,19.0,0.406,,2.0
University at Buffalo the State University of New York,94-d,0.94,Buffalo,31.0,4.0,27.0,0.129,,3.0
University of Akron,83-c,0.83,Akron NCAA,35.0,24.0,11.0,0.686,,3.0
University of Alabama,100-c,1.0,Alabama NCAA,37.0,25.0,12.0,0.676,,3.0
University of Alabama at Birmingham,88-d,0.88,UAB NCAA,35.0,23.0,12.0,0.657,*,3.0
University of Arizona,58-c,0.58,Arizona NCAA,36.0,27.0,9.0,0.75,,3.0
University of Arkansas at Little Rock,64-c,0.64,Little Rock,34.0,21.0,13.0,0.618,,3.0
University of Arkansas Fayetteville,60-b,0.6,Arkansas,33.0,16.0,17.0,0.485,,3.0
University of Arkansas Pine Bluff,78-d,0.78,Arkansas-Pine Bluff,31.0,13.0,18.0,0.419,,2.0
University of California Berkeley,71-b,0.71,California,32.0,13.0,19.0,0.406,,2.0
University of California Davis,91-c,0.91,UC Davis,33.0,20.0,13.0,0.606,,3.0
University of California Irvine,82-c,0.82,UC Irvine,34.0,24.0,10.0,0.706,,3.0
University of California Los Angeles,63-b,0.63,UCLA,33.0,16.0,17.0,0.485,,2.0
University of California Riverside,71-c,0.71,UC Riverside,34.0,16.0,18.0,0.471,,3.0
University of California Santa Barbara,82-c,0.82,UC Santa Barbara,31.0,16.0,15.0,0.516,,3.0
University of Central Arkansas,100-c,1.0,Central Arkansas,32.0,9.0,23.0,0.281,,2.0
University of Central Florida,87-c,0.87,UCF,33.0,17.0,16.0,0.515,,1.0
University of Cincinnati,89-b,0.89,Cincinnati,37.0,22.0,15.0,0.595,,4.0
University of Colorado Boulder,69-c,0.69,Colorado NCAA,37.0,26.0,11.0,0.703,,4.0
University of Connecticut,91-c,0.91,Connecticut NCAA,40.0,37.0,3.0,0.925,,4.0
University of Dayton,90-b,0.9,Dayton NCAA,33.0,25.0,8.0,0.758,,3.0
University of Delaware,83-c,0.83,Delaware,33.0,19.0,14.0,0.576,,5.0
University of Denver,100-b,1.0,Denver,34.0,17.0,17.0,0.5,,3.0
University of Detroit Mercy,57-c,0.57,Detroit Mercy,32.0,1.0,31.0,0.031,,3.0
University of Evansville,92-c,0.92,Evansville,35.0,17.0,18.0,0.486,,2.0
University of Florida,100-b,1.0,Florida NCAA,36.0,24.0,12.0,0.667,,3.0
University of Georgia,50-b,0.5,Georgia,37.0,20.0,17.0,0.541,,3.0
University of Hartford,,,,,,,,,3.0
University of Hawaii Manoa,67-c,0.67,Hawaii,34.0,20.0,14.0,0.588,,1.0
University of Houston,90-b,0.9,Houston NCAA,37.0,32.0,5.0,0.865,,2.0
University of Idaho,91-c,0.91,Idaho,32.0,11.0,21.0,0.344,,4.0
University of Illinois Chicago,86-c,0.86,Illinois-Chicago,33.0,12.0,21.0,0.364,,3.0
University of Illinois Urbana-Champaign,80-b,0.8,,,,,,,2.0
University of Iowa,89-b,0.89,Iowa,34.0,19.0,15.0,0.559,,2.0
University of Kansas,82-c,0.82,Kansas NCAA,34.0,23.0,11.0,0.676,,2.0
University of Kentucky,100-a,1.0,Kentucky NCAA,33.0,23.0,10.0,0.697,,4.0
University of Louisiana at Lafayette,89-b,0.89,Louisiana,33.0,19.0,14.0,0.576,,3.0
University of Louisiana Monroe,95-e,0.95,Louisiana-Monroe,30.0,11.0,19.0,0.367,,3.0
University of Louisville,100-b,1.0,Louisville,32.0,8.0,24.0,0.25,,5.0
University of Maine,81-d,0.81,Maine,32.0,15.0,17.0,0.469,,5.0
University of Maryland Baltimore County,86-c,0.86,Maryland-Baltimore County,32.0,11.0,21.0,0.344,,3.0
University of Maryland College Park,64-c,0.64,Maryland,33.0,16.0,17.0,0.485,,2.0
University of Maryland Eastern Shore,73-c,0.73,Maryland-Eastern Shore,29.0,9.0,20.0,0.31,,3.0
University of Massachusetts Amherst,85-c,0.85,Massachusetts,31.0,20.0,11.0,0.645,,3.0
University of Massachusetts Lowell,89-b,0.89,Massachusetts-Lowell,32.0,22.0,10.0,0.688,,2.0
University of Memphis,64-c,0.64,Memphis,32.0,22.0,10.0,0.688,,4.0
University of Miami (Florida),92-c,0.92,Miami (FL),32.0,15.0,17.0,0.469,,4.0
University of Michigan,100-b,1.0,Michigan,32.0,8.0,24.0,0.25,,2.0
University of Minnesota Twin Cities,92-c,0.92,Minnesota,34.0,19.0,15.0,0.559,,4.0
University of Mississippi,89-b,0.89,Mississippi,32.0,20.0,12.0,0.625,,2.0
University of Missouri Columbia,78-b,0.78,Missouri,32.0,8.0,24.0,0.25,,1.0
University of Missouri-Kansas City,82-c,0.82,Kansas City,32.0,16.0,16.0,0.5,,3.0
University of Montana,82-c,0.82,Montana,36.0,24.0,12.0,0.667,,4.0
University of Nebraska at Omaha,100-c,1.0,Omaha,33.0,15.0,18.0,0.455,,2.0
University of Nebraska-Lincoln,92-c,0.92,Nebraska NCAA,34.0,23.0,11.0,0.676,,4.0
University of Nevada Las Vegas,92-c,0.92,Nevada-Las Vegas,34.0,21.0,13.0,0.618,,3.0
University of Nevada Reno,100-b,1.0,Nevada NCAA,34.0,26.0,8.0,0.765,,4.0
University of New Hampshire,90-b,0.9,New Hampshire,31.0,16.0,15.0,0.516,,2.0
University of New Mexico,91-c,0.91,New Mexico NCAA,36.0,26.0,10.0,0.722,,5.0
University of New Orleans,83-c,0.83,New Orleans,33.0,10.0,23.0,0.303,,4.0
University of North Alabama,50-d,0.5,North Alabama,32.0,15.0,17.0,0.469,,4.0
University of North Carolina Asheville,73-c,0.73,UNC Asheville,34.0,22.0,12.0,0.647,,2.0
University of North Carolina Chapel Hill,82-c,0.82,North Carolina NCAA,37.0,29.0,8.0,0.784,,3.0
University of North Carolina Wilmington,83-c,0.83,UNC Wilmington,31.0,21.0,10.0,0.677,*,3.0
University of North Dakota,67-c,0.67,North Dakota,32.0,18.0,14.0,0.563,,1.0
University of North Florida,100-b,1.0,North Florida,32.0,16.0,16.0,0.5,,2.0
University of North Texas,92-c,0.92,North Texas,34.0,19.0,15.0,0.559,,4.0
University of Northern Colorado,86-b,0.86,Northern Colorado,33.0,19.0,14.0,0.576,,3.0
University of Northern Iowa,100-c,1.0,Northern Iowa,33.0,19.0,14.0,0.576,,4.0
University of Notre Dame,100-b,1.0,Notre Dame,33.0,13.0,20.0,0.394,,2.0
University of Oklahoma,86-c,0.86,Oklahoma,32.0,20.0,12.0,0.625,,2.0
University of Oregon,50-c,0.5,Oregon NCAA,36.0,24.0,12.0,0.667,,1.0
University of Pennsylvania,100-e,1.0,Pennsylvania,29.0,11.0,18.0,0.379,,4.0
University of Pittsburgh,88-b,0.88,Pittsburgh,33.0,22.0,11.0,0.667,,3.0
University of Portland,82-c,0.82,Portland,33.0,12.0,21.0,0.364,,4.0
University of Rhode Island,92-c,0.92,Rhode Island,32.0,12.0,20.0,0.375,,
University of Richmond,100-b,1.0,Richmond,33.0,23.0,10.0,0.697,,3.0
University of San Diego,100-c,1.0,San Diego,33.0,18.0,15.0,0.545,,2.0
University of San Francisco,100-c,1.0,San Francisco,34.0,23.0,11.0,0.676,,3.0
University of South Alabama,79-c,0.79,South Alabama,32.0,16.0,16.0,0.5,,1.0
University of South Carolina Columbia,75-b,0.75,South Carolina NCAA,34.0,26.0,8.0,0.765,,1.0
University of South Carolina Upstate,100-b,1.0,South Carolina Upstate,30.0,10.0,20.0,0.333,,3.0
University of South Dakota,100-b,1.0,South Dakota,32.0,12.0,20.0,0.375,,2.0
University of South Florida,92-c,0.92,South Florida,33.0,25.0,8.0,0.758,,3.0
University of Southern California,90-b,0.9,Southern California,33.0,15.0,18.0,0.455,,1.0
University of Tennessee at Chattanooga,77-c,0.77,Chattanooga,33.0,21.0,12.0,0.636,,4.0
University of Tennessee at Martin,91-c,0.91,Tennessee-Martin,32.0,21.0,11.0,0.656,,3.0
University of Tennessee Knoxville,100-b,1.0,Tennessee NCAA,36.0,27.0,9.0,0.75,,2.0
University of Texas at Arlington,100-c,1.0,UT Arlington,34.0,20.0,14.0,0.588,,3.0
University of Texas at Austin,64-c,0.64,Texas NCAA,34.0,21.0,13.0,0.618,,1.0
University of Texas at El Paso,80-b,0.8,UTEP,34.0,18.0,16.0,0.529,,2.0
University of Texas at San Antonio,81-d,0.81,UTSA,32.0,11.0,21.0,0.344,,3.0
University of the Incarnate Word,58-c,0.58,Incarnate Word,31.0,8.0,23.0,0.258,,3.0
University of the Pacific,69-d,0.69,Pacific,32.0,6.0,26.0,0.188,,2.0
University of Toledo,100-b,1.0,Toledo,32.0,20.0,12.0,0.625,,3.0
University of Utah,67-a,0.67,Vermont NCAA,35.0,28.0,7.0,0.8,,3.0
University of Vermont,100-c,1.0,Vermont NCAA,35.0,28.0,7.0,0.8,,3.0
University of Virginia,80-b,0.8,Virginia NCAA,34.0,23.0,11.0,0.676,,5.0
University of Washington,100-b,1.0,Washington,32.0,17.0,15.0,0.531,,4.0
University of Wisconsin-Green Bay,100-c,1.0,Green Bay,32.0,18.0,14.0,0.563,,5.0
University of Wisconsin-Madison,82-c,0.82,Wisconsin NCAA,36.0,22.0,14.0,0.611,,2.0
University of Wisconsin-Milwaukee,83-c,0.83,Milwaukee,35.0,20.0,15.0,0.571,,2.0
University of Wyoming,82-c,0.82,Wyoming,32.0,15.0,17.0,0.469,,1.0
Utah State University,73-c,0.73,Utah State NCAA,35.0,28.0,7.0,0.8,,2.0
Utah Valley University,92-c,0.92,Utah Valley,32.0,16.0,16.0,0.5,,4.0
Valparaiso University,86-c,0.86,Valparaiso,32.0,7.0,25.0,0.219,,4.0
Vanderbilt University,100-c,1.0,Vanderbilt,32.0,9.0,23.0,0.281,,3.0
Villanova University,100-b,1.0,Villanova,34.0,18.0,16.0,0.529,,4.0
Virginia Commonwealth University,100-c,1.0,Virginia Commonwealth,38.0,24.0,14.0,0.632,,2.0
Virginia Military Institute,100-b,1.0,VMI,32.0,4.0,28.0,0.125,,4.0
Virginia Polytechnic Institute and State University,100-b,1.0,Virginia Tech,34.0,19.0,15.0,0.559,,2.0
Wagner College,100-b,1.0,Wagner NCAA,33.0,17.0,16.0,0.515,,3.0
Wake Forest University,80-a,0.8,Wake Forest,35.0,21.0,14.0,0.6,,3.0
Washington State University,100-c,1.0,Washington State NCAA,35.0,25.0,10.0,0.714,,4.0
Weber State University,70-b,0.7,Weber State,32.0,20.0,12.0,0.625,,3.0
West Virginia University,100-c,1.0,West Virginia,32.0,9.0,23.0,0.281,,3.0
Western Carolina University,90-b,0.9,Western Carolina,32.0,22.0,10.0,0.688,,3.0
Western Illinois University,87-c,0.87,Western Illinois,33.0,21.0,12.0,0.636,,3.0
Western Kentucky University,69-c,0.69,Western Kentucky NCAA,34.0,22.0,12.0,0.647,,5.0
Western Michigan University,86-c,0.86,Western Michigan,32.0,12.0,20.0,0.375,,4.0
Wichita State University,60-b,0.6,Wichita State,34.0,15.0,19.0,0.441,,3.0
William & Mary,100-b,1.0,William & Mary,33.0,10.0,23.0,0.303,,
Winthrop University,82-c,0.82,Winthrop,32.0,17.0,15.0,0.531,,
Wofford College,91-c,0.91,Wofford,32.0,17.0,15.0,0.531,,
Wright State University,89-b,0.89,Wright State,32.0,18.0,14.0,0.563,,
Xavier University,70-b,0.7,Xavier,34.0,16.0,18.0,0.471,,
Yale University,100-d,1.0,Yale NCAA,33.0,23.0,10.0,0.697,,
Youngstown State University,82-c,0.82,Youngstown State,32.0,22.0,10.0,0.688,,
