School,Sport,Race,%N,2017-18,4-Class,GSR
Abilene Christian University,Baseball,,2017-18 4,-Class,GSR,
Abilene Christian University,Baseball,,,,,
Abilene Christian University,Baseball,Am. Ind./AN,-,-,-,
Abilene Christian University,Baseball,,,,,
Abilene Christian University,Baseball,Asian,-,-,-,
Abilene Christian University,Baseball,,,,,
Abilene Christian University,Baseball,Black,-,-,100-a,
Abilene Christian University,Baseball,,,,,
Abilene Christian University,Baseball,Hispanic,-,0-a,100-b,
Abilene Christian University,Baseball,,,,,
Abilene Christian University,Baseball,Nat. Haw./PI,-,0-a,-,
Abilene Christian University,Baseball,,,,,
Abilene Christian University,Baseball,US N-R,-,-,-,
Abilene Christian University,Baseball,,,,,
Abilene Christian University,Baseball,Two or More,-,-,-,
Abilene Christian University,Baseball,,,,,
Abilene Christian University,Baseball,Unknown,-,-,-,
Abilene Christian University,Baseball,,,,,
Abilene Christian University,Baseball,White,50-a,43-c,87-e,
Abilene Christian University,Baseball,,,,,
Abilene Christian University,Baseball,Total,50-a,35-d,91-e,
Abilene Christian University,Football,,2017-18 4,-Class,GSR,
Abilene Christian University,Football,,,,,
Abilene Christian University,Football,Am. Ind./AN,0-a,0-a,-,
Abilene Christian University,Football,,,,,
Abilene Christian University,Football,Asian,-,100-a,100-a,
Abilene Christian University,Football,,,,,
Abilene Christian University,Football,Black,71-b,42-e,69-e,
Abilene Christian University,Football,,,,,
Abilene Christian University,Football,Hispanic,-,100-a,100-a,
Abilene Christian University,Football,,,,,
Abilene Christian University,Football,Nat. Haw./PI,-,-,-,
Abilene Christian University,Football,,,,,
Abilene Christian University,Football,US N-R,-,-,-,
Abilene Christian University,Football,,,,,
Abilene Christian University,Football,Two or More,-,50-a,75-a,
Abilene Christian University,Football,,,,,
Abilene Christian University,Football,Unknown,-,-,-,
Abilene Christian University,Football,,,,,
Abilene Christian University,Football,White,63-b,60-e,87-e,
Abilene Christian University,Football,,,,,
Abilene Christian University,Football,Total,63-d,48-e,76-e,
Abilene Christian University,Men's Basketball,,2017-18 4,-Class,GSR,
Abilene Christian University,Men's Basketball,,,,,
Abilene Christian University,Men's Basketball,Am. Ind./AN,-,-,-,
Abilene Christian University,Men's Basketball,,,,,
Abilene Christian University,Men's Basketball,Asian,-,-,-,
Abilene Christian University,Men's Basketball,,,,,
Abilene Christian University,Men's Basketball,Black,-,88-b,100-b,
Abilene Christian University,Men's Basketball,,,,,
Abilene Christian University,Men's Basketball,Hispanic,-,0-a,-,
Abilene Christian University,Men's Basketball,,,,,
Abilene Christian University,Men's Basketball,Nat. Haw./PI,-,-,-,
Abilene Christian University,Men's Basketball,,,,,
Abilene Christian University,Men's Basketball,US N-R,100-a,100-a,100-a,
Abilene Christian University,Men's Basketball,,,,,
Abilene Christian University,Men's Basketball,Two or More,-,-,-,
Abilene Christian University,Men's Basketball,,,,,
Abilene Christian University,Men's Basketball,Unknown,-,-,-,
Abilene Christian University,Men's Basketball,,,,,
Abilene Christian University,Men's Basketball,White,-,100-a,100-a,
Abilene Christian University,Men's Basketball,,,,,
Abilene Christian University,Men's Basketball,Total,100-a,85-c,100-c,
Abilene Christian University,Men's Other,,2017-18 4,-Class,GSR,
Abilene Christian University,Men's Other,,,,,
Abilene Christian University,Men's Other,Am. Ind./AN,-,-,-,
Abilene Christian University,Men's Other,,,,,
Abilene Christian University,Men's Other,Asian,-,100-a,100-a,
Abilene Christian University,Men's Other,,,,,
Abilene Christian University,Men's Other,Black,-,-,-,
Abilene Christian University,Men's Other,,,,,
Abilene Christian University,Men's Other,Hispanic,100-a,100-a,100-a,
Abilene Christian University,Men's Other,,,,,
Abilene Christian University,Men's Other,Nat. Haw./PI,-,-,-,
Abilene Christian University,Men's Other,,,,,
Abilene Christian University,Men's Other,US N-R,-,-,-,
Abilene Christian University,Men's Other,,,,,
Abilene Christian University,Men's Other,Two or More,-,-,-,
Abilene Christian University,Men's Other,,,,,
Abilene Christian University,Men's Other,Unknown,-,-,-,
Abilene Christian University,Men's Other,,,,,
Abilene Christian University,Men's Other,White,100-a,100-c,100-d,
Abilene Christian University,Men's Other,,,,,
Abilene Christian University,Men's Other,Total,100-a,100-c,100-d,
Abilene Christian University,Men's CC/Track,,2017-18 4,-Class,GSR,
Abilene Christian University,Men's CC/Track,,,,,
Abilene Christian University,Men's CC/Track,Am. Ind./AN,-,-,-,
Abilene Christian University,Men's CC/Track,,,,,
Abilene Christian University,Men's CC/Track,Asian,-,-,-,
Abilene Christian University,Men's CC/Track,,,,,
Abilene Christian University,Men's CC/Track,Black,100-a,100-a,100-a,
Abilene Christian University,Men's CC/Track,,,,,
Abilene Christian University,Men's CC/Track,Hispanic,-,-,-,
Abilene Christian University,Men's CC/Track,,,,,
Abilene Christian University,Men's CC/Track,Nat. Haw./PI,-,-,-,
Abilene Christian University,Men's CC/Track,,,,,
Abilene Christian University,Men's CC/Track,US N-R,0-a,67-a,100-a,
Abilene Christian University,Men's CC/Track,,,,,
Abilene Christian University,Men's CC/Track,Two or More,-,-,-,
Abilene Christian University,Men's CC/Track,,,,,
Abilene Christian University,Men's CC/Track,Unknown,-,-,-,
Abilene Christian University,Men's CC/Track,,,,,
Abilene Christian University,Men's CC/Track,White,50-a,86-b,100-b,
Abilene Christian University,Men's CC/Track,,,,,
Abilene Christian University,Men's CC/Track,Total,50-a,85-c,100-c,
Abilene Christian University,Women's Basketball,Am. Ind./AN,-,-,-,
Abilene Christian University,Women's Basketball,,,,,
Abilene Christian University,Women's Basketball,Asian,-,-,-,
Abilene Christian University,Women's Basketball,,,,,
Abilene Christian University,Women's Basketball,Black,100-a,60-a,100-a,
Abilene Christian University,Women's Basketball,,,,,
Abilene Christian University,Women's Basketball,Hispanic,0-a,33-a,100-a,
Abilene Christian University,Women's Basketball,,,,,
Abilene Christian University,Women's Basketball,Nat. Haw./PI,-,-,-,
Abilene Christian University,Women's Basketball,,,,,
Abilene Christian University,Women's Basketball,US N-R,-,-,100-a,
Abilene Christian University,Women's Basketball,,,,,
Abilene Christian University,Women's Basketball,Two or More,-,100-a,100-a,
Abilene Christian University,Women's Basketball,,,,,
Abilene Christian University,Women's Basketball,Unknown,-,-,-,
Abilene Christian University,Women's Basketball,,,,,
Abilene Christian University,Women's Basketball,White,50-a,71-b,100-b,
Abilene Christian University,Women's Basketball,,,,,
Abilene Christian University,Women's Basketball,Total,60-a,63-d,100-c,
Abilene Christian University,Women's CC/Track,,%-N,,,
Abilene Christian University,Women's CC/Track,,,,,
Abilene Christian University,Women's CC/Track,,2017-18,4-Class,GSR,
Abilene Christian University,Women's CC/Track,,,,,
Abilene Christian University,Women's CC/Track,Am. Ind./AN,-,-,-,
Abilene Christian University,Women's CC/Track,,,,,
Abilene Christian University,Women's CC/Track,Asian,100-a,100-a,100-a,
Abilene Christian University,Women's CC/Track,,,,,
Abilene Christian University,Women's CC/Track,Black,60-a,75-b,100-b,
Abilene Christian University,Women's CC/Track,,,,,
Abilene Christian University,Women's CC/Track,Hispanic,-,40-a,100-a,
Abilene Christian University,Women's CC/Track,,,,,
Abilene Christian University,Women's CC/Track,Nat. Haw./PI,-,-,-,
Abilene Christian University,Women's CC/Track,,,,,
Abilene Christian University,Women's CC/Track,US N-R,-,100-a,100-a,
Abilene Christian University,Women's CC/Track,,,,,
Abilene Christian University,Women's CC/Track,Two or More,-,-,-,
Abilene Christian University,Women's CC/Track,,,,,
Abilene Christian University,Women's CC/Track,Unknown,-,-,-,
Abilene Christian University,Women's CC/Track,,,,,
Abilene Christian University,Women's CC/Track,White,57-b,54-c,88-b,
Abilene Christian University,Women's CC/Track,,,,,
Abilene Christian University,Women's CC/Track,Total,62-c,62-e,95-d,
Abilene Christian University,Women's Other,,2017-18,4-Class,GSR,
Abilene Christian University,Women's Other,,,,,
Abilene Christian University,Women's Other,Am. Ind./AN,-,0-a,-,
Abilene Christian University,Women's Other,,,,,
Abilene Christian University,Women's Other,Asian,-,-,-,
Abilene Christian University,Women's Other,,,,,
Abilene Christian University,Women's Other,Black,50-a,80-a,100-a,
Abilene Christian University,Women's Other,,,,,
Abilene Christian University,Women's Other,Hispanic,100-a,89-b,100-b,
Abilene Christian University,Women's Other,,,,,
Abilene Christian University,Women's Other,Nat. Haw./PI,-,-,-,
Abilene Christian University,Women's Other,,,,,
Abilene Christian University,Women's Other,US N-R,100-a,100-a,100-a,
Abilene Christian University,Women's Other,,,,,
Abilene Christian University,Women's Other,Two or More,-,-,-,
Abilene Christian University,Women's Other,,,,,
Abilene Christian University,Women's Other,Unknown,-,-,-,
Abilene Christian University,Women's Other,,,,,
Abilene Christian University,Women's Other,White,100-b,82-e,95-e,
Abilene Christian University,Women's Other,,,,,
Abilene Christian University,Women's Other,Total,94-d,83-e,97-e,
Alabama A&M University,Baseball,,2017-18 4,-Class,GSR,
Alabama A&M University,Baseball,,,,,
Alabama A&M University,Baseball,Am. Ind./AN,-,-,-,
Alabama A&M University,Baseball,,,,,
Alabama A&M University,Baseball,Asian,-,-,100-a,
Alabama A&M University,Baseball,,,,,
Alabama A&M University,Baseball,Black,50-a,43-b,71-b,
Alabama A&M University,Baseball,,,,,
Alabama A&M University,Baseball,Hispanic,67-a,63-b,86-b,
Alabama A&M University,Baseball,,,,,
Alabama A&M University,Baseball,Nat. Haw./PI,-,-,-,
Alabama A&M University,Baseball,,,,,
Alabama A&M University,Baseball,US N-R,-,-,-,
Alabama A&M University,Baseball,,,,,
Alabama A&M University,Baseball,Two or More,-,-,-,
Alabama A&M University,Baseball,,,,,
Alabama A&M University,Baseball,Unknown,-,-,100-a,
Alabama A&M University,Baseball,,,,,
Alabama A&M University,Baseball,White,0-a,14-b,60-a,
Alabama A&M University,Baseball,,,,,
Alabama A&M University,Baseball,Total,43-b,41-e,76-e,
Alabama A&M University,Football,,2017-18 4,-Class,GSR,
Alabama A&M University,Football,,,,,
Alabama A&M University,Football,Am. Ind./AN,-,-,-,
Alabama A&M University,Football,,,,,
Alabama A&M University,Football,Asian,-,-,-,
Alabama A&M University,Football,,,,,
Alabama A&M University,Football,Black,63-b,54-e,64-e,
Alabama A&M University,Football,,,,,
Alabama A&M University,Football,Hispanic,-,50-a,100-a,
Alabama A&M University,Football,,,,,
Alabama A&M University,Football,Nat. Haw./PI,-,0-a,0-a,
Alabama A&M University,Football,,,,,
Alabama A&M University,Football,US N-R,-,-,100-a,
Alabama A&M University,Football,,,,,
Alabama A&M University,Football,Two or More,-,100-a,100-a,
Alabama A&M University,Football,,,,,
Alabama A&M University,Football,Unknown,0-a,0-a,0-a,
Alabama A&M University,Football,,,,,
Alabama A&M University,Football,White,25-a,38-b,63-b,
Alabama A&M University,Football,,,,,
Alabama A&M University,Football,Total,46-c,52-e,65-e,
Alabama A&M University,Men's Basketball,,2017-18 4,-Class,GSR,
Alabama A&M University,Men's Basketball,,,,,
Alabama A&M University,Men's Basketball,Am. Ind./AN,-,-,-,
Alabama A&M University,Men's Basketball,,,,,
Alabama A&M University,Men's Basketball,Asian,-,-,-,
Alabama A&M University,Men's Basketball,,,,,
Alabama A&M University,Men's Basketball,Black,0-a,17-b,71-b,
Alabama A&M University,Men's Basketball,,,,,
Alabama A&M University,Men's Basketball,Hispanic,-,-,-,
Alabama A&M University,Men's Basketball,,,,,
Alabama A&M University,Men's Basketball,Nat. Haw./PI,-,-,-,
Alabama A&M University,Men's Basketball,,,,,
Alabama A&M University,Men's Basketball,US N-R,-,-,-,
Alabama A&M University,Men's Basketball,,,,,
Alabama A&M University,Men's Basketball,Two or More,-,-,-,
Alabama A&M University,Men's Basketball,,,,,
Alabama A&M University,Men's Basketball,Unknown,-,-,-,
Alabama A&M University,Men's Basketball,,,,,
Alabama A&M University,Men's Basketball,White,-,-,-,
Alabama A&M University,Men's Basketball,,,,,
Alabama A&M University,Men's Basketball,Total,0-a,17-b,71-b,
Alabama A&M University,Men's Other,,2017-18 4,-Class,GSR,
Alabama A&M University,Men's Other,,,,,
Alabama A&M University,Men's Other,Am. Ind./AN,-,-,-,
Alabama A&M University,Men's Other,,,,,
Alabama A&M University,Men's Other,Asian,-,-,100-a,
Alabama A&M University,Men's Other,,,,,
Alabama A&M University,Men's Other,Black,100-a,33-a,50-a,
Alabama A&M University,Men's Other,,,,,
Alabama A&M University,Men's Other,Hispanic,-,50-a,100-a,
Alabama A&M University,Men's Other,,,,,
Alabama A&M University,Men's Other,Nat. Haw./PI,-,-,-,
Alabama A&M University,Men's Other,,,,,
Alabama A&M University,Men's Other,US N-R,100-a,100-a,100-a,
Alabama A&M University,Men's Other,,,,,
Alabama A&M University,Men's Other,Two or More,-,0-a,0-a,
Alabama A&M University,Men's Other,,,,,
Alabama A&M University,Men's Other,Unknown,-,-,-,
Alabama A&M University,Men's Other,,,,,
Alabama A&M University,Men's Other,White,-,-,-,
Alabama A&M University,Men's Other,,,,,
Alabama A&M University,Men's Other,Total,100-a,50-b,78-b,
Alabama A&M University,Men's CC/Track,,2017-18 4,-Class,GSR,
Alabama A&M University,Men's CC/Track,,,,,
Alabama A&M University,Men's CC/Track,Am. Ind./AN,-,-,-,
Alabama A&M University,Men's CC/Track,,,,,
Alabama A&M University,Men's CC/Track,Asian,-,-,-,
Alabama A&M University,Men's CC/Track,,,,,
Alabama A&M University,Men's CC/Track,Black,33-b,20-d,44-b,
Alabama A&M University,Men's CC/Track,,,,,
Alabama A&M University,Men's CC/Track,Hispanic,-,-,-,
Alabama A&M University,Men's CC/Track,,,,,
Alabama A&M University,Men's CC/Track,Nat. Haw./PI,-,-,-,
Alabama A&M University,Men's CC/Track,,,,,
Alabama A&M University,Men's CC/Track,US N-R,-,-,-,
Alabama A&M University,Men's CC/Track,,,,,
Alabama A&M University,Men's CC/Track,Two or More,-,-,-,
Alabama A&M University,Men's CC/Track,,,,,
Alabama A&M University,Men's CC/Track,Unknown,-,-,100-a,
Alabama A&M University,Men's CC/Track,,,,,
Alabama A&M University,Men's CC/Track,White,0-a,0-a,-,
Alabama A&M University,Men's CC/Track,,,,,
Alabama A&M University,Men's CC/Track,Total,29-b,19-e,50-b,
Alabama A&M University,Women's Basketball,Am. Ind./AN,-,-,-,
Alabama A&M University,Women's Basketball,,,,,
Alabama A&M University,Women's Basketball,Asian,-,-,-,
Alabama A&M University,Women's Basketball,,,,,
Alabama A&M University,Women's Basketball,Black,83-b,50-d,77-c,
Alabama A&M University,Women's Basketball,,,,,
Alabama A&M University,Women's Basketball,Hispanic,-,-,-,
Alabama A&M University,Women's Basketball,,,,,
Alabama A&M University,Women's Basketball,Nat. Haw./PI,-,-,-,
Alabama A&M University,Women's Basketball,,,,,
Alabama A&M University,Women's Basketball,US N-R,-,-,-,
Alabama A&M University,Women's Basketball,,,,,
Alabama A&M University,Women's Basketball,Two or More,100-a,100-a,100-a,
Alabama A&M University,Women's Basketball,,,,,
Alabama A&M University,Women's Basketball,Unknown,-,-,-,
Alabama A&M University,Women's Basketball,,,,,
Alabama A&M University,Women's Basketball,White,100-a,100-a,100-a,
Alabama A&M University,Women's Basketball,,,,,
Alabama A&M University,Women's Basketball,Total,88-b,55-d,80-c,
Alabama A&M University,Women's CC/Track,,%-N,,,
Alabama A&M University,Women's CC/Track,,,,,
Alabama A&M University,Women's CC/Track,,2017-18,4-Class,GSR,
Alabama A&M University,Women's CC/Track,,,,,
Alabama A&M University,Women's CC/Track,Am. Ind./AN,-,-,-,
Alabama A&M University,Women's CC/Track,,,,,
Alabama A&M University,Women's CC/Track,Asian,-,-,-,
Alabama A&M University,Women's CC/Track,,,,,
Alabama A&M University,Women's CC/Track,Black,58-c,58-e,88-e,
Alabama A&M University,Women's CC/Track,,,,,
Alabama A&M University,Women's CC/Track,Hispanic,-,-,-,
Alabama A&M University,Women's CC/Track,,,,,
Alabama A&M University,Women's CC/Track,Nat. Haw./PI,-,-,-,
Alabama A&M University,Women's CC/Track,,,,,
Alabama A&M University,Women's CC/Track,US N-R,-,-,-,
Alabama A&M University,Women's CC/Track,,,,,
Alabama A&M University,Women's CC/Track,Two or More,-,-,-,
Alabama A&M University,Women's CC/Track,,,,,
Alabama A&M University,Women's CC/Track,Unknown,-,-,-,
Alabama A&M University,Women's CC/Track,,,,,
Alabama A&M University,Women's CC/Track,White,-,-,-,
Alabama A&M University,Women's CC/Track,,,,,
Alabama A&M University,Women's CC/Track,Total,58-c,58-e,88-e,
Alabama A&M University,Women's Other,,2017-18,4-Class,GSR,
Alabama A&M University,Women's Other,,,,,
Alabama A&M University,Women's Other,Am. Ind./AN,-,-,-,
Alabama A&M University,Women's Other,,,,,
Alabama A&M University,Women's Other,Asian,-,100-a,100-a,
Alabama A&M University,Women's Other,,,,,
Alabama A&M University,Women's Other,Black,60-b,67-e,97-e,
Alabama A&M University,Women's Other,,,,,
Alabama A&M University,Women's Other,Hispanic,50-a,38-b,60-a,
Alabama A&M University,Women's Other,,,,,
Alabama A&M University,Women's Other,Nat. Haw./PI,100-a,100-a,100-a,
Alabama A&M University,Women's Other,,,,,
Alabama A&M University,Women's Other,US N-R,-,0-a,100-a,
Alabama A&M University,Women's Other,,,,,
Alabama A&M University,Women's Other,Two or More,-,80-a,80-a,
Alabama A&M University,Women's Other,,,,,
Alabama A&M University,Women's Other,Unknown,0-b,0-b,-,
Alabama A&M University,Women's Other,,,,,
Alabama A&M University,Women's Other,White,50-a,44-b,88-b,
Alabama A&M University,Women's Other,,,,,
Alabama A&M University,Women's Other,Total,43-e,57-e,92-e,
Alabama State University,Baseball,,2017-18 4,-Class,GSR,
Alabama State University,Baseball,,,,,
Alabama State University,Baseball,Am. Ind./AN,-,-,-,
Alabama State University,Baseball,,,,,
Alabama State University,Baseball,Asian,-,-,-,
Alabama State University,Baseball,,,,,
Alabama State University,Baseball,Black,67-a,57-b,75-b,
Alabama State University,Baseball,,,,,
Alabama State University,Baseball,Hispanic,100-a,75-b,89-b,
Alabama State University,Baseball,,,,,
Alabama State University,Baseball,Nat. Haw./PI,0-a,0-a,-,
Alabama State University,Baseball,,,,,
Alabama State University,Baseball,US N-R,-,-,-,
Alabama State University,Baseball,,,,,
Alabama State University,Baseball,Two or More,-,100-a,50-a,
Alabama State University,Baseball,,,,,
Alabama State University,Baseball,Unknown,-,-,-,
Alabama State University,Baseball,,,,,
Alabama State University,Baseball,White,0-a,20-a,67-a,
Alabama State University,Baseball,,,,,
Alabama State University,Baseball,Total,50-b,55-e,77-e,
Alabama State University,Football,,2017-18 4,-Class,GSR,
Alabama State University,Football,,,,,
Alabama State University,Football,Am. Ind./AN,-,-,-,
Alabama State University,Football,,,,,
Alabama State University,Football,Asian,-,-,-,
Alabama State University,Football,,,,,
Alabama State University,Football,Black,29-b,47-e,66-e,
Alabama State University,Football,,,,,
Alabama State University,Football,Hispanic,-,100-a,100-a,
Alabama State University,Football,,,,,
Alabama State University,Football,Nat. Haw./PI,-,-,-,
Alabama State University,Football,,,,,
Alabama State University,Football,US N-R,-,-,-,
Alabama State University,Football,,,,,
Alabama State University,Football,Two or More,-,-,100-a,
Alabama State University,Football,,,,,
Alabama State University,Football,Unknown,-,-,-,
Alabama State University,Football,,,,,
Alabama State University,Football,White,100-a,20-a,67-a,
Alabama State University,Football,,,,,
Alabama State University,Football,Total,38-b,45-e,67-e,
Alabama State University,Men's Basketball,Am. Ind./AN,-,-,100-a,
Alabama State University,Men's Basketball,,,,,
Alabama State University,Men's Basketball,Asian,-,-,-,
Alabama State University,Men's Basketball,,,,,
Alabama State University,Men's Basketball,Black,50-a,80-a,63-d,
Alabama State University,Men's Basketball,,,,,
Alabama State University,Men's Basketball,Hispanic,-,-,100-a,
Alabama State University,Men's Basketball,,,,,
Alabama State University,Men's Basketball,Nat. Haw./PI,-,-,-,
Alabama State University,Men's Basketball,,,,,
Alabama State University,Men's Basketball,US N-R,-,-,-,
Alabama State University,Men's Basketball,,,,,
Alabama State University,Men's Basketball,Two or More,-,-,-,
Alabama State University,Men's Basketball,,,,,
Alabama State University,Men's Basketball,Unknown,-,100-a,100-a,
Alabama State University,Men's Basketball,,,,,
Alabama State University,Men's Basketball,White,-,-,-,
Alabama State University,Men's Basketball,,,,,
Alabama State University,Men's Basketball,Total,50-a,83-b,68-d,
Alabama State University,Men's Other,Am. Ind./AN,-,-,-,
Alabama State University,Men's Other,,,,,
Alabama State University,Men's Other,Asian,100-a,100-a,100-a,
Alabama State University,Men's Other,,,,,
Alabama State University,Men's Other,Black,-,0-a,50-a,
Alabama State University,Men's Other,,,,,
Alabama State University,Men's Other,Hispanic,-,-,-,
Alabama State University,Men's Other,,,,,
Alabama State University,Men's Other,Nat. Haw./PI,-,-,-,
Alabama State University,Men's Other,,,,,
Alabama State University,Men's Other,US N-R,67-a,38-b,100-a,
Alabama State University,Men's Other,,,,,
Alabama State University,Men's Other,Two or More,-,0-a,-,
Alabama State University,Men's Other,,,,,
Alabama State University,Men's Other,Unknown,-,-,-,
Alabama State University,Men's Other,,,,,
Alabama State University,Men's Other,White,-,-,-,
Alabama State University,Men's Other,,,,,
Alabama State University,Men's Other,Total,75-a,31-c,86-b,
Alabama State University,Men's CC/Track,,2017-18 4,-Class,GSR,
Alabama State University,Men's CC/Track,,,,,
Alabama State University,Men's CC/Track,Am. Ind./AN,-,-,-,
Alabama State University,Men's CC/Track,,,,,
Alabama State University,Men's CC/Track,Asian,-,-,100-a,
Alabama State University,Men's CC/Track,,,,,
Alabama State University,Men's CC/Track,Black,100-a,91-c,92-c,
Alabama State University,Men's CC/Track,,,,,
Alabama State University,Men's CC/Track,Hispanic,-,-,-,
Alabama State University,Men's CC/Track,,,,,
Alabama State University,Men's CC/Track,Nat. Haw./PI,-,-,-,
Alabama State University,Men's CC/Track,,,,,
Alabama State University,Men's CC/Track,US N-R,-,-,100-a,
Alabama State University,Men's CC/Track,,,,,
Alabama State University,Men's CC/Track,Two or More,-,0-a,100-a,
Alabama State University,Men's CC/Track,,,,,
Alabama State University,Men's CC/Track,Unknown,-,-,-,
Alabama State University,Men's CC/Track,,,,,
Alabama State University,Men's CC/Track,White,-,-,-,
Alabama State University,Men's CC/Track,,,,,
Alabama State University,Men's CC/Track,Total,100-a,83-c,94-d,
Alabama State University,Women's Basketball,201,7-18 4-,Class,GSR,
Alabama State University,Women's Basketball,,,,,
Alabama State University,Women's Basketball,Am. Ind./AN,-,-,-,
Alabama State University,Women's Basketball,,,,,
Alabama State University,Women's Basketball,Asian,-,-,-,
Alabama State University,Women's Basketball,,,,,
Alabama State University,Women's Basketball,Black,40-a,58-d,88-d,
Alabama State University,Women's Basketball,,,,,
Alabama State University,Women's Basketball,Hispanic,-,-,-,
Alabama State University,Women's Basketball,,,,,
Alabama State University,Women's Basketball,Nat. Haw./PI,-,-,-,
Alabama State University,Women's Basketball,,,,,
Alabama State University,Women's Basketball,US N-R,-,-,-,
Alabama State University,Women's Basketball,,,,,
Alabama State University,Women's Basketball,Two or More,-,-,-,
Alabama State University,Women's Basketball,,,,,
Alabama State University,Women's Basketball,Unknown,-,-,-,
Alabama State University,Women's Basketball,,,,,
Alabama State University,Women's Basketball,White,-,-,-,
Alabama State University,Women's Basketball,,,,,
Alabama State University,Women's Basketball,Total,40-a,58-d,88-d,
Alabama State University,Women's CC/Track,,%-N,,,
Alabama State University,Women's CC/Track,,,,,
Alabama State University,Women's CC/Track,,2017-18,4-Class,GSR,
Alabama State University,Women's CC/Track,,,,,
Alabama State University,Women's CC/Track,Am. Ind./AN,-,-,-,
Alabama State University,Women's CC/Track,,,,,
Alabama State University,Women's CC/Track,Asian,-,-,-,
Alabama State University,Women's CC/Track,,,,,
Alabama State University,Women's CC/Track,Black,75-a,74-d,77-e,
Alabama State University,Women's CC/Track,,,,,
Alabama State University,Women's CC/Track,Hispanic,-,-,-,
Alabama State University,Women's CC/Track,,,,,
Alabama State University,Women's CC/Track,Nat. Haw./PI,-,-,-,
Alabama State University,Women's CC/Track,,,,,
Alabama State University,Women's CC/Track,US N-R,-,-,100-a,
Alabama State University,Women's CC/Track,,,,,
Alabama State University,Women's CC/Track,Two or More,-,-,-,
Alabama State University,Women's CC/Track,,,,,
Alabama State University,Women's CC/Track,Unknown,-,-,-,
Alabama State University,Women's CC/Track,,,,,
Alabama State University,Women's CC/Track,White,-,-,-,
Alabama State University,Women's CC/Track,,,,,
Alabama State University,Women's CC/Track,Total,75-a,74-d,78-e,
Alabama State University,Women's Other,,2017-18,4-Class,GSR,
Alabama State University,Women's Other,,,,,
Alabama State University,Women's Other,Am. Ind./AN,-,-,-,
Alabama State University,Women's Other,,,,,
Alabama State University,Women's Other,Asian,-,-,100-a,
Alabama State University,Women's Other,,,,,
Alabama State University,Women's Other,Black,75-b,67-e,90-e,
Alabama State University,Women's Other,,,,,
Alabama State University,Women's Other,Hispanic,-,63-b,83-b,
Alabama State University,Women's Other,,,,,
Alabama State University,Women's Other,Nat. Haw./PI,-,100-a,100-a,
Alabama State University,Women's Other,,,,,
Alabama State University,Women's Other,US N-R,100-a,50-b,100-b,
Alabama State University,Women's Other,,,,,
Alabama State University,Women's Other,Two or More,0-a,67-a,67-a,
Alabama State University,Women's Other,,,,,
Alabama State University,Women's Other,Unknown,-,0-a,-,
Alabama State University,Women's Other,,,,,
Alabama State University,Women's Other,White,33-b,45-d,86-e,
Alabama State University,Women's Other,,,,,
Alabama State University,Women's Other,Total,56-d,57-e,89-e,
Alcorn State University,Baseball,,2017-18 4,-Class,GSR,
Alcorn State University,Baseball,,,,,
Alcorn State University,Baseball,Am. Ind./AN,-,-,-,
Alcorn State University,Baseball,,,,,
Alcorn State University,Baseball,Asian,-,-,-,
Alcorn State University,Baseball,,,,,
Alcorn State University,Baseball,Black,50-a,80-a,100-b,
Alcorn State University,Baseball,,,,,
Alcorn State University,Baseball,Hispanic,-,33-b,100-a,
Alcorn State University,Baseball,,,,,
Alcorn State University,Baseball,Nat. Haw./PI,-,-,-,
Alcorn State University,Baseball,,,,,
Alcorn State University,Baseball,US N-R,-,-,-,
Alcorn State University,Baseball,,,,,
Alcorn State University,Baseball,Two or More,-,100-a,100-a,
Alcorn State University,Baseball,,,,,
Alcorn State University,Baseball,Unknown,-,-,-,
Alcorn State University,Baseball,,,,,
Alcorn State University,Baseball,White,-,0-a,100-a,
Alcorn State University,Baseball,,,,,
Alcorn State University,Baseball,Total,50-a,54-c,100-d,
Alcorn State University,Football,,2017-18 4,-Class,GSR,
Alcorn State University,Football,,,,,
Alcorn State University,Football,Am. Ind./AN,-,-,-,
Alcorn State University,Football,,,,,
Alcorn State University,Football,Asian,-,-,-,
Alcorn State University,Football,,,,,
Alcorn State University,Football,Black,78-b,73-e,82-e,
Alcorn State University,Football,,,,,
Alcorn State University,Football,Hispanic,-,-,-,
Alcorn State University,Football,,,,,
Alcorn State University,Football,Nat. Haw./PI,-,-,-,
Alcorn State University,Football,,,,,
Alcorn State University,Football,US N-R,-,-,-,
Alcorn State University,Football,,,,,
Alcorn State University,Football,Two or More,-,-,-,
Alcorn State University,Football,,,,,
Alcorn State University,Football,Unknown,-,-,-,
Alcorn State University,Football,,,,,
Alcorn State University,Football,White,-,100-a,100-a,
Alcorn State University,Football,,,,,
Alcorn State University,Football,Total,78-b,74-e,83-e,
Alcorn State University,Men's Basketball,,2017-18 4,-Class,GSR,
Alcorn State University,Men's Basketball,,,,,
Alcorn State University,Men's Basketball,Am. Ind./AN,-,-,-,
Alcorn State University,Men's Basketball,,,,,
Alcorn State University,Men's Basketball,Asian,-,-,-,
Alcorn State University,Men's Basketball,,,,,
Alcorn State University,Men's Basketball,Black,100-a,56-b,63-d,
Alcorn State University,Men's Basketball,,,,,
Alcorn State University,Men's Basketball,Hispanic,-,-,-,
Alcorn State University,Men's Basketball,,,,,
Alcorn State University,Men's Basketball,Nat. Haw./PI,-,-,-,
Alcorn State University,Men's Basketball,,,,,
Alcorn State University,Men's Basketball,US N-R,-,-,-,
Alcorn State University,Men's Basketball,,,,,
Alcorn State University,Men's Basketball,Two or More,-,-,-,
Alcorn State University,Men's Basketball,,,,,
Alcorn State University,Men's Basketball,Unknown,-,-,-,
Alcorn State University,Men's Basketball,,,,,
Alcorn State University,Men's Basketball,White,-,0-a,0-a,
Alcorn State University,Men's Basketball,,,,,
Alcorn State University,Men's Basketball,Total,100-a,50-b,59-d,
Alcorn State University,Men's Other,,2017-18 4,-Class,GSR,
Alcorn State University,Men's Other,,,,,
Alcorn State University,Men's Other,Am. Ind./AN,-,-,-,
Alcorn State University,Men's Other,,,,,
Alcorn State University,Men's Other,Asian,-,-,-,
Alcorn State University,Men's Other,,,,,
Alcorn State University,Men's Other,Black,-,50-a,-,
Alcorn State University,Men's Other,,,,,
Alcorn State University,Men's Other,Hispanic,-,0-a,-,
Alcorn State University,Men's Other,,,,,
Alcorn State University,Men's Other,Nat. Haw./PI,-,-,-,
Alcorn State University,Men's Other,,,,,
Alcorn State University,Men's Other,US N-R,-,50-a,100-a,
Alcorn State University,Men's Other,,,,,
Alcorn State University,Men's Other,Two or More,-,0-a,-,
Alcorn State University,Men's Other,,,,,
Alcorn State University,Men's Other,Unknown,-,-,-,
Alcorn State University,Men's Other,,,,,
Alcorn State University,Men's Other,White,0-a,0-a,100-a,
Alcorn State University,Men's Other,,,,,
Alcorn State University,Men's Other,Total,0-a,22-b,100-a,
Alcorn State University,Men's CC/Track,,2017-18 4,-Class,GSR,
Alcorn State University,Men's CC/Track,,,,,
Alcorn State University,Men's CC/Track,Am. Ind./AN,-,-,-,
Alcorn State University,Men's CC/Track,,,,,
Alcorn State University,Men's CC/Track,Asian,-,-,-,
Alcorn State University,Men's CC/Track,,,,,
Alcorn State University,Men's CC/Track,Black,50-a,45-c,80-b,
Alcorn State University,Men's CC/Track,,,,,
Alcorn State University,Men's CC/Track,Hispanic,-,-,-,
Alcorn State University,Men's CC/Track,,,,,
Alcorn State University,Men's CC/Track,Nat. Haw./PI,-,-,-,
Alcorn State University,Men's CC/Track,,,,,
Alcorn State University,Men's CC/Track,US N-R,-,-,-,
Alcorn State University,Men's CC/Track,,,,,
Alcorn State University,Men's CC/Track,Two or More,-,-,-,
Alcorn State University,Men's CC/Track,,,,,
Alcorn State University,Men's CC/Track,Unknown,-,-,-,
Alcorn State University,Men's CC/Track,,,,,
Alcorn State University,Men's CC/Track,White,-,-,-,
Alcorn State University,Men's CC/Track,,,,,
Alcorn State University,Men's CC/Track,Total,50-a,45-c,80-b,
Alcorn State University,Women's Basketball,201,7-18 4-,Class,GSR,
Alcorn State University,Women's Basketball,,,,,
Alcorn State University,Women's Basketball,Am. Ind./AN,-,-,-,
Alcorn State University,Women's Basketball,,,,,
Alcorn State University,Women's Basketball,Asian,-,-,-,
Alcorn State University,Women's Basketball,,,,,
Alcorn State University,Women's Basketball,Black,50-a,45-c,72-d,
Alcorn State University,Women's Basketball,,,,,
Alcorn State University,Women's Basketball,Hispanic,-,-,-,
Alcorn State University,Women's Basketball,,,,,
Alcorn State University,Women's Basketball,Nat. Haw./PI,-,-,-,
Alcorn State University,Women's Basketball,,,,,
Alcorn State University,Women's Basketball,US N-R,-,-,-,
Alcorn State University,Women's Basketball,,,,,
Alcorn State University,Women's Basketball,Two or More,-,-,-,
Alcorn State University,Women's Basketball,,,,,
Alcorn State University,Women's Basketball,Unknown,-,-,-,
Alcorn State University,Women's Basketball,,,,,
Alcorn State University,Women's Basketball,White,-,-,-,
Alcorn State University,Women's Basketball,,,,,
Alcorn State University,Women's Basketball,Total,50-a,45-c,72-d,
Alcorn State University,Women's CC/Track,,%-N,,,
Alcorn State University,Women's CC/Track,,,,,
Alcorn State University,Women's CC/Track,,2017-18,4-Class,GSR,
Alcorn State University,Women's CC/Track,,,,,
Alcorn State University,Women's CC/Track,Am. Ind./AN,-,-,-,
Alcorn State University,Women's CC/Track,,,,,
Alcorn State University,Women's CC/Track,Asian,-,-,-,
Alcorn State University,Women's CC/Track,,,,,
Alcorn State University,Women's CC/Track,Black,83-b,78-e,79-e,
Alcorn State University,Women's CC/Track,,,,,
Alcorn State University,Women's CC/Track,Hispanic,-,-,-,
Alcorn State University,Women's CC/Track,,,,,
Alcorn State University,Women's CC/Track,Nat. Haw./PI,-,-,-,
Alcorn State University,Women's CC/Track,,,,,
Alcorn State University,Women's CC/Track,US N-R,-,-,-,
Alcorn State University,Women's CC/Track,,,,,
Alcorn State University,Women's CC/Track,Two or More,-,-,-,
Alcorn State University,Women's CC/Track,,,,,
Alcorn State University,Women's CC/Track,Unknown,-,0-a,-,
Alcorn State University,Women's CC/Track,,,,,
Alcorn State University,Women's CC/Track,White,-,-,-,
Alcorn State University,Women's CC/Track,,,,,
Alcorn State University,Women's CC/Track,Total,83-b,75-e,79-e,
Alcorn State University,Women's Other,,2017-18,4-Class,GSR,
Alcorn State University,Women's Other,,,,,
Alcorn State University,Women's Other,Am. Ind./AN,-,-,-,
Alcorn State University,Women's Other,,,,,
Alcorn State University,Women's Other,Asian,-,-,-,
Alcorn State University,Women's Other,,,,,
Alcorn State University,Women's Other,Black,81-d,79-e,93-e,
Alcorn State University,Women's Other,,,,,
Alcorn State University,Women's Other,Hispanic,100-a,63-b,89-b,
Alcorn State University,Women's Other,,,,,
Alcorn State University,Women's Other,Nat. Haw./PI,100-a,100-a,100-a,
Alcorn State University,Women's Other,,,,,
Alcorn State University,Women's Other,US N-R,-,25-a,50-a,
Alcorn State University,Women's Other,,,,,
Alcorn State University,Women's Other,Two or More,-,67-a,100-a,
Alcorn State University,Women's Other,,,,,
Alcorn State University,Women's Other,Unknown,100-a,75-a,100-a,
Alcorn State University,Women's Other,,,,,
Alcorn State University,Women's Other,White,0-a,20-b,54-c,
Alcorn State University,Women's Other,,,,,
Alcorn State University,Women's Other,Total,80-d,62-e,83-e,
American University,Baseball,,2017-18 4-C,lassG,,
American University,Baseball,,,,,
American University,Baseball,Am. Ind./AN,-,-,,
American University,Baseball,,,,,
American University,Baseball,Asian,-,-,,
American University,Baseball,,,,,
American University,Baseball,Black,-,-,,
American University,Baseball,,,,,
American University,Baseball,Hispanic,-,-,,
American University,Baseball,,,,,
American University,Baseball,Nat. Haw./PI,-,-,,
American University,Baseball,,,,,
American University,Baseball,US N-R,-,-,,
American University,Baseball,,,,,
American University,Baseball,Two or More,-,-,,
American University,Baseball,,,,,
American University,Baseball,Unknown,-,-,,
American University,Baseball,,,,,
American University,Baseball,White,-,-,,
American University,Baseball,,,,,
American University,Baseball,Total,-,-,,
American University,Football,,%-N,,,
American University,Football,,,,,
American University,Football,,2017-18 4-C,lassG,,
American University,Football,,,,,
American University,Football,Am. Ind./AN,-,-,,
American University,Football,,,,,
American University,Football,Asian,-,-,,
American University,Football,,,,,
American University,Football,Black,-,-,,
American University,Football,,,,,
American University,Football,Hispanic,-,-,,
American University,Football,,,,,
American University,Football,Nat. Haw./PI,-,-,,
American University,Football,,,,,
American University,Football,US N-R,-,-,,
American University,Football,,,,,
American University,Football,Two or More,-,-,,
American University,Football,,,,,
American University,Football,Unknown,-,-,,
American University,Football,,,,,
American University,Football,White,-,-,,
American University,Football,,,,,
American University,Football,Total,-,-,,
American University,Men's Basketball,Am. Ind./AN,-,-,-,
American University,Men's Basketball,,,,,
American University,Men's Basketball,Asian,-,-,-,
American University,Men's Basketball,,,,,
American University,Men's Basketball,Black,100-a,60-a,80-a,
American University,Men's Basketball,,,,,
American University,Men's Basketball,Hispanic,-,0-a,-,
American University,Men's Basketball,,,,,
American University,Men's Basketball,Nat. Haw./PI,-,-,-,
American University,Men's Basketball,,,,,
American University,Men's Basketball,US N-R,0-a,0-a,50-a,
American University,Men's Basketball,,,,,
American University,Men's Basketball,Two or More,-,-,-,
American University,Men's Basketball,,,,,
American University,Men's Basketball,Unknown,-,-,-,
American University,Men's Basketball,,,,,
American University,Men's Basketball,White,33-a,40-a,100-a,
American University,Men's Basketball,,,,,
American University,Men's Basketball,Total,50-b,38-c,82-c,
American University,Men's Other,Am. Ind./AN,-,-,-,
American University,Men's Other,,,,,
American University,Men's Other,Asian,0-a,50-a,50-a,
American University,Men's Other,,,,,
American University,Men's Other,Black,-,100-a,50-a,
American University,Men's Other,,,,,
American University,Men's Other,Hispanic,100-a,100-a,100-a,
American University,Men's Other,,,,,
American University,Men's Other,Nat. Haw./PI,-,-,-,
American University,Men's Other,,,,,
American University,Men's Other,US N-R,100-a,67-b,100-b,
American University,Men's Other,,,,,
American University,Men's Other,Two or More,-,-,100-a,
American University,Men's Other,,,,,
American University,Men's Other,Unknown,-,-,-,
American University,Men's Other,,,,,
American University,Men's Other,White,67-a,61-d,96-e,
American University,Men's Other,,,,,
American University,Men's Other,Total,71-b,64-e,92-e,
American University,Men's CC/Track,,2017-18 4,-Class,GSR,
American University,Men's CC/Track,,,,,
American University,Men's CC/Track,Am. Ind./AN,-,-,-,
American University,Men's CC/Track,,,,,
American University,Men's CC/Track,Asian,-,-,-,
American University,Men's CC/Track,,,,,
American University,Men's CC/Track,Black,-,67-a,100-a,
American University,Men's CC/Track,,,,,
American University,Men's CC/Track,Hispanic,-,-,-,
American University,Men's CC/Track,,,,,
American University,Men's CC/Track,Nat. Haw./PI,-,-,-,
American University,Men's CC/Track,,,,,
American University,Men's CC/Track,US N-R,-,-,-,
American University,Men's CC/Track,,,,,
American University,Men's CC/Track,Two or More,-,-,-,
American University,Men's CC/Track,,,,,
American University,Men's CC/Track,Unknown,-,-,-,
American University,Men's CC/Track,,,,,
American University,Men's CC/Track,White,0-a,67-c,89-b,
American University,Men's CC/Track,,,,,
American University,Men's CC/Track,Total,0-a,67-c,91-c,
American University,Women's Basketball,Am. Ind./AN,-,-,-,
American University,Women's Basketball,,,,,
American University,Women's Basketball,Asian,-,-,-,
American University,Women's Basketball,,,,,
American University,Women's Basketball,Black,100-a,100-a,100-a,
American University,Women's Basketball,,,,,
American University,Women's Basketball,Hispanic,-,-,-,
American University,Women's Basketball,,,,,
American University,Women's Basketball,Nat. Haw./PI,-,-,-,
American University,Women's Basketball,,,,,
American University,Women's Basketball,US N-R,-,50-a,100-a,
American University,Women's Basketball,,,,,
American University,Women's Basketball,Two or More,-,100-a,100-a,
American University,Women's Basketball,,,,,
American University,Women's Basketball,Unknown,-,-,-,
American University,Women's Basketball,,,,,
American University,Women's Basketball,White,0-a,86-b,88-b,
American University,Women's Basketball,,,,,
American University,Women's Basketball,Total,50-a,83-c,92-c,
American University,Women's CC/Track,,%-N,,,
American University,Women's CC/Track,,,,,
American University,Women's CC/Track,,2017-18,4-Class,GSR,
American University,Women's CC/Track,,,,,
American University,Women's CC/Track,Am. Ind./AN,-,-,-,
American University,Women's CC/Track,,,,,
American University,Women's CC/Track,Asian,-,-,-,
American University,Women's CC/Track,,,,,
American University,Women's CC/Track,Black,-,-,-,
American University,Women's CC/Track,,,,,
American University,Women's CC/Track,Hispanic,-,100-a,100-a,
American University,Women's CC/Track,,,,,
American University,Women's CC/Track,Nat. Haw./PI,-,-,-,
American University,Women's CC/Track,,,,,
American University,Women's CC/Track,US N-R,-,-,-,
American University,Women's CC/Track,,,,,
American University,Women's CC/Track,Two or More,-,100-a,100-a,
American University,Women's CC/Track,,,,,
American University,Women's CC/Track,Unknown,-,-,-,
American University,Women's CC/Track,,,,,
American University,Women's CC/Track,White,50-a,50-b,100-a,
American University,Women's CC/Track,,,,,
American University,Women's CC/Track,Total,50-a,63-b,100-a,
American University,Women's Other,,2017-18,4-Class,GSR,
American University,Women's Other,,,,,
American University,Women's Other,Am. Ind./AN,-,-,-,
American University,Women's Other,,,,,
American University,Women's Other,Asian,-,100-a,100-a,
American University,Women's Other,,,,,
American University,Women's Other,Black,100-a,100-b,100-b,
American University,Women's Other,,,,,
American University,Women's Other,Hispanic,-,100-a,100-a,
American University,Women's Other,,,,,
American University,Women's Other,Nat. Haw./PI,-,100-a,100-a,
American University,Women's Other,,,,,
American University,Women's Other,US N-R,33-a,55-c,90-b,
American University,Women's Other,,,,,
American University,Women's Other,Two or More,-,100-a,100-a,
American University,Women's Other,,,,,
American University,Women's Other,Unknown,-,-,-,
American University,Women's Other,,,,,
American University,Women's Other,White,73-c,77-e,98-e,
American University,Women's Other,,,,,
American University,Women's Other,Total,71-d,78-e,97-e,
Appalachian State University,Baseball,,2017-18 4,-Class,GSR,
Appalachian State University,Baseball,,,,,
Appalachian State University,Baseball,Am. Ind./AN,100-a,100-a,100-a,
Appalachian State University,Baseball,,,,,
Appalachian State University,Baseball,Asian,-,-,-,
Appalachian State University,Baseball,,,,,
Appalachian State University,Baseball,Black,-,0-a,-,
Appalachian State University,Baseball,,,,,
Appalachian State University,Baseball,Hispanic,-,-,-,
Appalachian State University,Baseball,,,,,
Appalachian State University,Baseball,Nat. Haw./PI,-,-,-,
Appalachian State University,Baseball,,,,,
Appalachian State University,Baseball,US N-R,-,-,-,
Appalachian State University,Baseball,,,,,
Appalachian State University,Baseball,Two or More,100-a,50-a,50-a,
Appalachian State University,Baseball,,,,,
Appalachian State University,Baseball,Unknown,-,-,-,
Appalachian State University,Baseball,,,,,
Appalachian State University,Baseball,White,60-a,41-e,93-c,
Appalachian State University,Baseball,,,,,
Appalachian State University,Baseball,Total,71-b,41-e,88-d,
Appalachian State University,Football,,2017-18 4,-Class,GSR,
Appalachian State University,Football,,,,,
Appalachian State University,Football,Am. Ind./AN,-,-,-,
Appalachian State University,Football,,,,,
Appalachian State University,Football,Asian,-,-,-,
Appalachian State University,Football,,,,,
Appalachian State University,Football,Black,70-b,58-e,70-e,
Appalachian State University,Football,,,,,
Appalachian State University,Football,Hispanic,-,-,-,
Appalachian State University,Football,,,,,
Appalachian State University,Football,Nat. Haw./PI,-,-,-,
Appalachian State University,Football,,,,,
Appalachian State University,Football,US N-R,-,-,-,
Appalachian State University,Football,,,,,
Appalachian State University,Football,Two or More,-,50-a,100-a,
Appalachian State University,Football,,,,,
Appalachian State University,Football,Unknown,0-a,0-a,-,
Appalachian State University,Football,,,,,
Appalachian State University,Football,White,86-b,69-e,100-e,
Appalachian State University,Football,,,,,
Appalachian State University,Football,Total,72-d,61-e,81-e,
Appalachian State University,Men's Basketball,Am. Ind./AN,-,-,-,
Appalachian State University,Men's Basketball,,,,,
Appalachian State University,Men's Basketball,Asian,-,-,-,
Appalachian State University,Men's Basketball,,,,,
Appalachian State University,Men's Basketball,Black,100-a,57-b,100-a,
Appalachian State University,Men's Basketball,,,,,
Appalachian State University,Men's Basketball,Hispanic,-,-,-,
Appalachian State University,Men's Basketball,,,,,
Appalachian State University,Men's Basketball,Nat. Haw./PI,-,-,-,
Appalachian State University,Men's Basketball,,,,,
Appalachian State University,Men's Basketball,US N-R,-,0-a,-,
Appalachian State University,Men's Basketball,,,,,
Appalachian State University,Men's Basketball,Two or More,-,-,-,
Appalachian State University,Men's Basketball,,,,,
Appalachian State University,Men's Basketball,Unknown,-,-,-,
Appalachian State University,Men's Basketball,,,,,
Appalachian State University,Men's Basketball,White,-,60-a,100-a,
Appalachian State University,Men's Basketball,,,,,
Appalachian State University,Men's Basketball,Total,100-a,54-c,100-b,
Appalachian State University,Men's Other,Am. Ind./AN,-,-,-,
Appalachian State University,Men's Other,,,,,
Appalachian State University,Men's Other,Asian,-,-,-,
Appalachian State University,Men's Other,,,,,
Appalachian State University,Men's Other,Black,100-a,67-b,100-a,
Appalachian State University,Men's Other,,,,,
Appalachian State University,Men's Other,Hispanic,100-a,100-a,100-a,
Appalachian State University,Men's Other,,,,,
Appalachian State University,Men's Other,Nat. Haw./PI,-,-,-,
Appalachian State University,Men's Other,,,,,
Appalachian State University,Men's Other,US N-R,33-a,67-b,-,
Appalachian State University,Men's Other,,,,,
Appalachian State University,Men's Other,Two or More,33-a,33-a,50-a,
Appalachian State University,Men's Other,,,,,
Appalachian State University,Men's Other,Unknown,-,-,-,
Appalachian State University,Men's Other,,,,,
Appalachian State University,Men's Other,White,25-a,41-e,70-b,
Appalachian State University,Men's Other,,,,,
Appalachian State University,Men's Other,Total,53-c,52-e,76-d,
Appalachian State University,Men's CC/Track,,2017-18 4,-Class,GSR,
Appalachian State University,Men's CC/Track,,,,,
Appalachian State University,Men's CC/Track,Am. Ind./AN,-,-,-,
Appalachian State University,Men's CC/Track,,,,,
Appalachian State University,Men's CC/Track,Asian,-,-,-,
Appalachian State University,Men's CC/Track,,,,,
Appalachian State University,Men's CC/Track,Black,67-a,50-b,67-b,
Appalachian State University,Men's CC/Track,,,,,
Appalachian State University,Men's CC/Track,Hispanic,-,-,-,
Appalachian State University,Men's CC/Track,,,,,
Appalachian State University,Men's CC/Track,Nat. Haw./PI,-,-,-,
Appalachian State University,Men's CC/Track,,,,,
Appalachian State University,Men's CC/Track,US N-R,-,-,-,
Appalachian State University,Men's CC/Track,,,,,
Appalachian State University,Men's CC/Track,Two or More,100-a,50-a,100-a,
Appalachian State University,Men's CC/Track,,,,,
Appalachian State University,Men's CC/Track,Unknown,-,100-a,100-a,
Appalachian State University,Men's CC/Track,,,,,
Appalachian State University,Men's CC/Track,White,100-a,89-d,95-d,
Appalachian State University,Men's CC/Track,,,,,
Appalachian State University,Men's CC/Track,Total,86-b,77-e,89-e,
Appalachian State University,Women's Basketball,Am. Ind./AN,-,-,-,
Appalachian State University,Women's Basketball,,,,,
Appalachian State University,Women's Basketball,Asian,-,-,-,
Appalachian State University,Women's Basketball,,,,,
Appalachian State University,Women's Basketball,Black,75-a,67-b,100-a,
Appalachian State University,Women's Basketball,,,,,
Appalachian State University,Women's Basketball,Hispanic,-,-,-,
Appalachian State University,Women's Basketball,,,,,
Appalachian State University,Women's Basketball,Nat. Haw./PI,-,-,-,
Appalachian State University,Women's Basketball,,,,,
Appalachian State University,Women's Basketball,US N-R,-,0-a,100-a,
Appalachian State University,Women's Basketball,,,,,
Appalachian State University,Women's Basketball,Two or More,-,-,100-a,
Appalachian State University,Women's Basketball,,,,,
Appalachian State University,Women's Basketball,Unknown,-,-,-,
Appalachian State University,Women's Basketball,,,,,
Appalachian State University,Women's Basketball,White,100-a,100-a,100-a,
Appalachian State University,Women's Basketball,,,,,
Appalachian State University,Women's Basketball,Total,80-a,75-c,100-c,
Appalachian State University,Women's CC/Track,,%-N,,,
Appalachian State University,Women's CC/Track,,,,,
Appalachian State University,Women's CC/Track,,2017-18,4-Class,GSR,
Appalachian State University,Women's CC/Track,,,,,
Appalachian State University,Women's CC/Track,Am. Ind./AN,-,-,-,
Appalachian State University,Women's CC/Track,,,,,
Appalachian State University,Women's CC/Track,Asian,-,-,-,
Appalachian State University,Women's CC/Track,,,,,
Appalachian State University,Women's CC/Track,Black,100-a,83-c,92-c,
Appalachian State University,Women's CC/Track,,,,,
Appalachian State University,Women's CC/Track,Hispanic,-,-,-,
Appalachian State University,Women's CC/Track,,,,,
Appalachian State University,Women's CC/Track,Nat. Haw./PI,-,-,-,
Appalachian State University,Women's CC/Track,,,,,
Appalachian State University,Women's CC/Track,US N-R,-,-,-,
Appalachian State University,Women's CC/Track,,,,,
Appalachian State University,Women's CC/Track,Two or More,-,0-a,0-a,
Appalachian State University,Women's CC/Track,,,,,
Appalachian State University,Women's CC/Track,Unknown,-,-,-,
Appalachian State University,Women's CC/Track,,,,,
Appalachian State University,Women's CC/Track,White,100-a,100-c,100-c,
Appalachian State University,Women's CC/Track,,,,,
Appalachian State University,Women's CC/Track,Total,100-b,83-e,93-e,
Appalachian State University,Women's Other,,2017-18,4-Class,GSR,
Appalachian State University,Women's Other,,,,,
Appalachian State University,Women's Other,Am. Ind./AN,-,-,-,
Appalachian State University,Women's Other,,,,,
Appalachian State University,Women's Other,Asian,-,100-a,100-a,
Appalachian State University,Women's Other,,,,,
Appalachian State University,Women's Other,Black,100-a,50-a,100-a,
Appalachian State University,Women's Other,,,,,
Appalachian State University,Women's Other,Hispanic,-,100-a,100-a,
Appalachian State University,Women's Other,,,,,
Appalachian State University,Women's Other,Nat. Haw./PI,-,100-a,100-a,
Appalachian State University,Women's Other,,,,,
Appalachian State University,Women's Other,US N-R,100-a,83-b,100-a,
Appalachian State University,Women's Other,,,,,
Appalachian State University,Women's Other,Two or More,-,0-a,-,
Appalachian State University,Women's Other,,,,,
Appalachian State University,Women's Other,Unknown,-,-,-,
Appalachian State University,Women's Other,,,,,
Appalachian State University,Women's Other,White,76-e,73-e,95-e,
Appalachian State University,Women's Other,,,,,
Appalachian State University,Women's Other,Total,79-e,73-e,96-e,
University at Albany,Baseball,,2017-18 4,-Class,GSR,
University at Albany,Baseball,,,,,
University at Albany,Baseball,Am. Ind./AN,-,-,-,
University at Albany,Baseball,,,,,
University at Albany,Baseball,Asian,-,-,-,
University at Albany,Baseball,,,,,
University at Albany,Baseball,Black,100-a,100-a,100-a,
University at Albany,Baseball,,,,,
University at Albany,Baseball,Hispanic,0-a,0-a,-,
University at Albany,Baseball,,,,,
University at Albany,Baseball,Nat. Haw./PI,-,-,-,
University at Albany,Baseball,,,,,
University at Albany,Baseball,US N-R,-,-,-,
University at Albany,Baseball,,,,,
University at Albany,Baseball,Two or More,-,100-a,100-a,
University at Albany,Baseball,,,,,
University at Albany,Baseball,Unknown,-,-,-,
University at Albany,Baseball,,,,,
University at Albany,Baseball,White,50-b,38-e,80-c,
University at Albany,Baseball,,,,,
University at Albany,Baseball,Total,50-b,46-e,84-d,
University at Albany,Football,,2017-18 4,-Class,GSR,
University at Albany,Football,,,,,
University at Albany,Football,Am. Ind./AN,-,-,-,
University at Albany,Football,,,,,
University at Albany,Football,Asian,-,100-a,100-a,
University at Albany,Football,,,,,
University at Albany,Football,Black,50-b,65-e,76-e,
University at Albany,Football,,,,,
University at Albany,Football,Hispanic,-,-,-,
University at Albany,Football,,,,,
University at Albany,Football,Nat. Haw./PI,-,-,-,
University at Albany,Football,,,,,
University at Albany,Football,US N-R,-,-,-,
University at Albany,Football,,,,,
University at Albany,Football,Two or More,33-a,44-b,42-c,
University at Albany,Football,,,,,
University at Albany,Football,Unknown,0-a,50-a,33-a,
University at Albany,Football,,,,,
University at Albany,Football,White,67-a,73-e,91-e,
University at Albany,Football,,,,,
University at Albany,Football,Total,46-c,65-e,74-e,
University at Albany,Men's Basketball,,2017-18 4,-Class,GSR,
University at Albany,Men's Basketball,,,,,
University at Albany,Men's Basketball,Am. Ind./AN,-,-,-,
University at Albany,Men's Basketball,,,,,
University at Albany,Men's Basketball,Asian,-,-,-,
University at Albany,Men's Basketball,,,,,
University at Albany,Men's Basketball,Black,-,50-a,89-b,
University at Albany,Men's Basketball,,,,,
University at Albany,Men's Basketball,Hispanic,-,-,-,
University at Albany,Men's Basketball,,,,,
University at Albany,Men's Basketball,Nat. Haw./PI,-,-,-,
University at Albany,Men's Basketball,,,,,
University at Albany,Men's Basketball,US N-R,-,0-a,0-a,
University at Albany,Men's Basketball,,,,,
University at Albany,Men's Basketball,Two or More,-,0-a,0-a,
University at Albany,Men's Basketball,,,,,
University at Albany,Men's Basketball,Unknown,-,-,-,
University at Albany,Men's Basketball,,,,,
University at Albany,Men's Basketball,White,100-a,67-b,100-a,
University at Albany,Men's Basketball,,,,,
University at Albany,Men's Basketball,Total,100-a,50-b,76-d,
University at Albany,Men's Other,,2017-18 4,-Class,GSR,
University at Albany,Men's Other,,,,,
University at Albany,Men's Other,Am. Ind./AN,0-a,60-a,75-a,
University at Albany,Men's Other,,,,,
University at Albany,Men's Other,Asian,-,-,-,
University at Albany,Men's Other,,,,,
University at Albany,Men's Other,Black,0-a,0-a,-,
University at Albany,Men's Other,,,,,
University at Albany,Men's Other,Hispanic,-,-,-,
University at Albany,Men's Other,,,,,
University at Albany,Men's Other,Nat. Haw./PI,-,-,-,
University at Albany,Men's Other,,,,,
University at Albany,Men's Other,US N-R,100-a,100-a,100-a,
University at Albany,Men's Other,,,,,
University at Albany,Men's Other,Two or More,25-a,57-b,86-b,
University at Albany,Men's Other,,,,,
University at Albany,Men's Other,Unknown,-,100-a,100-a,
University at Albany,Men's Other,,,,,
University at Albany,Men's Other,White,75-c,71-e,97-e,
University at Albany,Men's Other,,,,,
University at Albany,Men's Other,Total,58-d,68-e,93-e,
University at Albany,Men's CC/Track,,2017-18 4,-Class,GSR,
University at Albany,Men's CC/Track,,,,,
University at Albany,Men's CC/Track,Am. Ind./AN,-,-,-,
University at Albany,Men's CC/Track,,,,,
University at Albany,Men's CC/Track,Asian,-,-,-,
University at Albany,Men's CC/Track,,,,,
University at Albany,Men's CC/Track,Black,-,100-a,100-a,
University at Albany,Men's CC/Track,,,,,
University at Albany,Men's CC/Track,Hispanic,-,-,-,
University at Albany,Men's CC/Track,,,,,
University at Albany,Men's CC/Track,Nat. Haw./PI,-,-,-,
University at Albany,Men's CC/Track,,,,,
University at Albany,Men's CC/Track,US N-R,-,-,-,
University at Albany,Men's CC/Track,,,,,
University at Albany,Men's CC/Track,Two or More,50-a,60-a,67-b,
University at Albany,Men's CC/Track,,,,,
University at Albany,Men's CC/Track,Unknown,-,-,100-a,
University at Albany,Men's CC/Track,,,,,
University at Albany,Men's CC/Track,White,-,100-b,100-b,
University at Albany,Men's CC/Track,,,,,
University at Albany,Men's CC/Track,Total,50-a,89-d,91-e,
University at Albany,Women's Basketball,Am. Ind./AN,-,-,-,
University at Albany,Women's Basketball,,,,,
University at Albany,Women's Basketball,Asian,-,-,-,
University at Albany,Women's Basketball,,,,,
University at Albany,Women's Basketball,Black,33-a,43-b,67-b,
University at Albany,Women's Basketball,,,,,
University at Albany,Women's Basketball,Hispanic,-,-,-,
University at Albany,Women's Basketball,,,,,
University at Albany,Women's Basketball,Nat. Haw./PI,-,-,-,
University at Albany,Women's Basketball,,,,,
University at Albany,Women's Basketball,US N-R,-,-,100-a,
University at Albany,Women's Basketball,,,,,
University at Albany,Women's Basketball,Two or More,-,-,-,
University at Albany,Women's Basketball,,,,,
University at Albany,Women's Basketball,Unknown,0-a,0-a,-,
University at Albany,Women's Basketball,,,,,
University at Albany,Women's Basketball,White,100-a,67-b,80-a,
University at Albany,Women's Basketball,,,,,
University at Albany,Women's Basketball,Total,40-a,50-c,75-c,
University at Albany,Women's CC/Track,,%-N,,,
University at Albany,Women's CC/Track,,,,,
University at Albany,Women's CC/Track,,2017-18,4-Class,GSR,
University at Albany,Women's CC/Track,,,,,
University at Albany,Women's CC/Track,Am. Ind./AN,-,-,-,
University at Albany,Women's CC/Track,,,,,
University at Albany,Women's CC/Track,Asian,-,-,-,
University at Albany,Women's CC/Track,,,,,
University at Albany,Women's CC/Track,Black,67-a,83-c,92-c,
University at Albany,Women's CC/Track,,,,,
University at Albany,Women's CC/Track,Hispanic,-,0-a,-,
University at Albany,Women's CC/Track,,,,,
University at Albany,Women's CC/Track,Nat. Haw./PI,-,-,-,
University at Albany,Women's CC/Track,,,,,
University at Albany,Women's CC/Track,US N-R,-,-,-,
University at Albany,Women's CC/Track,,,,,
University at Albany,Women's CC/Track,Two or More,-,75-a,80-a,
University at Albany,Women's CC/Track,,,,,
University at Albany,Women's CC/Track,Unknown,-,-,100-a,
University at Albany,Women's CC/Track,,,,,
University at Albany,Women's CC/Track,White,50-a,77-c,92-c,
University at Albany,Women's CC/Track,,,,,
University at Albany,Women's CC/Track,Total,57-b,77-e,91-e,
University at Albany,Women's Other,,2017-18,4-Class,GSR,
University at Albany,Women's Other,,,,,
University at Albany,Women's Other,Am. Ind./AN,-,0-a,-,
University at Albany,Women's Other,,,,,
University at Albany,Women's Other,Asian,-,75-a,100-a,
University at Albany,Women's Other,,,,,
University at Albany,Women's Other,Black,-,100-a,100-a,
University at Albany,Women's Other,,,,,
University at Albany,Women's Other,Hispanic,-,50-a,100-a,
University at Albany,Women's Other,,,,,
University at Albany,Women's Other,Nat. Haw./PI,-,-,-,
University at Albany,Women's Other,,,,,
University at Albany,Women's Other,US N-R,-,-,-,
University at Albany,Women's Other,,,,,
University at Albany,Women's Other,Two or More,60-a,67-c,91-c,
University at Albany,Women's Other,,,,,
University at Albany,Women's Other,Unknown,50-a,67-a,100-a,
University at Albany,Women's Other,,,,,
University at Albany,Women's Other,White,65-d,60-e,94-e,
University at Albany,Women's Other,,,,,
University at Albany,Women's Other,Total,63-e,62-e,94-e,
University of Akron,Baseball,,2017-18 4-,Class,GSR,
University of Akron,Baseball,,,,,
University of Akron,Baseball,Am. Ind./AN,-,-,-,
University of Akron,Baseball,,,,,
University of Akron,Baseball,Asian,-,-,-,
University of Akron,Baseball,,,,,
University of Akron,Baseball,Black,-,-,-,
University of Akron,Baseball,,,,,
University of Akron,Baseball,Hispanic,-,-,-,
University of Akron,Baseball,,,,,
University of Akron,Baseball,Nat. Haw./PI,-,-,-,
University of Akron,Baseball,,,,,
University of Akron,Baseball,US N-R,-,-,-,
University of Akron,Baseball,,,,,
University of Akron,Baseball,Two or More,-,-,-,
University of Akron,Baseball,,,,,
University of Akron,Baseball,Unknown,-,-,-,
University of Akron,Baseball,,,,,
University of Akron,Baseball,White,-,0-a,75-b,
University of Akron,Baseball,,,,,
University of Akron,Baseball,Total,-,0-a,75-b,
University of Akron,Football,,2017-18 4,-Class,GSR,
University of Akron,Football,,,,,
University of Akron,Football,Am. Ind./AN,-,-,-,
University of Akron,Football,,,,,
University of Akron,Football,Asian,-,-,-,
University of Akron,Football,,,,,
University of Akron,Football,Black,17-b,64-e,68-e,
University of Akron,Football,,,,,
University of Akron,Football,Hispanic,100-a,100-a,100-a,
University of Akron,Football,,,,,
University of Akron,Football,Nat. Haw./PI,-,-,-,
University of Akron,Football,,,,,
University of Akron,Football,US N-R,-,-,-,
University of Akron,Football,,,,,
University of Akron,Football,Two or More,0-a,29-b,56-b,
University of Akron,Football,,,,,
University of Akron,Football,Unknown,-,-,-,
University of Akron,Football,,,,,
University of Akron,Football,White,100-a,71-c,67-d,
University of Akron,Football,,,,,
University of Akron,Football,Total,38-d,61-e,67-e,
University of Akron,Men's Basketball,,2017-18 4,-Class,GSR,
University of Akron,Men's Basketball,,,,,
University of Akron,Men's Basketball,Am. Ind./AN,-,-,-,
University of Akron,Men's Basketball,,,,,
University of Akron,Men's Basketball,Asian,-,-,-,
University of Akron,Men's Basketball,,,,,
University of Akron,Men's Basketball,Black,0-a,50-b,89-b,
University of Akron,Men's Basketball,,,,,
University of Akron,Men's Basketball,Hispanic,-,0-a,-,
University of Akron,Men's Basketball,,,,,
University of Akron,Men's Basketball,Nat. Haw./PI,-,-,-,
University of Akron,Men's Basketball,,,,,
University of Akron,Men's Basketball,US N-R,-,0-a,0-a,
University of Akron,Men's Basketball,,,,,
University of Akron,Men's Basketball,Two or More,0-a,0-a,100-a,
University of Akron,Men's Basketball,,,,,
University of Akron,Men's Basketball,Unknown,-,-,-,
University of Akron,Men's Basketball,,,,,
University of Akron,Men's Basketball,White,0-a,0-a,-,
University of Akron,Men's Basketball,,,,,
University of Akron,Men's Basketball,Total,0-a,25-c,83-c,
University of Akron,Men's Other,,2017-18 4,-Class,GSR,
University of Akron,Men's Other,,,,,
University of Akron,Men's Other,Am. Ind./AN,-,-,-,
University of Akron,Men's Other,,,,,
University of Akron,Men's Other,Asian,0-a,0-a,100-a,
University of Akron,Men's Other,,,,,
University of Akron,Men's Other,Black,50-a,20-a,50-a,
University of Akron,Men's Other,,,,,
University of Akron,Men's Other,Hispanic,-,0-a,-,
University of Akron,Men's Other,,,,,
University of Akron,Men's Other,Nat. Haw./PI,-,-,-,
University of Akron,Men's Other,,,,,
University of Akron,Men's Other,US N-R,0-a,25-b,100-a,
University of Akron,Men's Other,,,,,
University of Akron,Men's Other,Two or More,100-a,100-a,100-a,
University of Akron,Men's Other,,,,,
University of Akron,Men's Other,Unknown,-,-,-,
University of Akron,Men's Other,,,,,
University of Akron,Men's Other,White,86-b,84-d,93-c,
University of Akron,Men's Other,,,,,
University of Akron,Men's Other,Total,62-c,56-e,90-e,
University of Akron,Men's CC/Track,Am. Ind./AN,-,-,-,
University of Akron,Men's CC/Track,,,,,
University of Akron,Men's CC/Track,Asian,-,-,-,
University of Akron,Men's CC/Track,,,,,
University of Akron,Men's CC/Track,Black,0-a,64-c,73-c,
University of Akron,Men's CC/Track,,,,,
University of Akron,Men's CC/Track,Hispanic,-,-,-,
University of Akron,Men's CC/Track,,,,,
University of Akron,Men's CC/Track,Nat. Haw./PI,-,-,-,
University of Akron,Men's CC/Track,,,,,
University of Akron,Men's CC/Track,US N-R,-,-,100-a,
University of Akron,Men's CC/Track,,,,,
University of Akron,Men's CC/Track,Two or More,100-a,67-a,67-a,
University of Akron,Men's CC/Track,,,,,
University of Akron,Men's CC/Track,Unknown,-,-,-,
University of Akron,Men's CC/Track,,,,,
University of Akron,Men's CC/Track,White,-,82-c,100-b,
University of Akron,Men's CC/Track,,,,,
University of Akron,Men's CC/Track,Total,33-a,72-e,85-e,
University of Akron,Women's Basketball,Am. Ind./AN,-,-,-,
University of Akron,Women's Basketball,,,,,
University of Akron,Women's Basketball,Asian,-,100-a,100-a,
University of Akron,Women's Basketball,,,,,
University of Akron,Women's Basketball,Black,0-a,67-a,75-a,
University of Akron,Women's Basketball,,,,,
University of Akron,Women's Basketball,Hispanic,-,-,-,
University of Akron,Women's Basketball,,,,,
University of Akron,Women's Basketball,Nat. Haw./PI,-,-,-,
University of Akron,Women's Basketball,,,,,
University of Akron,Women's Basketball,US N-R,-,-,-,
University of Akron,Women's Basketball,,,,,
University of Akron,Women's Basketball,Two or More,0-a,50-a,100-a,
University of Akron,Women's Basketball,,,,,
University of Akron,Women's Basketball,Unknown,-,-,-,
University of Akron,Women's Basketball,,,,,
University of Akron,Women's Basketball,White,0-a,60-b,100-b,
University of Akron,Women's Basketball,,,,,
University of Akron,Women's Basketball,Total,0-a,63-d,92-c,
University of Akron,Women's CC/Track,,%-N,,,
University of Akron,Women's CC/Track,,,,,
University of Akron,Women's CC/Track,,2017-18,4-Class,GSR,
University of Akron,Women's CC/Track,,,,,
University of Akron,Women's CC/Track,Am. Ind./AN,-,-,-,
University of Akron,Women's CC/Track,,,,,
University of Akron,Women's CC/Track,Asian,-,-,-,
University of Akron,Women's CC/Track,,,,,
University of Akron,Women's CC/Track,Black,-,86-b,75-b,
University of Akron,Women's CC/Track,,,,,
University of Akron,Women's CC/Track,Hispanic,-,-,-,
University of Akron,Women's CC/Track,,,,,
University of Akron,Women's CC/Track,Nat. Haw./PI,-,-,-,
University of Akron,Women's CC/Track,,,,,
University of Akron,Women's CC/Track,US N-R,-,-,100-a,
University of Akron,Women's CC/Track,,,,,
University of Akron,Women's CC/Track,Two or More,-,-,-,
University of Akron,Women's CC/Track,,,,,
University of Akron,Women's CC/Track,Unknown,-,-,-,
University of Akron,Women's CC/Track,,,,,
University of Akron,Women's CC/Track,White,86-b,83-d,100-c,
University of Akron,Women's CC/Track,,,,,
University of Akron,Women's CC/Track,Total,86-b,84-e,92-e,
University of Akron,Women's Other,,2017-18,4-Class,GSR,
University of Akron,Women's Other,,,,,
University of Akron,Women's Other,Am. Ind./AN,-,-,-,
University of Akron,Women's Other,,,,,
University of Akron,Women's Other,Asian,50-a,75-a,100-a,
University of Akron,Women's Other,,,,,
University of Akron,Women's Other,Black,-,33-a,100-a,
University of Akron,Women's Other,,,,,
University of Akron,Women's Other,Hispanic,-,100-a,100-a,
University of Akron,Women's Other,,,,,
University of Akron,Women's Other,Nat. Haw./PI,-,-,-,
University of Akron,Women's Other,,,,,
University of Akron,Women's Other,US N-R,60-a,67-c,100-b,
University of Akron,Women's Other,,,,,
University of Akron,Women's Other,Two or More,0-a,0-a,50-a,
University of Akron,Women's Other,,,,,
University of Akron,Women's Other,Unknown,-,-,100-a,
University of Akron,Women's Other,,,,,
University of Akron,Women's Other,White,76-e,72-e,94-e,
University of Akron,Women's Other,,,,,
University of Akron,Women's Other,Total,67-e,69-e,94-e,
University of Alabama,Baseball,,2017-18 4,-Class,GSR,
University of Alabama,Baseball,,,,,
University of Alabama,Baseball,Am. Ind./AN,-,-,-,
University of Alabama,Baseball,,,,,
University of Alabama,Baseball,Asian,-,-,-,
University of Alabama,Baseball,,,,,
University of Alabama,Baseball,Black,-,0-a,-,
University of Alabama,Baseball,,,,,
University of Alabama,Baseball,Hispanic,-,100-a,100-a,
University of Alabama,Baseball,,,,,
University of Alabama,Baseball,Nat. Haw./PI,-,-,-,
University of Alabama,Baseball,,,,,
University of Alabama,Baseball,US N-R,-,-,100-a,
University of Alabama,Baseball,,,,,
University of Alabama,Baseball,Two or More,-,-,-,
University of Alabama,Baseball,,,,,
University of Alabama,Baseball,Unknown,-,-,-,
University of Alabama,Baseball,,,,,
University of Alabama,Baseball,White,60-a,71-e,93-e,
University of Alabama,Baseball,,,,,
University of Alabama,Baseball,Total,60-a,68-e,94-e,
University of Alabama,Football,,2017-18 4,-Class,GSR,
University of Alabama,Football,,,,,
University of Alabama,Football,Am. Ind./AN,-,-,-,
University of Alabama,Football,,,,,
University of Alabama,Football,Asian,-,-,-,
University of Alabama,Football,,,,,
University of Alabama,Football,Black,50-b,59-e,98-e,
University of Alabama,Football,,,,,
University of Alabama,Football,Hispanic,-,0-a,-,
University of Alabama,Football,,,,,
University of Alabama,Football,Nat. Haw./PI,-,-,100-a,
University of Alabama,Football,,,,,
University of Alabama,Football,US N-R,-,-,-,
University of Alabama,Football,,,,,
University of Alabama,Football,Two or More,-,50-a,100-a,
University of Alabama,Football,,,,,
University of Alabama,Football,Unknown,-,-,-,
University of Alabama,Football,,,,,
University of Alabama,Football,White,100-a,100-b,94-d,
University of Alabama,Football,,,,,
University of Alabama,Football,Total,58-c,64-e,97-e,
University of Alabama,Men's Basketball,,2017-18 4,-Class,GSR,
University of Alabama,Men's Basketball,,,,,
University of Alabama,Men's Basketball,Am. Ind./AN,-,-,-,
University of Alabama,Men's Basketball,,,,,
University of Alabama,Men's Basketball,Asian,-,-,-,
University of Alabama,Men's Basketball,,,,,
University of Alabama,Men's Basketball,Black,80-a,50-c,100-b,
University of Alabama,Men's Basketball,,,,,
University of Alabama,Men's Basketball,Hispanic,-,-,100-a,
University of Alabama,Men's Basketball,,,,,
University of Alabama,Men's Basketball,Nat. Haw./PI,-,-,-,
University of Alabama,Men's Basketball,,,,,
University of Alabama,Men's Basketball,US N-R,-,-,-,
University of Alabama,Men's Basketball,,,,,
University of Alabama,Men's Basketball,Two or More,-,-,-,
University of Alabama,Men's Basketball,,,,,
University of Alabama,Men's Basketball,Unknown,-,-,-,
University of Alabama,Men's Basketball,,,,,
University of Alabama,Men's Basketball,White,-,100-a,100-a,
University of Alabama,Men's Basketball,,,,,
University of Alabama,Men's Basketball,Total,80-a,54-c,100-c,
University of Alabama,Men's Other,,2017-18 4,-Class,GSR,
University of Alabama,Men's Other,,,,,
University of Alabama,Men's Other,Am. Ind./AN,-,-,-,
University of Alabama,Men's Other,,,,,
University of Alabama,Men's Other,Asian,-,-,-,
University of Alabama,Men's Other,,,,,
University of Alabama,Men's Other,Black,-,-,-,
University of Alabama,Men's Other,,,,,
University of Alabama,Men's Other,Hispanic,100-a,100-a,100-a,
University of Alabama,Men's Other,,,,,
University of Alabama,Men's Other,Nat. Haw./PI,-,-,100-a,
University of Alabama,Men's Other,,,,,
University of Alabama,Men's Other,US N-R,100-a,86-b,100-c,
University of Alabama,Men's Other,,,,,
University of Alabama,Men's Other,Two or More,100-a,50-a,50-a,
University of Alabama,Men's Other,,,,,
University of Alabama,Men's Other,Unknown,-,-,-,
University of Alabama,Men's Other,,,,,
University of Alabama,Men's Other,White,100-c,79-e,100-e,
University of Alabama,Men's Other,,,,,
University of Alabama,Men's Other,Total,100-c,79-e,98-e,
University of Alabama,Men's CC/Track,Am. Ind./AN,-,-,-,
University of Alabama,Men's CC/Track,,,,,
University of Alabama,Men's CC/Track,Asian,-,-,-,
University of Alabama,Men's CC/Track,,,,,
University of Alabama,Men's CC/Track,Black,100-a,33-b,55-c,
University of Alabama,Men's CC/Track,,,,,
University of Alabama,Men's CC/Track,Hispanic,100-a,60-a,60-a,
University of Alabama,Men's CC/Track,,,,,
University of Alabama,Men's CC/Track,Nat. Haw./PI,-,-,-,
University of Alabama,Men's CC/Track,,,,,
University of Alabama,Men's CC/Track,US N-R,-,-,100-a,
University of Alabama,Men's CC/Track,,,,,
University of Alabama,Men's CC/Track,Two or More,-,-,-,
University of Alabama,Men's CC/Track,,,,,
University of Alabama,Men's CC/Track,Unknown,-,-,-,
University of Alabama,Men's CC/Track,,,,,
University of Alabama,Men's CC/Track,White,83-b,94-d,89-d,
University of Alabama,Men's CC/Track,,,,,
University of Alabama,Men's CC/Track,Total,89-b,75-e,76-e,
University of Alabama,Women's Basketball,Am. Ind./AN,-,-,-,
University of Alabama,Women's Basketball,,,,,
University of Alabama,Women's Basketball,Asian,-,-,-,
University of Alabama,Women's Basketball,,,,,
University of Alabama,Women's Basketball,Black,100-a,75-b,92-c,
University of Alabama,Women's Basketball,,,,,
University of Alabama,Women's Basketball,Hispanic,-,-,-,
University of Alabama,Women's Basketball,,,,,
University of Alabama,Women's Basketball,Nat. Haw./PI,-,-,-,
University of Alabama,Women's Basketball,,,,,
University of Alabama,Women's Basketball,US N-R,-,-,100-a,
University of Alabama,Women's Basketball,,,,,
University of Alabama,Women's Basketball,Two or More,-,-,-,
University of Alabama,Women's Basketball,,,,,
University of Alabama,Women's Basketball,Unknown,-,-,-,
University of Alabama,Women's Basketball,,,,,
University of Alabama,Women's Basketball,White,-,33-a,67-a,
University of Alabama,Women's Basketball,,,,,
University of Alabama,Women's Basketball,Total,100-a,64-c,88-d,
University of Alabama,Women's CC/Track,,%-N,,,
University of Alabama,Women's CC/Track,,,,,
University of Alabama,Women's CC/Track,,2017-18,4-Class,GSR,
University of Alabama,Women's CC/Track,,,,,
University of Alabama,Women's CC/Track,Am. Ind./AN,-,-,-,
University of Alabama,Women's CC/Track,,,,,
University of Alabama,Women's CC/Track,Asian,-,100-a,100-a,
University of Alabama,Women's CC/Track,,,,,
University of Alabama,Women's CC/Track,Black,100-a,80-b,100-c,
University of Alabama,Women's CC/Track,,,,,
University of Alabama,Women's CC/Track,Hispanic,0-a,25-a,100-a,
University of Alabama,Women's CC/Track,,,,,
University of Alabama,Women's CC/Track,Nat. Haw./PI,-,-,-,
University of Alabama,Women's CC/Track,,,,,
University of Alabama,Women's CC/Track,US N-R,-,50-a,100-b,
University of Alabama,Women's CC/Track,,,,,
University of Alabama,Women's CC/Track,Two or More,-,-,-,
University of Alabama,Women's CC/Track,,,,,
University of Alabama,Women's CC/Track,Unknown,-,-,-,
University of Alabama,Women's CC/Track,,,,,
University of Alabama,Women's CC/Track,White,20-a,61-e,95-e,
University of Alabama,Women's CC/Track,,,,,
University of Alabama,Women's CC/Track,Total,36-c,63-e,98-e,
University of Alabama,Women's Other,,2017-18,4-Class,GSR,
University of Alabama,Women's Other,,,,,
University of Alabama,Women's Other,Am. Ind./AN,-,-,-,
University of Alabama,Women's Other,,,,,
University of Alabama,Women's Other,Asian,-,50-a,100-a,
University of Alabama,Women's Other,,,,,
University of Alabama,Women's Other,Black,100-a,83-b,100-b,
University of Alabama,Women's Other,,,,,
University of Alabama,Women's Other,Hispanic,100-a,86-b,100-b,
University of Alabama,Women's Other,,,,,
University of Alabama,Women's Other,Nat. Haw./PI,-,-,-,
University of Alabama,Women's Other,,,,,
University of Alabama,Women's Other,US N-R,40-a,56-b,100-d,
University of Alabama,Women's Other,,,,,
University of Alabama,Women's Other,Two or More,100-a,86-b,100-b,
University of Alabama,Women's Other,,,,,
University of Alabama,Women's Other,Unknown,100-a,100-a,100-a,
University of Alabama,Women's Other,,,,,
University of Alabama,Women's Other,White,79-e,85-e,100-e,
University of Alabama,Women's Other,,,,,
University of Alabama,Women's Other,Total,76-e,83-e,100-e,
University of Alabama at Birmingham,Baseball,,2017-18 4,-Class,GSR,
University of Alabama at Birmingham,Baseball,,,,,
University of Alabama at Birmingham,Baseball,Am. Ind./AN,-,-,-,
University of Alabama at Birmingham,Baseball,,,,,
University of Alabama at Birmingham,Baseball,Asian,-,-,-,
University of Alabama at Birmingham,Baseball,,,,,
University of Alabama at Birmingham,Baseball,Black,-,50-a,100-a,
University of Alabama at Birmingham,Baseball,,,,,
University of Alabama at Birmingham,Baseball,Hispanic,-,-,100-a,
University of Alabama at Birmingham,Baseball,,,,,
University of Alabama at Birmingham,Baseball,Nat. Haw./PI,-,-,-,
University of Alabama at Birmingham,Baseball,,,,,
University of Alabama at Birmingham,Baseball,US N-R,-,-,-,
University of Alabama at Birmingham,Baseball,,,,,
University of Alabama at Birmingham,Baseball,Two or More,-,-,-,
University of Alabama at Birmingham,Baseball,,,,,
University of Alabama at Birmingham,Baseball,Unknown,-,-,-,
University of Alabama at Birmingham,Baseball,,,,,
University of Alabama at Birmingham,Baseball,White,25-a,65-d,96-e,
University of Alabama at Birmingham,Baseball,,,,,
University of Alabama at Birmingham,Baseball,Total,25-a,63-d,96-e,
University of Alabama at Birmingham,Football,,%-N,,,
University of Alabama at Birmingham,Football,,,,,
University of Alabama at Birmingham,Football,,2017-18 4,-Class,GSR,
University of Alabama at Birmingham,Football,,,,,
University of Alabama at Birmingham,Football,Am. Ind./AN,-,-,-,
University of Alabama at Birmingham,Football,,,,,
University of Alabama at Birmingham,Football,Asian,-,-,-,
University of Alabama at Birmingham,Football,,,,,
University of Alabama at Birmingham,Football,Black,-,50-a,83-e,
University of Alabama at Birmingham,Football,,,,,
University of Alabama at Birmingham,Football,Hispanic,-,-,100-a,
University of Alabama at Birmingham,Football,,,,,
University of Alabama at Birmingham,Football,Nat. Haw./PI,-,-,-,
University of Alabama at Birmingham,Football,,,,,
University of Alabama at Birmingham,Football,US N-R,-,-,-,
University of Alabama at Birmingham,Football,,,,,
University of Alabama at Birmingham,Football,Two or More,-,-,-,
University of Alabama at Birmingham,Football,,,,,
University of Alabama at Birmingham,Football,Unknown,-,-,-,
University of Alabama at Birmingham,Football,,,,,
University of Alabama at Birmingham,Football,White,-,100-a,86-b,
University of Alabama at Birmingham,Football,,,,,
University of Alabama at Birmingham,Football,Total,-,67-b,84-e,
University of Alabama at Birmingham,Men's Basketball,Am. Ind./AN,-,-,-,
University of Alabama at Birmingham,Men's Basketball,,,,,
University of Alabama at Birmingham,Men's Basketball,Asian,-,-,-,
University of Alabama at Birmingham,Men's Basketball,,,,,
University of Alabama at Birmingham,Men's Basketball,Black,0-a,57-b,91-c,
University of Alabama at Birmingham,Men's Basketball,,,,,
University of Alabama at Birmingham,Men's Basketball,Hispanic,-,-,-,
University of Alabama at Birmingham,Men's Basketball,,,,,
University of Alabama at Birmingham,Men's Basketball,Nat. Haw./PI,-,-,-,
University of Alabama at Birmingham,Men's Basketball,,,,,
University of Alabama at Birmingham,Men's Basketball,US N-R,50-a,33-a,75-a,
University of Alabama at Birmingham,Men's Basketball,,,,,
University of Alabama at Birmingham,Men's Basketball,Two or More,-,-,-,
University of Alabama at Birmingham,Men's Basketball,,,,,
University of Alabama at Birmingham,Men's Basketball,Unknown,-,-,-,
University of Alabama at Birmingham,Men's Basketball,,,,,
University of Alabama at Birmingham,Men's Basketball,White,-,100-a,100-a,
University of Alabama at Birmingham,Men's Basketball,,,,,
University of Alabama at Birmingham,Men's Basketball,Total,33-a,55-c,88-d,
University of Alabama at Birmingham,Men's Other,Am. Ind./AN,-,-,-,
University of Alabama at Birmingham,Men's Other,,,,,
University of Alabama at Birmingham,Men's Other,Asian,-,-,-,
University of Alabama at Birmingham,Men's Other,,,,,
University of Alabama at Birmingham,Men's Other,Black,100-a,67-a,67-a,
University of Alabama at Birmingham,Men's Other,,,,,
University of Alabama at Birmingham,Men's Other,Hispanic,100-a,100-a,100-a,
University of Alabama at Birmingham,Men's Other,,,,,
University of Alabama at Birmingham,Men's Other,Nat. Haw./PI,-,-,-,
University of Alabama at Birmingham,Men's Other,,,,,
University of Alabama at Birmingham,Men's Other,US N-R,100-a,58-c,100-c,
University of Alabama at Birmingham,Men's Other,,,,,
University of Alabama at Birmingham,Men's Other,Two or More,-,100-a,100-a,
University of Alabama at Birmingham,Men's Other,,,,,
University of Alabama at Birmingham,Men's Other,Unknown,-,-,-,
University of Alabama at Birmingham,Men's Other,,,,,
University of Alabama at Birmingham,Men's Other,White,67-b,72-d,89-d,
University of Alabama at Birmingham,Men's Other,,,,,
University of Alabama at Birmingham,Men's Other,Total,78-b,70-e,93-e,
University of Alabama at Birmingham,Men's CC/Track,,%-N,,,
University of Alabama at Birmingham,Men's CC/Track,,,,,
University of Alabama at Birmingham,Men's CC/Track,,2017-18 4-C,lassG,,
University of Alabama at Birmingham,Men's CC/Track,,,,,
University of Alabama at Birmingham,Men's CC/Track,Am. Ind./AN,-,-,,
University of Alabama at Birmingham,Men's CC/Track,,,,,
University of Alabama at Birmingham,Men's CC/Track,Asian,-,-,,
University of Alabama at Birmingham,Men's CC/Track,,,,,
University of Alabama at Birmingham,Men's CC/Track,Black,-,-,,
University of Alabama at Birmingham,Men's CC/Track,,,,,
University of Alabama at Birmingham,Men's CC/Track,Hispanic,-,-,,
University of Alabama at Birmingham,Men's CC/Track,,,,,
University of Alabama at Birmingham,Men's CC/Track,Nat. Haw./PI,-,-,,
University of Alabama at Birmingham,Men's CC/Track,,,,,
University of Alabama at Birmingham,Men's CC/Track,US N-R,-,-,,
University of Alabama at Birmingham,Men's CC/Track,,,,,
University of Alabama at Birmingham,Men's CC/Track,Two or More,-,-,,
University of Alabama at Birmingham,Men's CC/Track,,,,,
University of Alabama at Birmingham,Men's CC/Track,Unknown,-,-,,
University of Alabama at Birmingham,Men's CC/Track,,,,,
University of Alabama at Birmingham,Men's CC/Track,White,-,-,,
University of Alabama at Birmingham,Men's CC/Track,,,,,
University of Alabama at Birmingham,Men's CC/Track,Total,-,-,,
University of Alabama at Birmingham,Women's Basketball,Am. Ind./AN,-,-,-,
University of Alabama at Birmingham,Women's Basketball,,,,,
University of Alabama at Birmingham,Women's Basketball,Asian,-,-,-,
University of Alabama at Birmingham,Women's Basketball,,,,,
University of Alabama at Birmingham,Women's Basketball,Black,-,100-a,100-b,
University of Alabama at Birmingham,Women's Basketball,,,,,
University of Alabama at Birmingham,Women's Basketball,Hispanic,0-a,50-a,100-a,
University of Alabama at Birmingham,Women's Basketball,,,,,
University of Alabama at Birmingham,Women's Basketball,Nat. Haw./PI,-,-,-,
University of Alabama at Birmingham,Women's Basketball,,,,,
University of Alabama at Birmingham,Women's Basketball,US N-R,-,100-a,100-a,
University of Alabama at Birmingham,Women's Basketball,,,,,
University of Alabama at Birmingham,Women's Basketball,Two or More,-,100-a,100-a,
University of Alabama at Birmingham,Women's Basketball,,,,,
University of Alabama at Birmingham,Women's Basketball,Unknown,-,-,-,
University of Alabama at Birmingham,Women's Basketball,,,,,
University of Alabama at Birmingham,Women's Basketball,White,-,50-a,100-a,
University of Alabama at Birmingham,Women's Basketball,,,,,
University of Alabama at Birmingham,Women's Basketball,Total,0-a,77-c,100-c,
University of Alabama at Birmingham,Women's CC/Track,,%-N,,,
University of Alabama at Birmingham,Women's CC/Track,,,,,
University of Alabama at Birmingham,Women's CC/Track,,2017-18,4-Class,GSR,
University of Alabama at Birmingham,Women's CC/Track,,,,,
University of Alabama at Birmingham,Women's CC/Track,Am. Ind./AN,-,-,-,
University of Alabama at Birmingham,Women's CC/Track,,,,,
University of Alabama at Birmingham,Women's CC/Track,Asian,-,-,-,
University of Alabama at Birmingham,Women's CC/Track,,,,,
University of Alabama at Birmingham,Women's CC/Track,Black,67-a,64-c,91-c,
University of Alabama at Birmingham,Women's CC/Track,,,,,
University of Alabama at Birmingham,Women's CC/Track,Hispanic,-,50-a,100-a,
University of Alabama at Birmingham,Women's CC/Track,,,,,
University of Alabama at Birmingham,Women's CC/Track,Nat. Haw./PI,-,-,-,
University of Alabama at Birmingham,Women's CC/Track,,,,,
University of Alabama at Birmingham,Women's CC/Track,US N-R,100-a,100-a,100-a,
University of Alabama at Birmingham,Women's CC/Track,,,,,
University of Alabama at Birmingham,Women's CC/Track,Two or More,-,-,-,
University of Alabama at Birmingham,Women's CC/Track,,,,,
University of Alabama at Birmingham,Women's CC/Track,Unknown,-,-,-,
University of Alabama at Birmingham,Women's CC/Track,,,,,
University of Alabama at Birmingham,Women's CC/Track,White,50-a,70-b,88-b,
University of Alabama at Birmingham,Women's CC/Track,,,,,
University of Alabama at Birmingham,Women's CC/Track,Total,63-b,68-e,92-e,
University of Alabama at Birmingham,Women's Other,,2017-18,4-Class,GSR,
University of Alabama at Birmingham,Women's Other,,,,,
University of Alabama at Birmingham,Women's Other,Am. Ind./AN,-,100-a,100-a,
University of Alabama at Birmingham,Women's Other,,,,,
University of Alabama at Birmingham,Women's Other,Asian,-,100-a,100-a,
University of Alabama at Birmingham,Women's Other,,,,,
University of Alabama at Birmingham,Women's Other,Black,75-a,75-c,91-c,
University of Alabama at Birmingham,Women's Other,,,,,
University of Alabama at Birmingham,Women's Other,Hispanic,75-a,83-b,86-b,
University of Alabama at Birmingham,Women's Other,,,,,
University of Alabama at Birmingham,Women's Other,Nat. Haw./PI,-,-,-,
University of Alabama at Birmingham,Women's Other,,,,,
University of Alabama at Birmingham,Women's Other,US N-R,100-a,80-c,94-d,
University of Alabama at Birmingham,Women's Other,,,,,
University of Alabama at Birmingham,Women's Other,Two or More,0-a,38-b,100-a,
University of Alabama at Birmingham,Women's Other,,,,,
University of Alabama at Birmingham,Women's Other,Unknown,-,-,-,
University of Alabama at Birmingham,Women's Other,,,,,
University of Alabama at Birmingham,Women's Other,White,44-d,67-e,96-e,
University of Alabama at Birmingham,Women's Other,,,,,
University of Alabama at Birmingham,Women's Other,Total,59-e,69-e,95-e,
