Race,"All Students, Men 2017-18 N","All Students 2017-18, Men %","All Students, Men 4-Class N","All Students, Men %","All Studens, Women 2017-18 N","All Students, Women 2017-2018 %","All Students, Women 4-Class N","All Students, Women 4-Class %","All Students, Total 2017-18 N","All Students, Total 2017-18 %","All Students, Total 4-Class N","All Students, Total 4-Class %",Source_All,School_All,Student-Athletes Men 17-18 N,Student-Athletes Men 17-18 %,Student-Athletes Men 4-Class N,Student-Athletes  Men 4-Class %,Student-Athletes Men GSR N,Student-Athletes Men GSR %,Student-Athletes Women 17-18 N,Student-Athletes Women 17-18 %,Student-Athletes Women 4-Class N,Student-Athletes Women 4-Class %,Student-Athletes Women GSR N,Student-Athletes Women GSR %,Student-Athletes Total 17-18 N,Student-Athletes Total 17-18 %,Student-Athletes Total 4-Class N,Student-Athletes Total 4-Class %,Student-Athletes Total GSR N,Student-Athletes Total GSR %,Source_SA,School_SA,val19,val20,val21,val22,val23,val24,val25,val26,val27,val28,val29,val30,val31,val32,val33,val34,val35,val36,val37,val38,val39,val40,val41,val42,val43,val44,val45,val46,val47,val48,val49,val50
Total,3983,55,14755,55,4547,61,17070,60,8530,59,31825,58,All Students,Arizona State University,45,60,162,48,156,74,36,78,138,78,150,89,81,68,300,62,306,82,Student-Athletes,Arizona State University,,,,,,,,,,,,,,,,,,,,,,,,,,,,,,,,
Total,693,33,2610,34,962,38,3483,39,1655,36,6093,37,All Students,Arkansas State University,33,52,117,51,154,67,31,52,108,58,100,75,64,52,225,55,254,70,Student-Athletes,Arkansas State University,,,,,,,,,,,,,,,,,,,,,,,,,,,,,,,,
Total,1958,63,7591,64,2207,72,8404,70,4165,68,15995,67,All Students,Auburn University,47,60,189,52,188,66,53,74,179,72,159,91,100,67,368,62,347,78,Student-Athletes,Auburn University,,,,,,,,,,,,,,,,,,,,,,,,,,,,,,,,
Total,495,30,1947,31,678,40,2807,37,1173,36,4754,35,All Students,Austin Peay State University,32,59,95,56,166,72,39,79,119,66,112,84,71,70,214,62,278,77,Student-Athletes,Austin Peay State University,,,,,,,,,,,,,,,,,,,,,,,,,,,,,,,,
Total,1489,56,5925,54,1993,63,7712,60,3482,60,13637,58,All Students,Ball State University,36,67,144,55,187,66,41,78,153,67,161,78,77,73,297,61,348,72,Student-Athletes,Ball State University,,,,,,,,,,,,,,,,,,,,,,,,,,,,,,,,
Total,1103,72,4561,71,1618,77,6875,74,2721,75,11436,73,All Students,Baylor University,40,68,147,60,142,81,41,73,158,72,140,94,81,70,305,66,282,88,Student-Athletes,Baylor University,,,,,,,,,,,,,,,,,,,,,,,,,,,,,,,,
Total,346,67,1257,67,453,69,1822,68,799,68,3079,68,All Students,Belmont University,20,75,67,81,69,100,25,80,96,74,87,93,45,78,163,77,156,96,Student-Athletes,Belmont University,,,,,,,,,,,,,,,,,,,,,,,,,,,,,,,,
Total,310,44,1417,35,511,62,2036,47,821,55,3453,42,All Students,Bethune-Cookman University,33,42,124,44,158,58,28,61,73,53,82,78,61,51,197,48,240,65,Student-Athletes,Bethune-Cookman University,,,,,,,,,,,,,,,,,,,,,,,,,,,,,,,,
Total,1183,77,4645,75,1032,85,4106,84,2215,81,8751,79,All Students,Binghamton University,47,74,131,66,134,80,38,87,116,75,109,92,85,80,247,70,243,85,Student-Athletes,Binghamton University,,,,,,,,,,,,,,,,,,,,,,,,,,,,,,,,
Total,896,39,3306,31,1035,44,3832,34,1931,41,7138,33,All Students,Boise State University,31,77,115,67,133,79,36,56,116,59,124,79,67,66,231,63,257,79,Student-Athletes,Boise State University,,,,,,,,,,,,,,,,,,,,,,,,,,,,,,,,
Total,1143,90,4469,90,1144,92,4719,93,2287,91,9188,91,All Students,Boston College,42,71,146,69,235,93,43,79,167,83,167,98,85,75,313,76,402,95,Student-Athletes,Boston College,,,,,,,,,,,,,,,,,,,,,,,,,,,,,,,,
Total,1627,84,6582,83,2536,85,10266,85,4163,84,16848,84,All Students,Boston University,27,74,101,73,96,93,44,91,159,85,153,96,71,85,260,80,249,95,Student-Athletes,Boston University,,,,,,,,,,,,,,,,,,,,,,,,,,,,,,,,
Total,1438,49,6275,53,1795,58,7982,61,3233,54,14257,58,All Students,Bowling Green State University,38,47,171,60,161,80,44,77,150,79,136,93,82,63,321,69,297,86,Student-Athletes,Bowling Green State University,,,,,,,,,,,,,,,,,,,,,,,,,,,,,,,,
Total,481,72,1847,74,598,78,2446,77,1079,76,4293,75,All Students,Bradley University,15,47,52,56,63,84,17,88,75,83,75,96,32,69,127,72,138,91,Student-Athletes,Bradley University,,,,,,,,,,,,,,,,,,,,,,,,,,,,,,,,
Total,775,77,3115,79,2343,78,9524,77,3118,78,12639,78,All Students,Brigham Young University,25,56,109,50,134,58,33,88,141,78,146,86,58,74,250,66,280,73,Student-Athletes,Brigham Young University,,,,,,,,,,,,,,,,,,,,,,,,,,,,,,,,
Total,665,94,2778,94,816,95,3035,96,1481,94,5813,95,All Students,Brown University,0,-,0,-,398,98,0,-,0,-,388,97,0,-,0,-,786,98,Student-Athletes,Brown University,,,,,,,,,,,,,,,,,,,,,,,,,,,,,,,,
Total,479,83,1864,79,370,80,1374,80,849,82,3238,79,All Students,Bryant University,48,88,155,73,355,90,27,70,84,73,186,95,75,81,239,73,541,92,Student-Athletes,Bryant University,,,,,,,,,,,,,,,,,,,,,,,,,,,,,,,,
Total,446,89,1783,90,441,92,1851,92,887,91,3634,91,All Students,Bucknell University,40,85,125,88,144,94,33,91,131,95,132,98,73,88,256,92,276,96,Student-Athletes,Bucknell University,,,,,,,,,,,,,,,,,,,,,,,,,,,,,,,,
Total,374,71,1418,71,612,76,2321,75,986,74,3739,74,All Students,Butler University,22,77,86,57,185,82,21,86,84,82,108,95,43,81,170,69,293,87,Student-Athletes,Butler University,,,,,,,,,,,,,,,,,,,,,,,,,,,,,,,,
Total,2528,66,8236,68,1885,80,6407,81,4413,72,14643,74,All Students,California Polytechnic State University,56,68,192,63,215,69,29,66,121,75,113,86,85,67,313,67,328,75,Student-Athletes,California Polytechnic State University,,,,,,,,,,,,,,,,,,,,,,,,,,,,,,,,
Total,289,30,1117,34,584,45,2120,45,873,40,3237,41,All Students,California State University Bakersfield,27,41,72,42,90,61,28,54,97,56,111,74,55,47,169,50,201,68,Student-Athletes,California State University Bakersfield,,,,,,,,,,,,,,,,,,,,,,,,,,,,,,,,
Total,1026,44,3898,44,1527,52,5782,52,2553,49,9680,49,All Students,California State University Fresno,35,46,150,51,145,65,42,69,135,64,138,82,77,58,285,57,283,73,Student-Athletes,California State University Fresno,,,,,,,,,,,,,,,,,,,,,,,,,,,,,,,,
Total,1611,46,6109,45,2431,59,9032,56,4042,53,15141,52,All Students,California State University Fullerton,25,32,100,33,83,57,36,78,122,68,107,82,61,59,222,52,190,71,Student-Athletes,California State University Fullerton,,,,,,,,,,,,,,,,,,,,,,,,,,,,,,,,
Total,1697,41,5881,41,2281,49,8173,50,3978,46,14054,47,All Students,California State University Northridge,29,41,116,41,132,55,33,73,140,71,144,81,62,58,256,58,276,68,Student-Athletes,California State University Northridge,,,,,,,,,,,,,,,,,,,,,,,,,,,,,,,,
Total,983,36,4455,38,1486,44,5531,44,2469,41,9986,41,All Students,California State University Sacramento,25,44,116,38,182,62,39,77,141,76,153,87,64,64,257,59,335,73,Student-Athletes,California State University Sacramento,,,,,,,,,,,,,,,,,,,,,,,,,,,,,,,,
Total,439,47,1471,49,448,51,1675,53,887,49,3146,51,All Students,Campbell University,25,52,110,53,120,75,35,69,134,66,110,92,60,62,244,60,230,83,Student-Athletes,Campbell University,,,,,,,,,,,,,,,,,,,,,,,,,,,,,,,,
Total,380,67,1429,67,466,68,1828,70,846,68,3257,68,All Students,Canisius University,21,81,103,66,119,80,25,76,93,76,88,89,46,78,196,71,207,84,Student-Athletes,Canisius University,,,,,,,,,,,,,,,,,,,,,,,,,,,,,,,,
Total,86,52,278,54,114,64,395,60,200,59,673,58,All Students,Centenary College (Louisiana),34,47,34,47,18,100,35,51,35,51,19,100,69,49,69,49,37,100,Student-Athletes,Centenary College (Louisiana),,,,,,,,,,,,,,,,,,,,,,,,,,,,,,,,
Total,790,46,2821,44,676,59,2538,56,1466,52,5359,50,All Students,Central Connecticut State University,37,46,109,53,110,71,26,54,82,57,68,78,63,49,191,55,178,74,Student-Athletes,Central Connecticut State University,,,,,,,,,,,,,,,,,,,,,,,,,,,,,,,,
Total,1589,56,6351,53,2179,62,8671,59,3768,59,15022,56,All Students,Central Michigan University,40,50,170,45,144,63,39,69,138,75,125,90,79,59,308,59,269,75,Student-Athletes,Central Michigan University,,,,,,,,,,,,,,,,,,,,,,,,,,,,,,,,
Total,263,30,874,31,412,40,1360,41,675,36,2234,37,All Students,Charleston Southern University,31,39,120,43,110,66,29,55,109,61,91,84,60,47,229,51,201,74,Student-Athletes,Charleston Southern University,,,,,,,,,,,,,,,,,,,,,,,,,,,,,,,,
Total,117,25,553,19,255,19,1145,19,372,21,1698,19,All Students,Chicago State University,16,50,49,47,67,57,14,43,41,59,46,78,30,47,90,52,113,65,Student-Athletes,Chicago State University,,,,,,,,,,,,,,,,,,,,,,,,,,,,,,,,
Total,1398,79,5882,77,1303,86,5461,84,2701,83,11343,80,All Students,Clemson University,50,62,225,60,163,84,34,85,186,84,186,97,84,71,411,71,349,91,Student-Athletes,Clemson University,,,,,,,,,,,,,,,,,,,,,,,,,,,,,,,,
Total,510,31,1819,31,622,32,2087,31,1132,32,3906,31,All Students,Cleveland State University,40,48,112,48,69,78,25,68,115,65,94,85,65,55,227,57,163,82,Student-Athletes,Cleveland State University,,,,,,,,,,,,,,,,,,,,,,,,,,,,,,,,
Total,761,41,2786,42,886,50,3140,49,1647,46,5926,46,All Students,Coastal Carolina University,47,66,185,50,167,78,43,65,122,64,106,91,90,66,307,56,273,83,Student-Athletes,Coastal Carolina University,,,,,,,,,,,,,,,,,,,,,,,,,,,,,,,,
Total,362,89,1391,90,382,92,1563,90,744,91,2954,90,All Students,Colgate University,36,83,143,86,215,97,25,84,109,89,157,100,61,84,252,87,372,98,Student-Athletes,Colgate University,,,,,,,,,,,,,,,,,,,,,,,,,,,,,,,,
Total,709,62,2595,63,1352,66,5349,67,2061,64,7944,66,All Students,College of Charleston (South Carolina),25,44,93,57,108,68,26,81,107,75,115,81,51,63,200,67,223,74,Student-Athletes,College of Charleston (South Carolina),,,,,,,,,,,,,,,,,,,,,,,,,,,,,,,,
Total,320,88,1294,91,398,94,1601,93,718,91,2895,92,All Students,College of the Holy Cross,42,86,169,86,170,97,32,97,190,95,183,100,74,91,359,91,353,99,Student-Athletes,College of the Holy Cross,,,,,,,,,,,,,,,,,,,,,,,,,,,,,,,,
Total,1965,62,7041,60,2387,65,8805,66,4352,64,15846,64,All Students,Colorado State University,29,66,112,61,120,77,34,74,142,73,116,89,63,70,254,68,236,83,Student-Athletes,Colorado State University,,,,,,,,,,,,,,,,,,,,,,,,,,,,,,,,
Total,700,94,2884,93,671,93,3155,92,1371,93,6039,93,All Students,Columbia University-Barnard College,0,-,0,-,327,98,0,-,0,-,289,97,0,-,0,-,616,97,Student-Athletes,Columbia University-Barnard College,,,,,,,,,,,,,,,,,,,,,,,,,,,,,,,,
Total,134,16,544,14,421,13,1786,16,555,14,2330,15,All Students,Coppin State University,13,15,32,28,36,69,13,46,44,55,48,75,26,31,76,43,84,73,Student-Athletes,Coppin State University,,,,,,,,,,,,,,,,,,,,,,,,,,,,,,,,
Total,1551,92,6285,92,1454,95,6026,95,3005,93,12311,93,All Students,Cornell University,0,-,0,-,387,93,0,-,0,-,308,98,0,-,0,-,695,95,Student-Athletes,Cornell University,,,,,,,,,,,,,,,,,,,,,,,,,,,,,,,,
Total,370,78,1536,76,577,74,2314,76,947,76,3850,76,All Students,Creighton University,16,50,71,61,67,93,15,80,90,84,88,99,31,65,161,74,155,96,Student-Athletes,Creighton University,,,,,,,,,,,,,,,,,,,,,,,,,,,,,,,,
Total,557,95,2150,94,557,94,2192,96,1114,95,4342,95,All Students,Dartmouth College,0,-,0,-,388,98,0,-,0,-,316,100,0,-,0,-,704,99,Student-Athletes,Dartmouth College,,,,,,,,,,,,,,,,,,,,,,,,,,,,,,,,
Total,230,91,908,90,234,94,939,94,464,93,1847,92,All Students,Davidson College,26,77,95,87,164,98,23,100,91,96,87,100,49,88,186,91,251,98,Student-Athletes,Davidson College,,,,,,,,,,,,,,,,,,,,,,,,,,,,,,,,
Total,1055,69,4076,66,1458,72,5664,70,2513,70,9740,68,All Students,DePaul University,15,67,67,64,59,86,25,84,87,79,81,96,40,78,154,73,140,92,Student-Athletes,DePaul University,,,,,,,,,,,,,,,,,,,,,,,,,,,,,,,,
Total,304,29,1317,29,495,42,1872,41,799,37,3189,36,All Students,Delaware State University,23,48,95,43,140,59,31,77,104,63,117,74,54,65,199,54,257,66,Student-Athletes,Delaware State University,,,,,,,,,,,,,,,,,,,,,,,,,,,,,,,,
Total,366,57,1308,68,557,62,1871,68,923,60,3179,68,All Students,Drake University,9,89,50,76,163,83,32,81,98,81,89,98,41,83,148,79,252,88,Student-Athletes,Drake University,,,,,,,,,,,,,,,,,,,,,,,,,,,,,,,,
Total,1314,66,5397,64,944,75,3503,73,2258,70,8900,68,All Students,Drexel University,30,73,108,74,108,88,35,89,116,85,111,97,65,82,224,80,219,93,Student-Athletes,Drexel University,,,,,,,,,,,,,,,,,,,,,,,,,,,,,,,,
Total,854,92,3461,93,845,96,3283,95,1699,94,6744,94,All Students,Duke University,47,74,184,82,246,95,35,89,141,88,171,99,82,80,325,84,417,97,Student-Athletes,Duke University,,,,,,,,,,,,,,,,,,,,,,,,,,,,,,,,
Total,508,74,1876,71,694,77,2628,77,1202,76,4504,74,All Students,Duquesne University,44,73,130,72,146,83,39,85,141,83,132,94,83,78,271,78,278,88,Student-Athletes,Duquesne University,,,,,,,,,,,,,,,,,,,,,,,,,,,,,,,,
Total,1662,52,5674,55,2533,59,8977,60,4195,57,14651,58,All Students,East Carolina University,52,60,196,56,176,73,36,75,139,73,126,89,88,66,335,63,302,79,Student-Athletes,East Carolina University,,,,,,,,,,,,,,,,,,,,,,,,,,,,,,,,
Total,855,37,2902,37,1063,45,3772,44,1918,41,6674,41,All Students,East Tennessee State University,14,50,80,53,87,74,25,72,121,57,105,79,39,64,201,55,192,77,Student-Athletes,East Tennessee State University,,,,,,,,,,,,,,,,,,,,,,,,,,,,,,,,
Total,653,55,2722,55,988,64,4049,64,1641,60,6771,60,All Students,Eastern Illinois University,48,56,184,60,171,85,28,75,127,71,115,88,76,63,311,65,286,86,Student-Athletes,Eastern Illinois University,,,,,,,,,,,,,,,,,,,,,,,,,,,,,,,,
Total,1084,36,4116,35,1349,41,5606,39,2433,39,9722,37,All Students,Eastern Kentucky University,32,47,116,54,129,74,30,60,122,57,118,86,62,53,238,56,247,79,Student-Athletes,Eastern Kentucky University,,,,,,,,,,,,,,,,,,,,,,,,,,,,,,,,
Total,1020,35,3814,34,1345,41,5405,42,2365,38,9219,38,All Students,Eastern Michigan University,58,53,195,52,196,66,34,79,133,74,124,90,92,63,328,61,320,75,Student-Athletes,Eastern Michigan University,,,,,,,,,,,,,,,,,,,,,,,,,,,,,,,,
Total,543,41,2249,43,770,49,3460,49,1313,45,5709,46,All Students,Eastern Washington University,15,33,77,38,77,57,21,57,75,48,59,83,36,47,152,43,136,68,Student-Athletes,Eastern Washington University,,,,,,,,,,,,,,,,,,,,,,,,,,,,,,,,
Total,540,79,2027,81,746,84,3009,83,1286,82,5036,82,All Students,Elon University,50,76,178,71,172,85,36,83,116,84,112,95,86,79,294,77,284,89,Student-Athletes,Elon University,,,,,,,,,,,,,,,,,,,,,,,,,,,,,,,,
Total,346,83,1478,81,496,82,2056,83,842,82,3534,82,All Students,Fairfield University,28,82,86,74,84,94,36,72,136,81,132,98,64,77,222,78,216,96,Student-Athletes,Fairfield University,,,,,,,,,,,,,,,,,,,,,,,,,,,,,,,,
Total,190,35,734,41,210,57,978,51,400,47,1712,46,All Students,Fairleigh Dickinson University Metropolitan Campus,18,44,79,43,86,57,31,77,100,66,97,75,49,65,179,56,183,67,Student-Athletes,Fairleigh Dickinson University Metropolitan Campus,,,,,,,,,,,,,,,,,,,,,,,,,,,,,,,,
Total,783,35,3107,28,1071,46,4217,38,1854,41,7324,34,All Students,Florida A&M University,34,44,117,44,138,47,26,42,84,51,92,54,60,43,201,47,230,50,Student-Athletes,Florida A&M University,,,,,,,,,,,,,,,,,,,,,,,,,,,,,,,,
Total,1237,37,4238,37,1326,45,4876,46,2563,41,9114,42,All Students,Florida Atlantic University,35,66,153,50,165,61,32,50,117,65,125,82,67,58,270,56,290,70,Student-Athletes,Florida Atlantic University,,,,,,,,,,,,,,,,,,,,,,,,,,,,,,,,
Total,752,38,2232,39,935,49,3067,49,1687,44,5299,45,All Students,Florida Gulf Coast University,21,38,52,38,86,62,37,46,76,49,89,72,58,43,128,45,175,67,Student-Athletes,Florida Gulf Coast University,,,,,,,,,,,,,,,,,,,,,,,,,,,,,,,,
Total,1523,44,6482,40,1707,58,7972,53,3230,52,14454,47,All Students,Florida International University,30,37,143,39,156,58,22,68,104,59,112,79,52,50,247,47,268,66,Student-Athletes,Florida International University,,,,,,,,,,,,,,,,,,,,,,,,,,,,,,,,
Total,2671,73,10234,72,3437,80,14315,77,6108,77,24549,75,All Students,Florida State University,47,64,181,55,169,78,31,74,129,71,125,93,78,68,310,62,294,84,Student-Athletes,Florida State University,,,,,,,,,,,,,,,,,,,,,,,,,,,,,,,,
Total,850,81,3046,79,910,80,3819,80,1760,81,6865,80,All Students,Fordham University,47,81,183,79,174,89,30,87,112,83,110,95,77,83,295,81,284,92,Student-Athletes,Fordham University,,,,,,,,,,,,,,,,,,,,,,,,,,,,,,,,
Total,285,82,1213,83,414,86,1582,86,699,84,2795,85,All Students,Furman University,44,59,164,72,151,86,19,95,82,82,77,95,63,70,246,75,228,89,Student-Athletes,Furman University,,,,,,,,,,,,,,,,,,,,,,,,,,,,,,,,
Total,170,54,666,47,250,55,1001,53,420,54,1667,51,All Students,Gardner-Webb University,57,58,202,57,180,80,27,74,124,71,102,96,84,63,326,63,282,86,Student-Athletes,Gardner-Webb University,,,,,,,,,,,,,,,,,,,,,,,,,,,,,,,,
Total,952,60,4129,60,1222,72,5099,69,2174,67,9228,65,All Students,George Mason University,22,59,83,61,92,75,29,59,114,68,101,86,51,59,197,65,193,81,Student-Athletes,George Mason University,,,,,,,,,,,,,,,,,,,,,,,,,,,,,,,,
Total,925,79,4232,78,1198,82,5362,82,2123,81,9594,81,All Students,George Washington University,18,67,105,76,102,93,27,81,145,80,127,97,45,76,250,78,229,95,Student-Athletes,George Washington University,,,,,,,,,,,,,,,,,,,,,,,,,,,,,,,,
Total,713,91,2848,93,864,93,3370,94,1577,92,6218,93,All Students,Georgetown University,40,85,167,82,158,92,29,93,117,94,116,99,69,88,284,87,274,95,Student-Athletes,Georgetown University,,,,,,,,,,,,,,,,,,,,,,,,,,,,,,,,
Total,1768,80,7223,78,854,86,3224,85,2622,82,10447,80,All Students,Georgia Institute of Technology,47,77,180,64,166,75,25,68,94,76,89,91,72,74,274,68,255,81,Student-Athletes,Georgia Institute of Technology,,,,,,,,,,,,,,,,,,,,,,,,,,,,,,,,
Total,1626,45,6303,41,1402,57,5561,56,3028,50,11864,48,All Students,Georgia Southern University,27,70,144,51,181,58,29,55,126,67,122,80,56,63,270,59,303,67,Student-Athletes,Georgia Southern University,,,,,,,,,,,,,,,,,,,,,,,,,,,,,,,,
Total,1035,46,3833,44,1486,58,5459,54,2521,53,9292,50,All Students,Georgia State University,15,60,65,57,70,86,27,56,103,60,99,87,42,57,168,59,169,86,Student-Athletes,Georgia State University,,,,,,,,,,,,,,,,,,,,,,,,,,,,,,,,
Total,485,83,1855,81,550,81,2114,82,1035,82,3969,82,All Students,Gonzaga University,26,73,88,77,86,97,18,100,84,90,86,98,44,84,172,84,172,97,Student-Athletes,Gonzaga University,,,,,,,,,,,,,,,,,,,,,,,,,,,,,,,,
Total,570,25,2076,22,600,37,2419,35,1170,31,4495,29,All Students,Grambling State University,49,45,110,39,127,48,27,56,91,59,98,66,76,49,201,48,225,56,Student-Athletes,Grambling State University,,,,,,,,,,,,,,,,,,,,,,,,,,,,,,,,
Total,45,24,230,28,67,34,348,32,112,30,578,30,All Students,Grand Canyon University,23,17,148,32,153,48,27,59,110,53,125,67,50,40,258,41,278,57,Student-Athletes,Grand Canyon University,,,,,,,,,,,,,,,,,,,,,,,,,,,,,,,,
Total,450,48,1728,48,757,73,3021,63,1207,63,4749,58,All Students,Hampton University,25,68,74,61,117,56,19,68,80,64,87,75,44,68,154,62,204,64,Student-Athletes,Hampton University,,,,,,,,,,,,,,,,,,,,,,,,,,,,,,,,
Total,814,98,3242,97,838,98,3355,98,1652,98,6597,97,All Students,Harvard University,0,-,0,-,383,97,0,-,0,-,289,99,0,-,0,-,672,98,Student-Athletes,Harvard University,,,,,,,,,,,,,,,,,,,,,,,,,,,,,,,,
Total,308,60,860,57,440,63,1198,62,748,62,2058,60,All Students,High Point University,24,58,83,55,62,82,15,93,77,82,68,97,39,72,160,68,130,90,Student-Athletes,High Point University,,,,,,,,,,,,,,,,,,,,,,,,,,,,,,,,
Total,809,58,3277,57,907,66,3617,64,1716,62,6894,60,All Students,Hofstra University,40,45,165,61,112,85,28,75,119,79,125,89,68,57,284,69,237,87,Student-Athletes,Hofstra University,,,,,,,,,,,,,,,,,,,,,,,,,,,,,,,,
Total,153,39,463,40,303,46,852,47,456,43,1315,44,All Students,Houston Christian University,11,45,23,43,56,88,18,67,33,67,60,87,29,59,56,57,116,87,Student-Athletes,Houston Christian University,,,,,,,,,,,,,,,,,,,,,,,,,,,,,,,,
Total,423,55,1830,58,1025,64,3961,67,1448,61,5791,64,All Students,Howard University,26,69,89,62,122,59,29,72,93,72,107,73,55,71,182,67,229,66,Student-Athletes,Howard University,,,,,,,,,,,,,,,,,,,,,,,,,,,,,,,,
Total,343,22,1378,23,431,39,1771,33,774,31,3149,28,All Students,Idaho State University,22,36,90,31,112,48,30,57,116,53,113,73,52,48,206,44,225,61,Student-Athletes,Idaho State University,,,,,,,,,,,,,,,,,,,,,,,,,,,,,,,,
Total,1253,66,4810,67,1887,75,8597,73,3140,72,13407,71,All Students,Illinois State University,34,71,137,64,156,81,40,80,145,75,141,93,74,76,282,70,297,87,Student-Athletes,Illinois State University,,,,,,,,,,,,,,,,,,,,,,,,,,,,,,,,
Total,766,36,2986,39,921,46,3437,46,1687,42,6423,42,All Students,Indiana State University,29,48,104,40,137,45,23,61,113,66,103,81,52,54,217,54,240,60,Student-Athletes,Indiana State University,,,,,,,,,,,,,,,,,,,,,,,,,,,,,,,,
Total,3455,75,12765,72,3702,79,14747,76,7157,77,27512,74,All Students,Indiana University Bloomington,53,62,232,58,202,75,49,76,183,77,166,95,102,69,415,66,368,84,Student-Athletes,Indiana University Bloomington,,,,,,,,,,,,,,,,,,,,,,,,,,,,,,,,
Total,935,46,3608,36,1369,43,5279,38,2304,44,8887,38,All Students,Indiana University Indianapolis,21,71,71,58,69,70,25,60,104,63,107,78,46,65,175,61,176,74,Student-Athletes,Indiana University Indianapolis,,,,,,,,,,,,,,,,,,,,,,,,,,,,,,,,
Total,420,59,1589,56,486,66,1886,66,906,63,3475,62,All Students,Iona University,20,75,85,61,94,80,49,73,147,69,121,93,69,74,232,66,215,87,Student-Athletes,Iona University,,,,,,,,,,,,,,,,,,,,,,,,,,,,,,,,
Total,2387,65,8728,66,1920,72,6950,73,4307,68,15678,69,All Students,Iowa State University,27,30,130,46,143,65,35,74,139,76,129,91,62,55,269,61,272,77,Student-Athletes,Iowa State University,,,,,,,,,,,,,,,,,,,,,,,,,,,,,,,,
Total,374,39,1599,35,539,52,2329,48,913,47,3928,43,All Students,Jackson State University,23,26,113,42,141,48,28,57,106,60,114,75,51,43,219,51,255,60,Student-Athletes,Jackson State University,,,,,,,,,,,,,,,,,,,,,,,,,,,,,,,,
Total,556,26,2023,25,696,34,2472,36,1252,31,4495,31,All Students,Jacksonville State University,26,42,124,45,139,60,32,53,117,53,98,79,58,48,241,49,237,68,Student-Athletes,Jacksonville State University,,,,,,,,,,,,,,,,,,,,,,,,,,,,,,,,
Total,307,32,1156,36,274,45,948,44,581,38,2104,39,All Students,Jacksonville University,27,48,89,46,160,69,34,79,121,65,109,91,61,66,210,57,269,78,Student-Athletes,Jacksonville University,,,,,,,,,,,,,,,,,,,,,,,,,,,,,,,,
Total,1465,79,5323,79,2402,83,9366,83,3867,81,14689,81,All Students,James Madison University,35,69,134,60,146,70,44,93,155,85,156,92,79,82,289,74,302,81,Student-Athletes,James Madison University,,,,,,,,,,,,,,,,,,,,,,,,,,,,,,,,
Total,1632,57,6173,57,1619,63,6441,61,3251,60,12614,59,All Students,Kansas State University,40,48,154,48,159,70,49,80,223,74,224,84,89,65,377,63,383,79,Student-Athletes,Kansas State University,,,,,,,,,,,,,,,,,,,,,,,,,,,,,,,,
Total,963,36,3430,35,1393,48,5151,46,2356,43,8581,42,All Students,Kennesaw State University,16,44,65,38,59,68,25,52,91,63,84,81,41,49,156,53,143,76,Student-Athletes,Kennesaw State University,,,,,,,,,,,,,,,,,,,,,,,,,,,,,,,,
Total,1422,48,5618,47,2299,54,9263,53,3721,52,14881,51,All Students,Kent State University,43,70,163,58,173,67,36,81,142,77,132,92,79,75,305,67,305,78,Student-Athletes,Kent State University,,,,,,,,,,,,,,,,,,,,,,,,,,,,,,,,
Total,323,54,1441,61,447,73,1753,72,770,65,3194,67,All Students,La Salle University,30,47,125,59,103,79,34,85,156,78,134,96,64,67,281,70,237,88,Student-Athletes,La Salle University,,,,,,,,,,,,,,,,,,,,,,,,,,,,,,,,
Total,314,86,1268,88,277,91,1157,90,591,88,2425,89,All Students,Lafayette College,43,84,192,88,192,96,27,93,121,88,111,98,70,87,313,88,303,97,Student-Athletes,Lafayette College,,,,,,,,,,,,,,,,,,,,,,,,,,,,,,,,
Total,553,29,2445,28,863,38,3611,34,1416,35,6056,32,All Students,Lamar University,16,50,57,37,104,72,26,46,82,51,90,70,42,48,139,45,194,71,Student-Athletes,Lamar University,,,,,,,,,,,,,,,,,,,,,,,,,,,,,,,,
Total,715,83,2723,85,450,90,1936,90,1165,86,4659,87,All Students,Lehigh University,48,75,186,78,168,88,25,84,123,91,128,97,73,78,309,83,296,92,Student-Athletes,Lehigh University,,,,,,,,,,,,,,,,,,,,,,,,,,,,,,,,
Total,1220,47,4308,44,1266,58,4661,54,2486,53,8969,49,All Students,Liberty University,27,67,137,63,154,72,27,85,87,76,96,88,54,76,224,68,250,78,Student-Athletes,Liberty University,,,,,,,,,,,,,,,,,,,,,,,,,,,,,,,,
Total,233,65,904,58,342,63,1249,61,575,64,2153,60,All Students,Lipscomb University,16,75,90,52,80,79,27,70,93,73,85,89,43,72,183,63,165,84,Student-Athletes,Lipscomb University,,,,,,,,,,,,,,,,,,,,,,,,,,,,,,,,
Total,1514,56,5744,52,2620,63,10265,59,4134,60,16009,56,All Students,Long Beach State University,21,57,72,56,102,76,22,64,95,64,108,82,43,60,167,60,210,80,Student-Athletes,Long Beach State University,,,,,,,,,,,,,,,,,,,,,,,,,,,,,,,,
Total,215,25,949,24,544,24,2223,24,759,24,3172,24,All Students,Long Island University,14,50,65,60,63,78,28,54,93,72,101,87,42,52,158,67,164,84,Student-Athletes,Long Island University,,,,,,,,,,,,,,,,,,,,,,,,,,,,,,,,
Total,334,54,1339,53,650,68,2549,65,984,63,3888,61,All Students,Longwood University,18,56,88,57,78,73,33,82,134,75,117,91,51,73,222,68,195,84,Student-Athletes,Longwood University,,,,,,,,,,,,,,,,,,,,,,,,,,,,,,,,
Total,2170,66,9130,61,2415,68,10616,64,4585,67,19746,62,All Students,Louisiana State University,55,51,189,50,160,74,28,89,140,74,143,89,83,64,329,60,303,81,Student-Athletes,Louisiana State University,,,,,,,,,,,,,,,,,,,,,,,,,,,,,,,,
Total,808,45,3450,45,661,55,2747,54,1469,50,6197,49,All Students,Louisiana Tech University,40,65,139,62,148,78,37,54,112,58,104,86,77,60,251,60,252,81,Student-Athletes,Louisiana Tech University,,,,,,,,,,,,,,,,,,,,,,,,,,,,,,,,
Total,523,73,2126,75,743,78,3146,78,1266,76,5272,77,All Students,Loyola Marymount University,26,54,81,60,72,92,33,76,114,78,118,90,59,66,195,71,190,91,Student-Athletes,Loyola Marymount University,,,,,,,,,,,,,,,,,,,,,,,,,,,,,,,,
Total,658,72,2693,72,1377,71,5343,68,2035,71,8036,70,All Students,Loyola University Chicago,14,93,57,86,63,95,23,70,94,78,87,97,37,78,151,81,150,96,Student-Athletes,Loyola University Chicago,,,,,,,,,,,,,,,,,,,,,,,,,,,,,,,,
Total,434,82,1528,83,545,87,2246,84,979,84,3774,83,All Students,Loyola University Maryland,19,79,65,82,66,95,25,84,88,83,84,94,44,82,153,82,150,95,Student-Athletes,Loyola University Maryland,,,,,,,,,,,,,,,,,,,,,,,,,,,,,,,,
Total,352,72,1355,73,356,76,1420,74,708,74,2775,74,All Students,Manhattan University,38,66,118,69,109,88,33,85,108,85,107,94,71,75,226,77,216,91,Student-Athletes,Manhattan University,,,,,,,,,,,,,,,,,,,,,,,,,,,,,,,,
Total,458,78,1774,77,561,82,2255,83,1019,80,4029,80,All Students,Marist University,37,81,119,71,245,80,42,83,161,82,146,97,79,82,280,78,391,86,Student-Athletes,Marist University,,,,,,,,,,,,,,,,,,,,,,,,,,,,,,,,
Total,845,76,3293,78,966,80,3937,82,1811,78,7230,80,All Students,Marquette University,22,41,66,64,68,82,22,91,77,88,80,96,44,66,143,77,148,90,Student-Athletes,Marquette University,,,,,,,,,,,,,,,,,,,,,,,,,,,,,,,,
Total,745,38,2921,40,911,50,3646,48,1656,44,6567,45,All Students,Marshall University,39,44,130,45,140,64,33,73,143,66,139,83,72,57,273,56,279,74,Student-Athletes,Marshall University,,,,,,,,,,,,,,,,,,,,,,,,,,,,,,,,
Total,520,34,2263,32,702,41,3035,41,1222,38,5298,37,All Students,McNeese State University,35,63,137,55,154,66,24,67,124,56,122,78,59,64,261,55,276,71,Student-Athletes,McNeese State University,,,,,,,,,,,,,,,,,,,,,,,,,,,,,,,,
Total,265,54,1064,58,337,64,1418,63,602,59,2482,61,All Students,Mercer University,17,47,71,52,75,79,21,81,95,73,82,96,38,66,166,64,157,88,Student-Athletes,Mercer University,,,,,,,,,,,,,,,,,,,,,,,,,,,,,,,,
Total,1554,78,6134,78,1902,83,7577,82,3456,81,13711,80,All Students,Miami University (Ohio),57,77,211,71,200,85,45,89,151,81,145,90,102,82,362,75,345,87,Student-Athletes,Miami University (Ohio),,,,,,,,,,,,,,,,,,,,,,,,,,,,,,,,
Total,3210,76,12617,76,4058,79,16285,79,7268,78,28902,78,All Students,Michigan State University,65,54,226,64,219,80,55,71,200,76,177,94,120,62,426,69,396,86,Student-Athletes,Michigan State University,,,,,,,,,,,,,,,,,,,,,,,,,,,,,,,,
Total,1707,41,6216,42,1864,50,6912,49,3571,46,13128,46,All Students,Middle Tennessee State University,38,63,114,62,134,85,23,65,104,61,94,90,61,64,218,61,228,87,Student-Athletes,Middle Tennessee State University,,,,,,,,,,,,,,,,,,,,,,,,,,,,,,,,
Total,1157,59,3954,57,1105,63,3891,62,2262,61,7845,59,All Students,Mississippi State University,45,62,167,48,151,77,22,82,121,74,116,92,67,69,288,59,267,84,Student-Athletes,Mississippi State University,,,,,,,,,,,,,,,,,,,,,,,,,,,,,,,,
Total,229,22,845,20,256,29,853,30,485,26,1698,25,All Students,Mississippi Valley State University,28,43,126,33,208,33,31,58,89,56,107,62,59,51,215,42,315,43,Student-Athletes,Mississippi Valley State University,,,,,,,,,,,,,,,,,,,,,,,,,,,,,,,,
Total,1096,50,4381,51,1514,56,6198,57,2610,53,10579,54,All Students,Missouri State University,42,52,155,59,159,72,44,59,163,67,138,93,86,56,318,63,297,82,Student-Athletes,Missouri State University,,,,,,,,,,,,,,,,,,,,,,,,,,,,,,,,
Total,406,62,1701,61,538,60,2090,64,944,61,3791,63,All Students,Monmouth University,45,76,153,61,128,85,34,82,135,78,118,98,79,78,288,69,246,91,Student-Athletes,Monmouth University,,,,,,,,,,,,,,,,,,,,,,,,,,,,,,,,
Total,1061,44,4486,45,791,57,3284,55,1852,49,7770,49,All Students,Montana State University-Bozeman,22,77,97,58,118,79,19,74,81,78,82,93,41,76,178,67,200,85,Student-Athletes,Montana State University-Bozeman,,,,,,,,,,,,,,,,,,,,,,,,,,,,,,,,
Total,511,43,1806,38,651,46,2416,43,1162,45,4222,41,All Students,Morehead State University,16,63,75,45,195,61,24,75,88,73,92,87,40,70,163,60,287,69,Student-Athletes,Morehead State University,,,,,,,,,,,,,,,,,,,,,,,,,,,,,,,,
Total,591,27,2133,25,701,41,2639,37,1292,35,4772,31,All Students,Morgan State University,16,56,70,47,104,54,11,64,55,62,70,77,27,59,125,54,174,63,Student-Athletes,Morgan State University,,,,,,,,,,,,,,,,,,,,,,,,,,,,,,,,
Total,192,65,692,68,256,66,1010,72,448,66,1702,70,All Students,Mount St. Mary's University,37,76,121,72,84,80,34,74,115,80,97,92,71,75,236,76,181,86,Student-Athletes,Mount St. Mary's University,,,,,,,,,,,,,,,,,,,,,,,,,,,,,,,,
Total,556,50,2332,49,832,55,3295,56,1388,53,5627,53,All Students,Murray State University,24,46,115,57,138,78,29,59,134,63,104,87,53,53,249,60,242,82,Student-Athletes,Murray State University,,,,,,,,,,,,,,,,,,,,,,,,,,,,,,,,
Total,148,70,1948,54,581,55,987,58,729,58,2935,55,All Students,New Jersey Institute of Technology,16,31,102,58,94,68,20,60,69,67,56,84,36,47,171,61,150,74,Student-Athletes,New Jersey Institute of Technology,,,,,,,,,,,,,,,,,,,,,,,,,,,,,,,,
Total,984,37,3741,40,1123,49,4445,49,2107,43,8186,44,All Students,New Mexico State University,22,41,87,40,125,63,29,59,129,64,135,81,51,51,216,54,260,73,Student-Athletes,New Mexico State University,,,,,,,,,,,,,,,,,,,,,,,,,,,,,,,,
Total,302,63,1128,64,435,67,1767,68,737,65,2895,66,All Students,Niagara University,19,79,102,67,97,86,28,75,118,78,93,96,47,77,220,73,190,91,Student-Athletes,Niagara University,,,,,,,,,,,,,,,,,,,,,,,,,,,,,,,,
Total,416,35,1670,33,628,46,2603,41,1044,42,4273,38,All Students,Nicholls State University,27,33,117,38,138,69,20,55,97,55,95,81,47,43,214,45,233,74,Student-Athletes,Nicholls State University,,,,,,,,,,,,,,,,,,,,,,,,,,,,,,,,
Total,359,29,1540,30,485,43,2249,40,844,37,3789,36,All Students,Norfolk State University,27,52,97,43,120,51,15,60,61,57,65,74,42,55,158,49,185,59,Student-Athletes,Norfolk State University,,,,,,,,,,,,,,,,,,,,,,,,,,,,,,,,
Total,750,35,3844,34,819,50,4248,47,1569,43,8092,41,All Students,North Carolina A&T State University,12,42,81,41,88,44,10,70,67,69,73,77,22,55,148,53,161,59,Student-Athletes,North Carolina A&T State University,,,,,,,,,,,,,,,,,,,,,,,,,,,,,,,,
Total,472,32,1571,35,764,45,2835,44,1236,40,4406,41,All Students,North Carolina Central University,38,39,96,45,104,59,19,53,49,59,52,81,57,44,145,50,156,66,Student-Athletes,North Carolina Central University,,,,,,,,,,,,,,,,,,,,,,,,,,,,,,,,
Total,2613,72,9607,70,2178,77,7831,76,4791,75,17438,73,All Students,North Carolina State University,43,70,186,61,179,77,42,71,142,67,117,88,85,71,328,64,296,81,Student-Athletes,North Carolina State University,,,,,,,,,,,,,,,,,,,,,,,,,,,,,,,,
Total,1160,52,4450,52,965,55,3773,53,2125,53,8223,53,All Students,North Dakota State University,34,50,156,62,175,77,25,68,96,69,77,95,59,58,252,64,252,82,Student-Athletes,North Dakota State University,,,,,,,,,,,,,,,,,,,,,,,,,,,,,,,,
Total,1395,82,5645,77,1472,84,5770,80,2867,83,11415,79,All Students,Northeastern University,29,66,140,69,70,89,38,82,116,76,111,93,67,75,256,72,181,91,Student-Athletes,Northeastern University,,,,,,,,,,,,,,,,,,,,,,,,,,,,,,,,
Total,1204,45,4043,44,1673,52,5739,54,2877,49,9782,50,All Students,Northern Arizona University,30,40,93,47,109,76,46,72,119,71,109,94,76,59,212,60,218,85,Student-Athletes,Northern Arizona University,,,,,,,,,,,,,,,,,,,,,,,,,,,,,,,,
Total,1413,50,5914,53,1584,52,6449,55,2997,51,12363,54,All Students,Northern Illinois University,39,82,179,69,179,86,25,76,102,79,96,95,64,80,281,73,275,89,Student-Athletes,Northern Illinois University,,,,,,,,,,,,,,,,,,,,,,,,,,,,,,,,
Total,820,35,3153,32,1035,40,4116,40,1855,38,7269,36,All Students,Northern Kentucky University,15,53,71,54,136,62,22,59,95,66,119,85,37,57,166,61,255,73,Student-Athletes,Northern Kentucky University,,,,,,,,,,,,,,,,,,,,,,,,,,,,,,,,
Total,440,38,1788,34,746,38,2965,38,1186,38,4753,37,All Students,Northwestern State University,23,39,124,44,154,62,29,55,109,57,110,75,52,48,233,50,264,68,Student-Athletes,Northwestern State University,,,,,,,,,,,,,,,,,,,,,,,,,,,,,,,,
Total,922,93,3711,93,1057,95,4194,95,1979,94,7905,94,All Students,Northwestern University,48,90,181,88,175,95,54,89,197,88,184,98,102,89,378,88,359,96,Student-Athletes,Northwestern University,,,,,,,,,,,,,,,,,,,,,,,,,,,,,,,,
Total,847,40,3170,38,1372,45,5303,44,2219,43,8473,42,All Students,Oakland University,34,53,125,56,112,76,41,61,130,63,115,83,75,57,255,60,227,80,Student-Athletes,Oakland University,,,,,,,,,,,,,,,,,,,,,,,,,,,,,,,,
Total,52,67,5607,61,34,79,6286,68,86,72,11893,65,All Students,Ohio University,44,68,169,63,171,73,31,84,176,72,139,92,75,75,345,68,310,81,Student-Athletes,Ohio University,,,,,,,,,,,,,,,,,,,,,,,,,,,,,,,,
Total,1512,55,6070,58,1599,64,6520,63,3111,60,12590,61,All Students,Oklahoma State University,47,45,164,47,177,62,20,50,81,65,89,87,67,46,245,53,266,70,Student-Athletes,Oklahoma State University,,,,,,,,,,,,,,,,,,,,,,,,,,,,,,,,
Total,1186,47,3896,45,1327,55,5543,53,2513,51,9439,50,All Students,Old Dominion University,30,43,99,43,125,66,24,75,107,74,101,89,54,57,206,59,226,76,Student-Athletes,Old Dominion University,,,,,,,,,,,,,,,,,,,,,,,,,,,,,,,,
Total,208,48,1130,40,268,57,1384,45,476,53,2514,43,All Students,Oral Roberts University,12,58,48,46,90,68,18,72,60,67,80,88,30,67,108,57,170,77,Student-Athletes,Oral Roberts University,,,,,,,,,,,,,,,,,,,,,,,,,,,,,,,,
Total,1538,58,5860,59,1436,66,5581,63,2974,61,11441,61,All Students,Oregon State University,50,44,172,48,165,70,29,55,160,73,148,89,79,48,332,60,313,79,Student-Athletes,Oregon State University,,,,,,,,,,,,,,,,,,,,,,,,,,,,,,,,
Total,3369,83,14138,83,3121,87,12770,88,6490,85,26908,86,All Students,Pennsylvania State University,67,73,266,74,271,85,42,83,174,86,169,95,109,77,440,79,440,89,Student-Athletes,Pennsylvania State University,,,,,,,,,,,,,,,,,,,,,,,,,,,,,,,,
Total,339,75,1247,76,412,85,1688,84,751,80,2935,81,All Students,Pepperdine University,29,38,74,45,58,88,20,65,80,74,70,94,49,49,154,60,128,91,Student-Athletes,Pepperdine University,,,,,,,,,,,,,,,,,,,,,,,,,,,,,,,,
Total,629,33,2304,33,697,46,2638,44,1326,40,4942,39,All Students,Portland State University,23,30,91,31,110,63,26,46,116,53,103,75,49,39,207,43,213,69,Student-Athletes,Portland State University,,,,,,,,,,,,,,,,,,,,,,,,,,,,,,,,
Total,836,42,2615,33,657,30,2837,37,1493,37,5452,35,All Students,Prairie View A&M University,22,23,100,40,137,51,22,77,74,59,79,78,44,50,174,48,216,61,Student-Athletes,Prairie View A&M University,,,,,,,,,,,,,,,,,,,,,,,,,,,,,,,,
Total,164,59,653,62,126,79,655,73,290,68,1308,67,All Students,Presbyterian College,34,65,152,64,117,86,15,93,87,74,76,92,49,73,239,67,193,89,Student-Athletes,Presbyterian College,,,,,,,,,,,,,,,,,,,,,,,,,,,,,,,,
Total,650,96,2592,95,593,98,2275,97,1243,97,4867,96,All Students,Princeton University,0,-,0,-,413,96,0,-,0,-,326,98,0,-,0,-,739,97,Student-Athletes,Princeton University,,,,,,,,,,,,,,,,,,,,,,,,,,,,,,,,
Total,430,87,1826,86,559,83,2286,85,989,85,4112,86,All Students,Providence College,30,63,123,70,111,86,33,82,147,79,149,93,63,73,270,75,260,90,Student-Athletes,Providence College,,,,,,,,,,,,,,,,,,,,,,,,,,,,,,,,
Total,3593,68,15155,67,2832,74,11384,73,6425,71,26539,70,All Students,Purdue University,40,65,169,67,185,74,29,76,120,78,119,93,69,70,289,72,304,82,Student-Athletes,Purdue University,,,,,,,,,,,,,,,,,,,,,,,,,,,,,,,,
Total,768,23,2680,22,778,26,2849,27,1546,25,5529,25,All Students,Purdue University Fort Wayne,19,53,71,62,104,83,22,64,93,60,90,81,41,59,164,61,194,82,Student-Athletes,Purdue University Fort Wayne,,,,,,,,,,,,,,,,,,,,,,,,,,,,,,,,
Total,499,72,2066,75,858,79,3409,78,1357,76,5475,77,All Students,Quinnipiac University,29,69,93,65,87,79,28,68,118,75,106,86,57,68,211,71,193,83,Student-Athletes,Quinnipiac University,,,,,,,,,,,,,,,,,,,,,,,,,,,,,,,,
Total,784,54,2951,53,1056,62,4337,61,1840,59,7288,58,All Students,Radford University,21,62,90,72,96,83,35,74,124,76,112,92,56,70,214,74,208,88,Student-Athletes,Radford University,,,,,,,,,,,,,,,,,,,,,,,,,,,,,,,,
Total,396,88,1482,90,346,94,1420,94,742,91,2902,92,All Students,Rice University,39,72,144,76,148,89,25,92,101,92,104,98,64,80,245,82,252,92,Student-Athletes,Rice University,,,,,,,,,,,,,,,,,,,,,,,,,,,,,,,,
Total,421,60,1602,61,569,70,2228,68,990,66,3830,65,All Students,Rider University,42,60,142,63,111,88,36,78,137,76,113,96,78,68,279,69,224,92,Student-Athletes,Rider University,,,,,,,,,,,,,,,,,,,,,,,,,,,,,,,,
Total,385,53,1607,53,279,60,1069,66,664,56,2676,58,All Students,Robert Morris University,45,62,161,54,153,67,41,78,150,75,143,87,86,70,311,64,296,77,Student-Athletes,Robert Morris University,,,,,,,,,,,,,,,,,,,,,,,,,,,,,,,,
Total,1599,62,6199,61,685,75,2318,75,2284,66,8517,65,All Students,Rochester Institute of Technology,0,-,0,-,0,-,0,-,0,-,0,-,b.,Student-Athletes,,,,,Student-Athletes,Rochester Institute of Technology,,,,,,,,,,,,,,,,,,,,,,,,,,,,,,,,
Total,2762,77,10360,75,2534,83,10027,81,5296,79,20387,78,All Students,Rutgers The State University of New Jersey New Brunswick,2762,77,10360,75,2534,83,10027,81,5296,79,20387,78,b.,Student-Athletes,Freshman,Rate,Freshman,Rate,Student-Athletes,Rutgers The State University of New Jersey New Brunswick,Freshman,Rate,Men,Women,Total,2007-08,4-Class,GSR,2007-08,4-Class,GSR,2007-08,4-Class,GSR,N,%,N,%,N,%,N,%,N,%,N,%,N,%,N,%,N,%
Total,2762,77,10360,75,2534,83,10027,81,5296,79,20387,78,All Students,Rutgers The State University of New Jersey New Brunswick,53,55,229,62,192,81,49,78,204,78,182,91,102,66,433,70,374,86,Student-Athletes,Rutgers The State University of New Jersey New Brunswick,,,,,,,,,,,,,,,,,,,,,,,,,,,,,,,,
Total,376,68,1403,64,580,71,2246,68,956,69,3649,67,All Students,Sacred Heart University,58,62,182,63,177,72,47,74,170,76,157,90,105,68,352,69,334,81,Student-Athletes,Sacred Heart University,,,,,,,,,,,,,,,,,,,,,,,,,,,,,,,,
Total,145,66,562,62,258,74,910,70,403,71,1472,67,All Students,Saint Francis University,24,88,118,64,101,82,47,72,193,69,164,85,71,77,311,67,265,84,Student-Athletes,Saint Francis University,,,,,,,,,,,,,,,,,,,,,,,,,,,,,,,,
Total,538,77,2195,76,546,80,2237,79,1084,79,4432,78,All Students,Saint Joseph's University,36,78,145,77,134,90,31,84,119,85,115,94,67,81,264,81,249,92,Student-Athletes,Saint Joseph's University,,,,,,,,,,,,,,,,,,,,,,,,,,,,,,,,
Total,691,67,2551,68,935,72,3598,73,1626,70,6149,71,All Students,Saint Louis University,21,52,78,59,78,79,37,68,120,78,107,95,58,62,198,70,185,89,Student-Athletes,Saint Louis University,,,,,,,,,,,,,,,,,,,,,,,,,,,,,,,,
Total,228,54,925,58,334,63,1490,62,562,60,2415,60,All Students,Saint Mary's College of California,22,64,73,60,66,89,30,70,107,72,83,96,52,67,180,67,149,93,Student-Athletes,Saint Mary's College of California,,,,,,,,,,,,,,,,,,,,,,,,,,,,,,,,
Total,261,52,1051,49,296,54,1065,55,557,53,2116,52,All Students,Saint Peter's University,30,57,91,58,75,88,25,72,86,71,78,88,55,64,177,64,153,88,Student-Athletes,Saint Peter's University,,,,,,,,,,,,,,,,,,,,,,,,,,,,,,,,
Total,947,48,3616,47,1266,53,5104,55,2213,51,8720,52,All Students,Sam Houston State University,43,51,120,52,163,61,29,62,121,63,114,81,72,56,241,57,277,69,Student-Athletes,Sam Houston State University,,,,,,,,,,,,,,,,,,,,,,,,,,,,,,,,
Total,252,71,988,67,459,68,1731,73,711,69,2719,71,All Students,Samford University,35,77,148,67,126,95,29,76,111,81,96,99,64,77,259,73,222,97,Student-Athletes,Samford University,,,,,,,,,,,,,,,,,,,,,,,,,,,,,,,,
Total,1811,63,6233,62,2653,70,9217,69,4464,67,15450,66,All Students,San Diego State University,44,66,137,56,158,67,49,67,197,71,213,84,93,67,334,65,371,77,Student-Athletes,San Diego State University,,,,,,,,,,,,,,,,,,,,,,,,,,,,,,,,
Total,3079,57,9306,54,3346,63,10033,61,6425,60,19339,58,All Students,San Jose State University,29,45,100,44,138,57,36,61,136,63,137,78,65,54,236,55,275,67,Student-Athletes,San Jose State University,,,,,,,,,,,,,,,,,,,,,,,,,,,,,,,,
Total,582,83,2226,85,619,85,2684,86,1201,84,4910,86,All Students,Santa Clara University,20,75,91,73,109,92,26,62,88,77,93,99,46,67,179,75,202,95,Student-Athletes,Santa Clara University,,,,,,,,,,,,,,,,,,,,,,,,,,,,,,,,
Total,268,24,1219,23,344,33,1464,38,612,29,2683,31,All Students,Savannah State University,26,35,92,28,91,41,8,50,35,51,42,57,34,38,127,35,133,46,Student-Athletes,Savannah State University,,,,,,,,,,,,,,,,,,,,,,,,,,,,,,,,
Total,257,74,1085,76,479,78,1845,75,736,77,2930,75,All Students,Seattle University,25,68,48,71,82,90,32,91,86,86,117,97,57,81,134,81,199,94,Student-Athletes,Seattle University,,,,,,,,,,,,,,,,,,,,,,,,,,,,,,,,
Total,592,60,2139,60,664,68,2520,69,1256,64,4659,65,All Students,Seton Hall University,30,70,93,62,81,86,25,76,98,83,96,98,55,73,191,73,177,93,Student-Athletes,Seton Hall University,,,,,,,,,,,,,,,,,,,,,,,,,,,,,,,,
Total,318,77,1262,75,463,82,1744,78,781,80,3006,76,All Students,Siena College,27,70,116,65,99,86,42,86,143,83,127,97,69,80,259,75,226,92,Student-Athletes,Siena College,,,,,,,,,,,,,,,,,,,,,,,,,,,,,,,,
Total,640,30,1539,30,652,42,1737,42,1292,36,3276,36,All Students,South Carolina State University,11,91,63,49,65,65,13,54,72,63,77,74,24,71,135,56,142,70,Student-Athletes,South Carolina State University,,,,,,,,,,,,,,,,,,,,,,,,,,,,,,,,
Total,935,53,3621,55,918,60,3662,58,1853,57,7283,57,All Students,South Dakota State University,43,56,153,63,160,72,44,68,160,77,147,90,87,62,313,70,307,81,Student-Athletes,South Dakota State University,,,,,,,,,,,,,,,,,,,,,,,,,,,,,,,,
Total,703,36,2416,40,947,46,3541,49,1650,42,5957,45,All Students,Southeast Missouri State University,25,44,95,43,133,70,29,66,116,63,103,84,54,56,211,54,236,76,Student-Athletes,Southeast Missouri State University,,,,,,,,,,,,,,,,,,,,,,,,,,,,,,,,
Total,1066,30,3832,29,1458,40,5690,38,2524,36,9522,34,All Students,Southeastern Louisiana University,37,49,126,40,140,66,22,73,86,57,100,79,59,58,212,47,240,72,Student-Athletes,Southeastern Louisiana University,,,,,,,,,,,,,,,,,,,,,,,,,,,,,,,,
Total,807,51,2988,50,1026,50,4031,53,1833,50,7019,51,All Students,Southern Illinois University Edwardsville,16,69,64,61,83,78,22,73,93,73,88,94,38,71,157,68,171,87,Student-Athletes,Southern Illinois University Edwardsville,,,,,,,,,,,,,,,,,,,,,,,,,,,,,,,,
Total,1414,38,5471,42,1127,50,4207,51,2541,43,9678,46,All Students,Southern Illinois University at Carbondale,39,62,139,60,186,73,27,70,94,74,98,95,66,65,233,66,284,80,Student-Athletes,Southern Illinois University at Carbondale,,,,,,,,,,,,,,,,,,,,,,,,,,,,,,,,
Total,609,75,2468,74,697,82,2921,80,1306,79,5389,77,All Students,Southern Methodist University,32,53,115,60,122,72,32,78,125,75,123,91,64,66,240,68,245,82,Student-Athletes,Southern Methodist University,,,,,,,,,,,,,,,,,,,,,,,,,,,,,,,,
Total,520,25,2267,22,658,37,3036,32,1178,32,5303,28,All Students,Southern University Baton Rouge,26,42,123,46,110,54,27,56,99,54,80,66,53,49,222,49,190,59,Student-Athletes,Southern University Baton Rouge,,,,,,,,,,,,,,,,,,,,,,,,,,,,,,,,
Total,277,47,972,38,566,55,2111,50,843,53,3083,46,All Students,Southern Utah University,18,44,83,33,97,46,32,53,109,58,94,85,50,50,192,47,191,65,Student-Athletes,Southern Utah University,,,,,,,,,,,,,,,,,,,,,,,,,,,,,,,,
Total,263,65,1010,63,264,68,1027,68,527,67,2037,65,All Students,St. Bonaventure University,32,63,96,61,86,86,30,83,114,77,95,96,62,73,210,70,181,91,Student-Athletes,St. Bonaventure University,,,,,,,,,,,,,,,,,,,,,,,,,,,,,,,,
Total,217,50,956,50,261,54,966,53,478,52,1922,52,All Students,St. Francis College Brooklyn,15,80,54,59,56,84,18,72,55,65,63,87,33,76,109,62,119,86,Student-Athletes,St. Francis College Brooklyn,,,,,,,,,,,,,,,,,,,,,,,,,,,,,,,,
Total,1450,51,5592,54,1676,59,6663,61,3126,55,12255,57,All Students,St. John's University (New York),24,63,98,49,80,83,21,67,91,70,89,96,45,64,189,59,169,89,Student-Athletes,St. John's University (New York),,,,,,,,,,,,,,,,,,,,,,,,,,,,,,,,
Total,849,94,3364,94,872,97,3280,97,1721,96,6644,95,All Students,Stanford University,66,94,229,92,221,98,62,98,231,97,233,97,128,96,460,95,454,98,Student-Athletes,Stanford University,,,,,,,,,,,,,,,,,,,,,,,,,,,,,,,,
Total,893,38,3094,38,1375,46,4874,47,2268,43,7968,44,All Students,Stephen F. Austin State University,40,35,147,46,193,53,32,72,120,63,118,75,72,51,267,54,311,62,Student-Athletes,Stephen F. Austin State University,,,,,,,,,,,,,,,,,,,,,,,,,,,,,,,,
Total,235,60,942,61,322,67,1326,65,557,64,2268,63,All Students,Stetson University,19,95,83,67,82,84,33,88,109,80,109,95,52,90,192,74,191,91,Student-Athletes,Stetson University,,,,,,,,,,,,,,,,,,,,,,,,,,,,,,,,
Total,1442,62,5171,62,1317,71,4916,72,2759,66,10087,67,All Students,Stony Brook University,30,50,132,49,147,73,42,79,127,74,126,85,72,67,259,61,273,79,Student-Athletes,Stony Brook University,,,,,,,,,,,,,,,,,,,,,,,,,,,,,,,,
Total,1336,79,5246,79,1756,83,6796,83,3092,81,12042,81,All Students,Syracuse University,36,61,135,67,130,80,49,78,183,78,164,95,85,71,318,73,294,88,Student-Athletes,Syracuse University,,,,,,,,,,,,,,,,,,,,,,,,,,,,,,,,
Total,1907,64,6666,64,2478,68,8333,68,4385,66,14999,66,All Students,Temple University,38,66,137,58,157,80,36,69,140,75,143,84,74,68,277,66,300,82,Student-Athletes,Temple University,,,,,,,,,,,,,,,,,,,,,,,,,,,,,,,,
Total,442,24,1779,27,776,32,3061,35,1218,29,4840,32,All Students,Tennessee State University,24,38,83,40,113,46,22,45,66,52,69,81,46,41,149,45,182,59,Student-Athletes,Tennessee State University,,,,,,,,,,,,,,,,,,,,,,,,,,,,,,,,
Total,919,49,3432,48,730,53,2617,54,1649,51,6049,50,All Students,Tennessee Technological University,30,50,128,57,134,75,33,64,112,64,91,84,63,57,240,60,225,79,Student-Athletes,Tennessee Technological University,,,,,,,,,,,,,,,,,,,,,,,,,,,,,,,,
Total,630,37,1968,37,882,43,3014,42,1512,40,4982,40,All Students,Texas A&M University-Corpus Christi,14,57,43,40,72,72,24,33,74,45,84,82,38,42,117,43,156,78,Student-Athletes,Texas A&M University-Corpus Christi,,,,,,,,,,,,,,,,,,,,,,,,,,,,,,,,
Total,3951,75,14150,76,4074,83,14726,83,8025,79,28876,80,All Students,Texas A&M University College Station,43,56,182,57,212,69,42,74,173,79,181,85,85,65,355,67,393,76,Student-Athletes,Texas A&M University College Station,,,,,,,,,,,,,,,,,,,,,,,,,,,,,,,,
Total,674,73,2580,73,965,78,3915,76,1639,76,6495,75,All Students,Texas Christian University,50,66,156,69,167,84,37,78,122,70,107,92,87,71,278,69,274,87,Student-Athletes,Texas Christian University,,,,,,,,,,,,,,,,,,,,,,,,,,,,,,,,
Total,522,14,2930,10,617,18,3444,14,1139,16,6374,12,All Students,Texas Southern University,15,40,137,40,182,47,13,69,110,41,120,48,28,54,247,40,302,48,Student-Athletes,Texas Southern University,,,,,,,,,,,,,,,,,,,,,,,,,,,,,,,,
Total,1337,50,5000,50,1900,62,7048,60,3237,57,12048,56,All Students,Texas State University,33,48,146,46,162,68,26,65,132,62,139,81,59,56,278,54,301,74,Student-Athletes,Texas State University,,,,,,,,,,,,,,,,,,,,,,,,,,,,,,,,
Total,2374,56,8245,58,2065,63,7632,65,4439,59,15877,61,All Students,Texas Tech University,39,64,160,54,171,74,28,50,113,63,107,86,67,58,273,58,278,79,Student-Athletes,Texas Tech University,,,,,,,,,,,,,,,,,,,,,,,,,,,,,,,,
Total,572,69,2139,69,38,71,145,72,610,69,2284,69,All Students,The Citadel,43,63,165,62,126,84,18,72,61,75,50,90,61,66,226,66,176,86,Student-Athletes,The Citadel,,,,,,,,,,,,,,,,,,,,,,,,,,,,,,,,
Total,3116,82,12338,79,3039,85,12039,83,6155,83,24377,81,All Students,The Ohio State University,97,70,308,69,299,84,68,79,224,83,225,95,165,74,532,75,524,89,Student-Athletes,The Ohio State University,,,,,,,,,,,,,,,,,,,,,,,,,,,,,,,,
Total,1406,53,5239,51,1520,55,5909,56,2926,54,11148,54,All Students,The University of North Carolina at Charlotte,32,75,105,66,97,92,36,89,117,75,114,92,68,82,222,71,211,92,Student-Athletes,The University of North Carolina at Charlotte,,,,,,,,,,,,,,,,,,,,,,,,,,,,,,,,
Total,742,50,2787,47,1689,58,6602,57,2431,55,9389,54,All Students,The University of North Carolina at Greensboro,30,53,118,51,89,74,22,73,91,74,90,89,52,62,209,61,179,82,Student-Athletes,The University of North Carolina at Greensboro,,,,,,,,,,,,,,,,,,,,,,,,,,,,,,,,
Total,528,40,2148,42,815,48,3540,50,1343,45,5688,47,All Students,The University of Southern Mississippi,33,55,136,50,163,73,27,63,120,62,117,83,60,58,256,55,280,77,Student-Athletes,The University of Southern Mississippi,,,,,,,,,,,,,,,,,,,,,,,,,,,,,,,,
Total,1127,33,4548,32,1400,44,5583,45,2527,39,10131,39,All Students,The University of Texas Rio Grande Valley,12,50,54,46,79,72,13,46,64,59,72,78,25,48,118,53,151,75,Student-Athletes,The University of Texas Rio Grande Valley,,,,,,,,,,,,,,,,,,,,,,,,,,,,,,,,
Total,351,69,1392,64,300,69,1217,70,651,69,2609,67,All Students,The University of Tulsa,28,57,121,60,137,77,33,70,143,76,140,95,61,64,264,69,277,86,Student-Athletes,The University of Tulsa,,,,,,,,,,,,,,,,,,,,,,,,,,,,,,,,
Total,979,61,3691,59,1670,68,6279,67,2649,65,9970,64,All Students,Towson University,40,48,139,65,132,71,53,74,185,76,176,89,93,62,324,71,308,81,Student-Athletes,Towson University,,,,,,,,,,,,,,,,,,,,,,,,,,,,,,,,
Total,723,31,2598,28,944,39,3351,40,1667,36,5949,35,All Students,Troy University,28,68,134,49,201,69,30,63,123,60,113,84,58,66,257,54,314,74,Student-Athletes,Troy University,,,,,,,,,,,,,,,,,,,,,,,,,,,,,,,,
Total,604,73,1833,70,718,79,1973,76,1322,76,3806,73,All Students,Tulane University,29,66,103,62,85,88,11,82,45,62,36,94,40,70,148,62,121,90,Student-Athletes,Tulane University,,,,,,,,,,,,,,,,,,,,,,,,,,,,,,,,
Total,945,88,4043,83,241,82,940,80,1186,86,4983,82,All Students,U.S. Air Force Academy,0,-,0,-,397,89,0,-,0,-,162,91,0,-,0,-,559,90,Student-Athletes,U.S. Air Force Academy,,,,,,,,,,,,,,,,,,,,,,,,,,,,,,,,
Total,1057,84,4129,84,214,83,745,83,1271,84,4874,84,All Students,U.S. Military Academy,0,-,0,-,813,89,0,-,0,-,237,92,0,-,0,-,1050,90,Student-Athletes,U.S. Military Academy,,,,,,,,,,,,,,,,,,,,,,,,,,,,,,,,
Total,921,88,3743,88,240,87,957,89,1161,88,4700,88,All Students,U.S. Naval Academy,0,-,0,-,629,88,0,-,0,-,208,94,0,-,0,-,837,89,Student-Athletes,U.S. Naval Academy,,,,,,,,,,,,,,,,,,,,,,,,,,,,,,,,
Total,1626,68,6646,66,1376,77,5959,73,3002,72,12605,69,All Students,University at Buffalo the State University of New York,33,58,166,64,198,69,35,77,158,75,148,86,68,68,324,69,346,77,Student-Athletes,University at Buffalo the State University of New York,,,,,,,,,,,,,,,,,,,,,,,,,,,,,,,,
Total,2836,59,10760,58,3395,64,12610,64,6231,61,23370,61,All Students,University of Arizona,43,37,174,45,168,64,29,66,139,73,133,88,72,49,313,58,301,75,Student-Athletes,University of Arizona,,,,,,,,,,,,,,,,,,,,,,,,,,,,,,,,
Total,1452,58,5364,56,1425,63,5318,63,2877,60,10682,59,All Students,University of Arkansas Fayetteville,47,51,181,38,145,65,40,63,154,69,148,86,87,56,335,53,293,76,Student-Athletes,University of Arkansas Fayetteville,,,,,,,,,,,,,,,,,,,,,,,,,,,,,,,,
Total,375,24,1413,21,411,28,1465,30,786,26,2878,25,All Students,University of Arkansas Pine Bluff,32,59,90,51,100,59,19,47,72,42,70,67,51,55,162,47,170,62,Student-Athletes,University of Arkansas Pine Bluff,,,,,,,,,,,,,,,,,,,,,,,,,,,,,,,,
Total,341,20,1250,20,471,23,1679,22,812,21,2929,21,All Students,University of Arkansas at Little Rock,12,33,59,46,86,78,25,48,97,51,77,79,37,43,156,49,163,79,Student-Athletes,University of Arkansas at Little Rock,,,,,,,,,,,,,,,,,,,,,,,,,,,,,,,,
Total,1917,89,7388,89,2309,93,8902,92,4226,91,16290,91,All Students,University of California Berkeley,62,69,220,57,227,69,63,86,265,79,254,90,125,78,485,69,481,80,Student-Athletes,University of California Berkeley,,,,,,,,,,,,,,,,,,,,,,,,,,,,,,,,
Total,2034,79,8066,79,2909,83,11018,83,4943,81,19084,82,All Students,University of California Davis,64,70,243,69,187,82,65,86,245,87,181,93,129,78,488,78,368,88,Student-Athletes,University of California Davis,,,,,,,,,,,,,,,,,,,,,,,,,,,,,,,,
Total,2137,84,8164,83,2780,87,9489,87,4917,86,17653,85,All Students,University of California Irvine,34,56,134,63,123,81,27,89,110,80,97,91,61,70,244,71,220,85,Student-Athletes,University of California Irvine,,,,,,,,,,,,,,,,,,,,,,,,,,,,,,,,
Total,2028,89,7356,88,2534,92,10156,92,4562,90,17512,90,All Students,University of California Los Angeles,51,59,236,67,217,84,64,83,206,82,206,91,115,72,442,74,423,87,Student-Athletes,University of California Los Angeles,,,,,,,,,,,,,,,,,,,,,,,,,,,,,,,,
Total,1751,62,6132,63,1950,70,6719,70,3701,66,12851,67,All Students,University of California Riverside,20,45,92,42,102,54,19,74,106,68,109,80,39,59,198,56,211,67,Student-Athletes,University of California Riverside,,,,,,,,,,,,,,,,,,,,,,,,,,,,,,,,
Total,1839,79,6781,77,2482,82,9305,82,4321,81,16086,80,All Students,University of California Santa Barbara,42,57,153,59,154,79,45,76,144,76,140,91,87,67,297,67,294,85,Student-Athletes,University of California Santa Barbara,,,,,,,,,,,,,,,,,,,,,,,,,,,,,,,,
Total,709,37,3677,35,1054,45,5083,46,1763,42,8760,41,All Students,University of Central Arkansas,45,40,146,42,230,66,29,52,130,49,126,83,74,45,276,46,356,72,Student-Athletes,University of Central Arkansas,,,,,,,,,,,,,,,,,,,,,,,,,,,,,,,,
Total,3040,62,11534,60,3310,72,12956,69,6350,67,24490,65,All Students,University of Central Florida,41,44,172,52,136,92,34,56,137,64,121,98,75,49,309,57,257,95,Student-Athletes,University of Central Florida,,,,,,,,,,,,,,,,,,,,,,,,,,,,,,,,
Total,1813,63,6549,60,1712,64,6208,60,3525,64,12757,60,All Students,University of Cincinnati,59,58,209,57,192,72,43,72,152,74,145,87,102,64,361,64,337,79,Student-Athletes,University of Cincinnati,,,,,,,,,,,,,,,,,,,,,,,,,,,,,,,,
Total,2806,67,11007,66,2734,72,10270,71,5540,70,21277,68,All Students,University of Colorado Boulder,34,68,117,60,111,77,24,67,81,72,78,91,58,67,198,65,189,83,Student-Athletes,University of Colorado Boulder,,,,,,,,,,,,,,,,,,,,,,,,,,,,,,,,
Total,1469,81,5917,80,1660,85,6810,84,3129,83,12727,82,All Students,University of Connecticut,46,67,193,54,208,74,41,80,166,81,151,93,87,74,359,66,359,82,Student-Athletes,University of Connecticut,,,,,,,,,,,,,,,,,,,,,,,,,,,,,,,,
Total,870,75,3609,75,893,78,3666,78,1763,77,7275,76,All Students,University of Dayton,19,63,69,67,172,94,27,81,115,80,114,98,46,74,184,75,286,95,Student-Athletes,University of Dayton,,,,,,,,,,,,,,,,,,,,,,,,,,,,,,,,
Total,1441,79,5612,76,2129,84,8173,82,3570,82,13785,79,All Students,University of Delaware,63,70,198,71,205,79,67,81,221,80,208,92,130,75,419,76,413,85,Student-Athletes,University of Delaware,,,,,,,,,,,,,,,,,,,,,,,,,,,,,,,,
Total,511,77,2048,75,619,78,2430,78,1130,78,4478,77,All Students,University of Denver,34,62,116,69,107,86,31,81,131,83,124,97,65,71,247,77,231,92,Student-Athletes,University of Denver,,,,,,,,,,,,,,,,,,,,,,,,,,,,,,,,
Total,213,63,828,58,315,53,1133,54,528,57,1961,56,All Students,University of Detroit Mercy,14,79,50,58,63,75,23,61,92,71,86,85,37,68,142,66,149,81,Student-Athletes,University of Detroit Mercy,,,,,,,,,,,,,,,,,,,,,,,,,,,,,,,,
Total,276,57,1046,61,375,68,1552,68,651,63,2598,65,All Students,University of Evansville,22,68,79,58,64,81,19,74,89,76,77,97,41,71,168,68,141,90,Student-Athletes,University of Evansville,,,,,,,,,,,,,,,,,,,,,,,,,,,,,,,,
Total,2648,85,11591,82,3792,88,15361,87,6440,87,26952,85,All Students,University of Florida,59,53,218,53,192,78,34,56,156,69,146,89,93,54,374,59,338,83,Student-Athletes,University of Florida,,,,,,,,,,,,,,,,,,,,,,,,,,,,,,,,
Total,1733,81,7249,81,2942,84,11639,84,4675,83,18888,83,All Students,University of Georgia,42,55,193,60,198,75,70,80,212,74,198,92,112,71,405,67,396,84,Student-Athletes,University of Georgia,,,,,,,,,,,,,,,,,,,,,,,,,,,,,,,,
Total,556,54,2263,53,581,48,2172,56,1137,51,4435,54,All Students,University of Hartford,17,65,58,50,63,78,16,69,80,79,72,94,33,67,138,67,135,87,Student-Athletes,University of Hartford,,,,,,,,,,,,,,,,,,,,,,,,,,,,,,,,
Total,781,54,3265,51,946,58,3981,56,1727,57,7246,54,All Students,University of Hawaii Manoa,24,46,109,51,148,70,31,58,104,63,113,84,55,53,213,57,261,76,Student-Athletes,University of Hawaii Manoa,,,,,,,,,,,,,,,,,,,,,,,,,,,,,,,,
Total,1611,42,6120,43,1681,53,6682,50,3292,48,12802,46,All Students,University of Houston,38,39,138,45,156,57,39,59,124,50,125,71,77,49,262,47,281,63,Student-Athletes,University of Houston,,,,,,,,,,,,,,,,,,,,,,,,,,,,,,,,
Total,851,49,3381,51,764,59,3091,57,1615,54,6472,54,All Students,University of Idaho,17,47,94,47,131,66,28,68,111,70,110,93,45,60,205,60,241,78,Student-Athletes,University of Idaho,,,,,,,,,,,,,,,,,,,,,,,,,,,,,,,,
Total,1459,56,5143,55,1813,57,6389,56,3272,57,11532,56,All Students,University of Illinois Chicago,30,63,97,61,111,76,32,72,87,77,84,93,62,68,184,68,195,83,Student-Athletes,University of Illinois Chicago,,,,,,,,,,,,,,,,,,,,,,,,,,,,,,,,
Total,3614,82,14863,81,3291,86,13861,86,6905,84,28724,84,All Students,University of Illinois Urbana-Champaign,41,59,181,67,179,81,34,85,144,86,141,96,75,71,325,76,320,88,Student-Athletes,University of Illinois Urbana-Champaign,,,,,,,,,,,,,,,,,,,,,,,,,,,,,,,,
Total,1931,70,7313,70,2322,70,8996,70,4253,70,16309,70,All Students,University of Iowa,59,69,219,68,200,84,61,85,214,83,206,95,120,78,433,75,406,89,Student-Athletes,University of Iowa,,,,,,,,,,,,,,,,,,,,,,,,,,,,,,,,
Total,1944,59,7969,59,2084,64,8439,65,4028,62,16408,62,All Students,University of Kansas,29,79,125,62,129,78,50,84,186,78,185,89,79,82,311,71,314,85,Student-Athletes,University of Kansas,,,,,,,,,,,,,,,,,,,,,,,,,,,,,,,,
Total,1805,57,7284,55,1981,63,8244,62,3786,60,15528,59,All Students,University of Kentucky,57,53,225,50,214,71,41,76,158,70,134,96,98,62,383,58,348,81,Student-Athletes,University of Kentucky,,,,,,,,,,,,,,,,,,,,,,,,,,,,,,,,
Total,501,38,1967,33,892,42,3321,36,1393,40,5288,35,All Students,University of Louisiana Monroe,36,61,131,50,177,56,37,62,112,61,110,75,73,62,243,55,287,63,Student-Athletes,University of Louisiana Monroe,,,,,,,,,,,,,,,,,,,,,,,,,,,,,,,,
Total,1137,40,4647,38,1554,48,6205,46,2691,45,10852,43,All Students,University of Louisiana at Lafayette,36,64,142,58,168,70,28,71,122,72,121,84,64,67,264,64,289,76,Student-Athletes,University of Louisiana at Lafayette,,,,,,,,,,,,,,,,,,,,,,,,,,,,,,,,
Total,1211,53,4578,50,1312,54,4877,53,2523,53,9455,51,All Students,University of Louisville,54,57,199,50,203,69,66,71,183,73,171,92,120,65,382,61,374,80,Student-Athletes,University of Louisville,,,,,,,,,,,,,,,,,,,,,,,,,,,,,,,,
Total,953,54,3576,56,863,57,3357,61,1816,56,6933,58,All Students,University of Maine,38,53,158,58,126,87,34,68,127,72,98,95,72,60,285,65,224,90,Student-Athletes,University of Maine,,,,,,,,,,,,,,,,,,,,,,,,,,,,,,,,
Total,768,60,3234,55,655,70,2425,66,1423,65,5659,60,All Students,University of Maryland Baltimore County,33,52,152,57,154,74,45,73,163,72,142,84,78,64,315,65,296,79,Student-Athletes,University of Maryland Baltimore County,,,,,,,,,,,,,,,,,,,,,,,,,,,,,,,,
Total,2201,81,8479,79,2028,87,8060,86,4229,84,16539,82,All Students,University of Maryland College Park,76,62,254,64,212,80,59,71,205,79,164,95,135,66,459,70,376,86,Student-Athletes,University of Maryland College Park,,,,,,,,,,,,,,,,,,,,,,,,,,,,,,,,
Total,315,24,1451,26,396,52,2297,37,711,40,3748,33,All Students,University of Maryland Eastern Shore,9,11,40,28,31,84,13,46,49,55,52,90,22,32,89,43,83,88,Student-Athletes,University of Maryland Eastern Shore,,,,,,,,,,,,,,,,,,,,,,,,,,,,,,,,
Total,1977,72,8198,68,2288,74,8817,72,4265,73,17015,70,All Students,University of Massachusetts Amherst,52,50,187,56,173,72,51,76,149,79,134,94,103,63,336,66,307,82,Student-Athletes,University of Massachusetts Amherst,,,,,,,,,,,,,,,,,,,,,,,,,,,,,,,,
Total,796,50,2891,48,424,62,1598,60,1220,54,4489,52,All Students,University of Massachusetts Lowell,22,73,128,63,177,68,13,69,99,75,153,90,35,71,227,68,330,78,Student-Athletes,University of Massachusetts Lowell,,,,,,,,,,,,,,,,,,,,,,,,,,,,,,,,
Total,847,38,3307,37,1160,47,4777,41,2007,43,8084,39,All Students,University of Memphis,45,67,170,61,190,81,36,56,114,57,93,91,81,62,284,59,283,84,Student-Athletes,University of Memphis,,,,,,,,,,,,,,,,,,,,,,,,,,,,,,,,
Total,928,79,3877,78,1049,84,4429,82,1977,82,8306,80,All Students,University of Miami (Florida),27,52,121,55,113,87,37,76,121,67,113,96,64,66,242,61,226,92,Student-Athletes,University of Miami (Florida),,,,,,,,,,,,,,,,,,,,,,,,,,,,,,,,
Total,2933,88,11559,88,3018,92,11824,92,5951,90,23383,90,All Students,University of Michigan,64,67,247,70,220,82,48,96,202,89,194,95,112,79,449,78,414,88,Student-Athletes,University of Michigan,,,,,,,,,,,,,,,,,,,,,,,,,,,,,,,,
Total,2329,74,9676,71,2927,76,11834,73,5256,75,21510,72,All Students,University of Minnesota Twin Cities,65,72,255,65,237,81,52,81,197,78,182,94,117,76,452,71,419,87,Student-Athletes,University of Minnesota Twin Cities,,,,,,,,,,,,,,,,,,,,,,,,,,,,,,,,
Total,1141,54,4397,56,1293,62,4937,61,2434,58,9334,59,All Students,University of Mississippi,37,32,148,39,135,70,25,64,115,74,102,91,62,45,263,54,237,79,Student-Athletes,University of Mississippi,,,,,,,,,,,,,,,,,,,,,,,,,,,,,,,,
Total,348,53,1524,46,568,50,2225,48,916,51,3749,47,All Students,University of Missouri-Kansas City,10,60,65,51,70,77,19,58,78,68,93,87,29,59,143,60,163,83,Student-Athletes,University of Missouri-Kansas City,,,,,,,,,,,,,,,,,,,,,,,,,,,,,,,,
Total,2225,66,8778,67,2672,73,10189,72,4897,70,18967,70,All Students,University of Missouri Columbia,54,59,217,58,203,77,40,85,155,85,157,94,94,70,372,69,360,85,Student-Athletes,University of Missouri Columbia,,,,,,,,,,,,,,,,,,,,,,,,,,,,,,,,
Total,749,43,3039,43,888,52,3541,50,1637,48,6580,47,All Students,University of Montana,15,53,100,64,119,70,25,68,105,71,94,88,40,63,205,68,213,78,Student-Athletes,University of Montana,,,,,,,,,,,,,,,,,,,,,,,,,,,,,,,,
Total,2153,63,7715,63,2061,71,7096,69,4214,67,14811,66,All Students,University of Nebraska-Lincoln,54,70,205,55,199,77,62,74,173,73,157,92,116,72,378,63,356,83,Student-Athletes,University of Nebraska-Lincoln,,,,,,,,,,,,,,,,,,,,,,,,,,,,,,,,
Total,762,41,3018,41,834,43,3488,47,1596,42,6506,44,All Students,University of Nebraska at Omaha,35,34,173,48,95,56,25,60,141,64,151,75,60,45,314,55,246,67,Student-Athletes,University of Nebraska at Omaha,,,,,,,,,,,,,,,,,,,,,,,,,,,,,,,,
Total,1181,38,4911,37,1592,47,6428,44,2773,43,11339,41,All Students,University of Nevada Las Vegas,26,27,100,52,139,67,29,76,112,67,126,87,55,53,212,60,265,76,Student-Athletes,University of Nevada Las Vegas,,,,,,,,,,,,,,,,,,,,,,,,,,,,,,,,
Total,1082,45,4144,47,1196,53,4923,54,2278,49,9067,51,All Students,University of Nevada Reno,29,69,105,61,142,75,42,79,156,72,143,85,71,75,261,68,285,80,Student-Athletes,University of Nevada Reno,,,,,,,,,,,,,,,,,,,,,,,,,,,,,,,,
Total,986,79,4277,75,1466,81,6124,79,2452,80,10401,77,All Students,University of New Hampshire,36,69,126,69,115,83,42,76,187,76,162,91,78,73,313,73,277,88,Student-Athletes,University of New Hampshire,,,,,,,,,,,,,,,,,,,,,,,,,,,,,,,,
Total,1213,44,5140,41,1637,51,6693,49,2850,48,11833,46,All Students,University of New Mexico,29,59,164,49,174,69,31,52,156,64,133,86,60,55,320,57,307,76,Student-Athletes,University of New Mexico,,,,,,,,,,,,,,,,,,,,,,,,,,,,,,,,
Total,504,31,1838,25,526,33,2140,29,1030,32,3978,28,All Students,University of New Orleans,7,43,42,40,73,52,5,60,48,44,48,48,12,50,90,42,121,50,Student-Athletes,University of New Orleans,,,,,,,,,,,,,,,,,,,,,,,,,,,,,,,,
Total,230,54,927,53,341,63,1380,60,571,60,2307,57,All Students,University of North Carolina Asheville,20,55,75,57,70,76,9,78,69,65,66,77,29,62,144,61,136,76,Student-Athletes,University of North Carolina Asheville,,,,,,,,,,,,,,,,,,,,,,,,,,,,,,,,
Total,1539,87,6021,87,2338,92,8983,91,3877,90,15004,89,All Students,University of North Carolina Chapel Hill,62,63,256,62,231,81,52,85,196,85,191,93,114,73,452,72,422,86,Student-Athletes,University of North Carolina Chapel Hill,,,,,,,,,,,,,,,,,,,,,,,,,,,,,,,,
Total,775,67,3156,65,1138,74,4567,71,1913,71,7723,69,All Students,University of North Carolina Wilmington,34,68,109,65,111,76,31,84,124,77,119,91,65,75,233,72,230,83,Student-Athletes,University of North Carolina Wilmington,,,,,,,,,,,,,,,,,,,,,,,,,,,,,,,,
Total,949,54,4095,52,883,57,3599,56,1832,55,7694,53,All Students,University of North Dakota,38,55,156,61,164,73,30,80,146,75,157,90,68,66,302,68,321,81,Student-Athletes,University of North Dakota,,,,,,,,,,,,,,,,,,,,,,,,,,,,,,,,
Total,863,49,3805,45,1185,51,5034,51,2048,50,8839,49,All Students,University of North Florida,15,53,86,58,141,72,25,68,111,64,163,88,40,63,197,61,304,80,Student-Athletes,University of North Florida,,,,,,,,,,,,,,,,,,,,,,,,,,,,,,,,
Total,1499,44,5952,44,1996,54,7915,53,3495,50,13867,49,All Students,University of North Texas,35,57,124,57,143,70,33,73,124,74,146,86,68,65,248,66,289,78,Student-Athletes,University of North Texas,,,,,,,,,,,,,,,,,,,,,,,,,,,,,,,,
Total,871,38,3877,39,1328,52,5399,53,2199,46,9276,47,All Students,University of Northern Colorado,30,43,116,46,133,68,33,70,115,66,103,91,63,57,231,56,236,78,Student-Athletes,University of Northern Colorado,,,,,,,,,,,,,,,,,,,,,,,,,,,,,,,,
Total,745,63,2707,62,1177,69,4244,70,1922,66,6951,67,All Students,University of Northern Iowa,35,43,148,56,132,68,32,84,131,79,123,97,67,63,279,67,255,82,Student-Athletes,University of Northern Iowa,,,,,,,,,,,,,,,,,,,,,,,,,,,,,,,,
Total,1041,93,4234,94,948,96,3758,96,1989,95,7992,95,All Students,University of Notre Dame,70,90,240,86,223,98,47,100,165,94,158,100,117,94,405,89,381,99,Student-Athletes,University of Notre Dame,,,,,,,,,,,,,,,,,,,,,,,,,,,,,,,,
Total,1781,60,6489,62,2043,72,7346,70,3824,66,13835,66,All Students,University of Oklahoma,38,45,173,50,196,72,36,58,120,67,119,92,74,51,293,57,315,80,Student-Athletes,University of Oklahoma,,,,,,,,,,,,,,,,,,,,,,,,,,,,,,,,
Total,1666,65,6014,65,1839,68,7116,68,3505,67,13130,67,All Students,University of Oregon,36,53,144,53,148,72,39,77,151,71,144,92,75,65,295,62,292,82,Student-Athletes,University of Oregon,,,,,,,,,,,,,,,,,,,,,,,,,,,,,,,,
Total,1235,95,4763,95,1107,97,4751,96,2342,96,9514,96,All Students,University of Pennsylvania,0,-,0,-,449,95,0,-,0,-,323,98,0,-,0,-,772,96,Student-Athletes,University of Pennsylvania,,,,,,,,,,,,,,,,,,,,,,,,,,,,,,,,
Total,1601,77,6089,77,1827,84,6913,81,3428,80,13002,79,All Students,University of Pittsburgh,57,63,185,57,178,70,40,83,136,76,129,91,97,71,321,65,307,79,Student-Athletes,University of Pittsburgh,,,,,,,,,,,,,,,,,,,,,,,,,,,,,,,,
Total,299,72,1087,73,505,77,1913,77,804,75,3000,75,All Students,University of Portland,23,70,81,62,68,87,18,89,75,87,67,99,41,78,156,74,135,93,Student-Athletes,University of Portland,,,,,,,,,,,,,,,,,,,,,,,,,,,,,,,,
Total,1275,59,4500,61,1728,67,6034,65,3003,63,10534,63,All Students,University of Rhode Island,37,54,137,58,130,74,30,87,145,72,106,95,67,69,282,66,236,83,Student-Athletes,University of Rhode Island,,,,,,,,,,,,,,,,,,,,,,,,,,,,,,,,
Total,375,84,1491,84,427,86,1606,85,802,85,3097,84,All Students,University of Richmond,28,68,120,74,119,87,36,81,132,72,102,97,64,75,252,73,221,92,Student-Athletes,University of Richmond,,,,,,,,,,,,,,,,,,,,,,,,,,,,,,,,
Total,454,74,1744,74,635,76,2753,75,1089,75,4497,75,All Students,University of San Diego,22,32,69,42,168,86,23,78,90,83,90,98,45,56,159,65,258,90,Student-Athletes,University of San Diego,,,,,,,,,,,,,,,,,,,,,,,,,,,,,,,,
Total,372,64,1294,63,680,72,2692,72,1052,69,3986,69,All Students,University of San Francisco,16,56,69,52,83,71,13,92,70,80,77,87,29,72,139,66,160,79,Student-Athletes,University of San Francisco,,,,,,,,,,,,,,,,,,,,,,,,,,,,,,,,
Total,646,30,2258,32,772,36,2873,39,1418,33,5131,36,All Students,University of South Alabama,15,40,47,43,81,65,19,53,83,60,106,79,34,47,130,54,187,73,Student-Athletes,University of South Alabama,,,,,,,,,,,,,,,,,,,,,,,,,,,,,,,,
Total,1573,71,6214,68,2117,74,8129,73,3690,73,14343,71,All Students,University of South Carolina Columbia,46,54,198,56,183,79,41,61,171,73,151,93,87,57,369,63,334,85,Student-Athletes,University of South Carolina Columbia,,,,,,,,,,,,,,,,,,,,,,,,,,,,,,,,
Total,317,32,1095,33,488,46,1852,42,805,40,2947,39,All Students,University of South Carolina Upstate,38,39,95,47,105,70,35,46,97,49,100,78,73,42,192,48,205,74,Student-Athletes,University of South Carolina Upstate,,,,,,,,,,,,,,,,,,,,,,,,,,,,,,,,
Total,413,53,1655,47,520,55,2212,53,933,54,3867,51,All Students,University of South Dakota,36,64,159,55,219,67,34,74,148,66,200,82,70,69,307,60,419,74,Student-Athletes,University of South Dakota,,,,,,,,,,,,,,,,,,,,,,,,,,,,,,,,
Total,1574,58,6756,49,2180,67,8950,60,3754,63,15706,56,All Students,University of South Florida,46,63,206,46,178,73,37,65,177,68,161,93,83,64,383,56,339,83,Student-Athletes,University of South Florida,,,,,,,,,,,,,,,,,,,,,,,,,,,,,,,,
Total,1419,89,5433,88,1536,93,5769,92,2955,91,11202,90,All Students,University of Southern California,50,68,176,57,171,73,30,93,117,81,130,90,80,78,293,67,301,80,Student-Athletes,University of Southern California,,,,,,,,,,,,,,,,,,,,,,,,,,,,,,,,
Total,2116,66,6327,62,2215,69,6714,67,4331,68,13041,65,All Students,University of Tennessee Knoxville,45,51,166,54,167,68,36,78,147,65,112,94,81,63,313,59,279,78,Student-Athletes,University of Tennessee Knoxville,,,,,,,,,,,,,,,,,,,,,,,,,,,,,,,,
Total,790,32,2731,33,1146,40,3927,41,1936,37,6658,38,All Students,University of Tennessee at Chattanooga,30,53,114,44,138,59,32,53,90,59,76,82,62,53,204,50,214,67,Student-Athletes,University of Tennessee at Chattanooga,,,,,,,,,,,,,,,,,,,,,,,,,,,,,,,,
Total,591,46,2156,47,692,47,2738,47,1283,46,4894,47,All Students,University of Tennessee at Martin,37,51,127,47,152,63,22,41,92,53,74,85,59,47,219,50,226,70,Student-Athletes,University of Tennessee at Martin,,,,,,,,,,,,,,,,,,,,,,,,,,,,,,,,
Total,1055,38,4025,35,1041,45,4201,43,2096,42,8226,39,All Students,University of Texas at Arlington,16,63,83,47,104,72,21,71,93,62,87,82,37,68,176,55,191,76,Student-Athletes,University of Texas at Arlington,,,,,,,,,,,,,,,,,,,,,,,,,,,,,,,,
Total,3446,76,13008,77,3973,82,15304,82,7419,79,28312,80,All Students,University of Texas at Austin,58,60,216,61,213,76,35,83,150,80,145,94,93,69,366,69,358,83,Student-Athletes,University of Texas at Austin,,,,,,,,,,,,,,,,,,,,,,,,,,,,,,,,
Total,971,33,4321,32,1046,45,4592,43,2017,39,8913,37,All Students,University of Texas at El Paso,23,52,84,56,115,67,24,54,102,56,103,83,47,53,186,56,218,75,Student-Athletes,University of Texas at El Paso,,,,,,,,,,,,,,,,,,,,,,,,,,,,,,,,
Total,2524,26,9006,25,2309,34,9067,31,4833,30,18073,28,All Students,University of Texas at San Antonio,25,44,93,45,112,62,33,58,108,54,110,71,58,52,201,50,222,66,Student-Athletes,University of Texas at San Antonio,,,,,,,,,,,,,,,,,,,,,,,,,,,,,,,,
Total,1707,45,6378,44,1678,48,6097,48,3385,46,12475,46,All Students,University of Toledo,37,57,151,61,145,72,47,79,144,75,141,84,84,69,295,68,286,78,Student-Athletes,University of Toledo,,,,,,,,,,,,,,,,,,,,,,,,,,,,,,,,
Total,871,59,3496,56,1082,62,4488,59,1953,60,7984,58,All Students,University of Utah,27,56,110,55,133,75,26,73,124,70,120,88,53,64,234,63,253,81,Student-Athletes,University of Utah,,,,,,,,,,,,,,,,,,,,,,,,,,,,,,,,
Total,1086,75,3975,73,1346,77,4963,76,2432,76,8938,75,All Students,University of Vermont,31,55,113,54,79,77,41,73,147,81,120,95,72,65,260,69,199,88,Student-Athletes,University of Vermont,,,,,,,,,,,,,,,,,,,,,,,,,,,,,,,,
Total,1398,92,5511,92,1848,94,7000,95,3246,93,12511,93,All Students,University of Virginia,69,74,267,70,240,81,56,84,204,83,193,93,125,78,471,76,433,86,Student-Athletes,University of Virginia,,,,,,,,,,,,,,,,,,,,,,,,,,,,,,,,
Total,2417,81,9400,78,2796,83,10865,82,5213,82,20265,80,All Students,University of Washington,58,62,220,60,194,70,42,74,170,79,141,95,100,67,390,68,335,80,Student-Athletes,University of Washington,,,,,,,,,,,,,,,,,,,,,,,,,,,,,,,,
Total,343,41,1365,48,644,50,2534,51,987,46,3899,50,All Students,University of Wisconsin-Green Bay,21,71,79,70,75,88,41,63,126,71,111,91,62,66,205,71,186,90,Student-Athletes,University of Wisconsin-Green Bay,,,,,,,,,,,,,,,,,,,,,,,,,,,,,,,,
Total,2783,81,10575,81,3197,84,12806,84,5980,83,23381,83,All Students,University of Wisconsin-Madison,52,50,226,61,196,76,45,82,182,84,179,93,97,65,408,71,375,84,Student-Athletes,University of Wisconsin-Madison,,,,,,,,,,,,,,,,,,,,,,,,,,,,,,,,
Total,1847,46,7511,42,1859,46,8194,43,3706,46,15705,43,All Students,University of Wisconsin-Milwaukee,27,41,75,51,78,65,34,68,110,69,98,84,61,56,185,62,176,76,Student-Athletes,University of Wisconsin-Milwaukee,,,,,,,,,,,,,,,,,,,,,,,,,,,,,,,,
Total,783,51,2967,50,831,57,3085,58,1614,54,6052,54,All Students,University of Wyoming,47,74,147,54,156,69,40,70,141,67,121,87,87,72,288,60,277,77,Student-Athletes,University of Wyoming,,,,,,,,,,,,,,,,,,,,,,,,,,,,,,,,
Total,252,37,750,36,463,42,1629,45,715,40,2379,42,All Students,University of the Incarnate Word,28,86,115,56,228,68,27,93,131,66,209,78,55,89,246,61,437,73,Student-Athletes,University of the Incarnate Word,,,,,,,,,,,,,,,,,,,,,,,,,,,,,,,,
Total,292,57,1182,63,294,69,1446,69,586,63,2628,66,All Students,University of the Pacific,25,48,86,55,101,84,30,73,128,74,132,89,55,62,214,66,233,87,Student-Athletes,University of the Pacific,,,,,,,,,,,,,,,,,,,,,,,,,,,,,,,,
Total,734,49,2472,49,1434,51,4862,53,2168,51,7334,52,All Students,Utah State University,33,73,99,67,131,88,32,78,123,69,124,85,65,75,222,68,255,87,Student-Athletes,Utah State University,,,,,,,,,,,,,,,,,,,,,,,,,,,,,,,,
Total,401,17,1273,20,377,26,1069,24,778,22,2342,22,All Students,Utah Valley University,10,40,38,39,40,58,37,51,121,45,105,68,47,49,159,44,145,65,Student-Athletes,Utah Valley University,,,,,,,,,,,,,,,,,,,,,,,,,,,,,,,,
Total,343,71,1419,68,370,69,1472,74,713,70,2891,71,All Students,Valparaiso University,28,68,86,63,181,87,24,67,108,76,95,94,52,67,194,70,276,89,Student-Athletes,Valparaiso University,,,,,,,,,,,,,,,,,,,,,,,,,,,,,,,,
Total,742,92,3056,91,929,93,3421,92,1671,93,6477,92,All Students,Vanderbilt University,33,70,153,67,124,85,28,93,101,87,94,98,61,80,254,75,218,90,Student-Athletes,Vanderbilt University,,,,,,,,,,,,,,,,,,,,,,,,,,,,,,,,
Total,784,90,3212,88,819,91,3302,91,1603,90,6514,90,All Students,Villanova University,33,91,131,85,159,94,26,92,105,92,132,98,59,92,236,88,291,96,Student-Athletes,Villanova University,,,,,,,,,,,,,,,,,,,,,,,,,,,,,,,,
Total,1645,53,5802,49,2205,60,8327,58,3850,57,14129,54,All Students,Virginia Commonwealth University,23,48,70,50,95,71,18,50,89,54,85,81,41,49,159,52,180,76,Student-Athletes,Virginia Commonwealth University,,,,,,,,,,,,,,,,,,,,,,,,,,,,,,,,
Total,374,76,1389,72,36,69,134,65,410,76,1523,72,All Students,Virginia Military Institute,61,74,204,59,200,75,9,89,30,83,31,84,70,76,234,62,231,76,Student-Athletes,Virginia Military Institute,,,,,,,,,,,,,,,,,,,,,,,,,,,,,,,,
Total,2799,79,11185,79,2253,87,8737,86,5052,83,19922,82,All Students,Virginia Polytechnic Institute and State University,71,55,214,58,187,82,32,84,145,84,133,97,103,64,359,69,320,88,Student-Athletes,Virginia Polytechnic Institute and State University,,,,,,,,,,,,,,,,,,,,,,,,,,,,,,,,
Total,196,59,789,62,332,63,1333,66,528,61,2122,65,All Students,Wagner College,31,71,113,72,98,92,42,69,159,72,130,92,73,70,272,72,228,92,Student-Athletes,Wagner College,,,,,,,,,,,,,,,,,,,,,,,,,,,,,,,,
Total,550,87,2199,87,573,86,2268,88,1123,86,4467,88,All Students,Wake Forest University,37,76,170,76,156,92,26,81,101,80,86,98,63,78,271,77,242,94,Student-Athletes,Wake Forest University,,,,,,,,,,,,,,,,,,,,,,,,,,,,,,,,
Total,1596,61,5827,63,1588,70,5977,71,3184,65,11804,67,All Students,Washington State University,41,51,157,59,164,70,35,60,147,71,133,87,76,55,304,65,297,77,Student-Athletes,Washington State University,,,,,,,,,,,,,,,,,,,,,,,,,,,,,,,,
Total,581,28,1600,33,783,39,2149,46,1364,35,3749,40,All Students,Weber State University,20,50,85,48,111,56,22,45,103,54,91,78,42,48,188,52,202,66,Student-Athletes,Weber State University,,,,,,,,,,,,,,,,,,,,,,,,,,,,,,,,
Total,2492,53,9755,53,2134,62,8389,62,4626,57,18144,57,All Students,West Virginia University,36,47,167,57,152,78,26,85,118,75,114,89,62,63,285,65,266,83,Student-Athletes,West Virginia University,,,,,,,,,,,,,,,,,,,,,,,,,,,,,,,,
Total,602,44,2934,47,649,59,3018,57,1251,52,5952,52,All Students,Western Carolina University,42,38,171,46,157,72,28,54,133,65,109,95,70,44,304,54,266,82,Student-Athletes,Western Carolina University,,,,,,,,,,,,,,,,,,,,,,,,,,,,,,,,
Total,991,53,3940,54,952,60,3773,57,1943,56,7713,56,All Students,Western Illinois University,37,70,162,64,237,71,32,69,138,73,138,86,69,70,300,68,375,77,Student-Athletes,Western Illinois University,,,,,,,,,,,,,,,,,,,,,,,,,,,,,,,,
Total,1017,47,3988,47,1403,53,5389,52,2420,50,9377,50,All Students,Western Kentucky University,47,45,177,53,163,72,27,59,130,72,129,89,74,50,307,61,292,80,Student-Athletes,Western Kentucky University,,,,,,,,,,,,,,,,,,,,,,,,,,,,,,,,
Total,1723,52,7092,51,1750,58,7339,58,3473,55,14431,55,All Students,Western Michigan University,30,60,140,66,143,78,29,90,116,80,111,90,59,75,256,72,254,83,Student-Athletes,Western Michigan University,,,,,,,,,,,,,,,,,,,,,,,,,,,,,,,,
Total,542,42,2052,39,601,51,2420,47,1143,46,4472,43,All Students,Wichita State University,22,55,96,45,91,76,20,45,96,63,104,88,42,50,192,54,195,83,Student-Athletes,Wichita State University,,,,,,,,,,,,,,,,,,,,,,,,,,,,,,,,
Total,612,87,2537,87,729,92,2819,93,1341,90,5356,90,All Students,William & Mary,35,74,149,75,180,87,36,92,146,89,169,96,71,83,295,82,349,91,Student-Athletes,William & Mary,,,,,,,,,,,,,,,,,,,,,,,,,,,,,,,,
Total,340,48,1226,49,734,60,3042,58,1074,56,4268,55,All Students,Winthrop University,28,50,110,51,115,83,23,78,116,69,107,89,51,63,226,60,222,86,Student-Athletes,Winthrop University,,,,,,,,,,,,,,,,,,,,,,,,,,,,,,,,
Total,192,80,733,79,193,83,672,85,385,82,1405,82,All Students,Wofford College,45,80,166,75,146,93,20,85,68,82,61,97,65,82,234,77,207,94,Student-Athletes,Wofford College,,,,,,,,,,,,,,,,,,,,,,,,,,,,,,,,
Total,1032,40,3943,39,1339,43,5169,44,2371,41,9112,42,All Students,Wright State University,27,78,90,63,110,77,35,77,105,73,118,80,62,77,195,69,228,79,Student-Athletes,Wright State University,,,,,,,,,,,,,,,,,,,,,,,,,,,,,,,,
Total,411,76,1507,75,441,77,1790,80,852,76,3297,78,All Students,Xavier University,27,81,102,76,88,92,34,76,117,80,103,95,61,79,219,79,191,94,Student-Athletes,Xavier University,,,,,,,,,,,,,,,,,,,,,,,,,,,,,,,,
Total,652,97,2654,96,661,99,2598,97,1313,98,5252,97,All Students,Yale University,0,-,0,-,569,97,0,-,0,-,415,99,0,-,0,-,984,98,Student-Athletes,Yale University,,,,,,,,,,,,,,,,,,,,,,,,,,,,,,,,
Total,908,31,3570,32,1012,35,3944,37,1920,33,7514,34,All Students,Youngstown State University,39,62,126,56,143,66,26,69,130,74,126,87,65,65,256,65,269,76,Student-Athletes,Youngstown State University,,,,,,,,,,,,,,,,,,,,,,,,,,,,,,,,
Total,408,52,1778,53,476,60,2115,63,884,57,3893,58,All Students,Abilene Christian University,57,49,145,51,286,59,23,70,65,71,115,82,80,55,210,57,401,66,Student-Athletes,Abilene Christian University,,,,,,,,,,,,,,,,,,,,,,,,,,,,,,,,
Total,407,23,2054,35,475,35,2237,47,882,29,4291,41,All Students,Alabama A&M University,12,33,115,41,105,43,12,33,66,56,74,61,24,33,181,46,179,50,Student-Athletes,Alabama A&M University,,,,,,,,,,,,,,,,,,,,,,,,,,,,,,,,
Total,583,18,2218,19,768,31,2767,31,1351,25,4985,25,All Students,Alabama State University,31,29,129,41,117,63,28,64,91,52,78,79,59,46,220,45,195,70,Student-Athletes,Alabama State University,,,,,,,,,,,,,,,,,,,,,,,,,,,,,,,,
Total,209,24,967,28,305,41,1189,40,514,34,2156,35,All Students,Alcorn State University,36,25,133,29,108,59,31,35,89,43,73,79,67,30,222,35,181,67,Student-Athletes,Alcorn State University,,,,,,,,,,,,,,,,,,,,,,,,,,,,,,,,
Total,448,80,1779,77,836,80,3312,79,1284,80,5091,78,All Students,American University,17,88,59,73,66,94,18,83,78,74,69,94,35,86,137,74,135,94,Student-Athletes,American University,,,,,,,,,,,,,,,,,,,,,,,,,,,,,,,,
Total,1329,63,5164,62,1401,73,5317,71,2730,69,10481,67,All Students,Appalachian State University,47,74,179,60,165,79,33,70,129,67,114,88,80,73,308,63,279,82,Student-Athletes,Appalachian State University,,,,,,,,,,,,,,,,,,,,,,,,,,,,,,,,
Total,1224,64,4689,64,1292,68,4800,67,2516,66,9489,65,All Students,University at Albany,41,63,127,61,154,73,53,64,141,67,132,87,94,64,268,65,286,80,Student-Athletes,University at Albany,,,,,,,,,,,,,,,,,,,,,,,,,,,,,,,,
Total,1812,41,12001,41,1740,44,12594,41,3552,42,24595,41,All Students,University of Akron,39,59,158,60,178,66,36,72,141,71,131,85,75,65,299,65,309,74,Student-Athletes,University of Akron,,,,,,,,,,,,,,,,,,,,,,,,,,,,,,,,
Total,1977,63,6916,63,2461,69,8729,69,4438,67,15645,67,All Students,University of Alabama,41,59,175,60,161,87,49,76,163,78,151,95,90,68,338,69,312,91,Student-Athletes,University of Alabama,,,,,,,,,,,,,,,,,,,,,,,,,,,,,,,,
Total,571,48,2344,43,805,58,3564,49,1376,54,5908,47,All Students,University of Alabama at Birmingham,37,59,124,56,167,70,34,62,112,63,106,82,71,61,236,59,273,75,Student-Athletes,University of Alabama at Birmingham,,,,,,,,,,,,,,,,,,,,,,,,,,,,,,,,