School,Sport,Race,%N,2013-14,4-Class,GSR
Abilene Christian University,Baseball,,2007-08,4-Class,ASR,
Abilene Christian University,Baseball,,,,,
Abilene Christian University,Baseball,Am. Ind./AN,-,-,100-a,
Abilene Christian University,Baseball,,,,,
Abilene Christian University,Baseball,Asian,-,-,100-a,
Abilene Christian University,Baseball,,,,,
Abilene Christian University,Baseball,Black,-,-,0-a,
Abilene Christian University,Baseball,,,,,
Abilene Christian University,Baseball,Hispanic,-,-,0-a,
Abilene Christian University,Baseball,,,,,
Abilene Christian University,Baseball,Nat. Haw./PI,-,-,-,
Abilene Christian University,Baseball,,,,,
Abilene Christian University,Baseball,N-R Alien,-,-,-,
Abilene Christian University,Baseball,,,,,
Abilene Christian University,Baseball,Two or More,-,-,-,
Abilene Christian University,Baseball,,,,,
Abilene Christian University,Baseball,Unknown,-,-,-,
Abilene Christian University,Baseball,,,,,
Abilene Christian University,Baseball,White,50-b,69-c,88-e,
Abilene Christian University,Baseball,,,,,
Abilene Christian University,Baseball,Total,50-b,69-c,84-e,
Abilene Christian University,Football,,2007-08,4-Class,ASR,
Abilene Christian University,Football,,,,,
Abilene Christian University,Football,Am. Ind./AN,-,-,-,
Abilene Christian University,Football,,,,,
Abilene Christian University,Football,Asian,-,-,-,
Abilene Christian University,Football,,,,,
Abilene Christian University,Football,Black,23-c,36-e,36-e,
Abilene Christian University,Football,,,,,
Abilene Christian University,Football,Hispanic,-,-,50-a,
Abilene Christian University,Football,,,,,
Abilene Christian University,Football,Nat. Haw./PI,-,-,-,
Abilene Christian University,Football,,,,,
Abilene Christian University,Football,N-R Alien,-,-,-,
Abilene Christian University,Football,,,,,
Abilene Christian University,Football,Two or More,-,-,-,
Abilene Christian University,Football,,,,,
Abilene Christian University,Football,Unknown,-,-,0-a,
Abilene Christian University,Football,,,,,
Abilene Christian University,Football,White,57-e,55-e,67-e,
Abilene Christian University,Football,,,,,
Abilene Christian University,Football,Total,46-e,48-e,51-e,
Abilene Christian University,Men's Basketball,,2007-08,4-Class,ASR,
Abilene Christian University,Men's Basketball,,,,,
Abilene Christian University,Men's Basketball,Am. Ind./AN,-,-,-,
Abilene Christian University,Men's Basketball,,,,,
Abilene Christian University,Men's Basketball,Asian,-,-,-,
Abilene Christian University,Men's Basketball,,,,,
Abilene Christian University,Men's Basketball,Black,-,-,50-b,
Abilene Christian University,Men's Basketball,,,,,
Abilene Christian University,Men's Basketball,Hispanic,-,-,-,
Abilene Christian University,Men's Basketball,,,,,
Abilene Christian University,Men's Basketball,Nat. Haw./PI,-,-,-,
Abilene Christian University,Men's Basketball,,,,,
Abilene Christian University,Men's Basketball,N-R Alien,-,-,50-b,
Abilene Christian University,Men's Basketball,,,,,
Abilene Christian University,Men's Basketball,Two or More,-,-,0-a,
Abilene Christian University,Men's Basketball,,,,,
Abilene Christian University,Men's Basketball,Unknown,-,0-a,0-a,
Abilene Christian University,Men's Basketball,,,,,
Abilene Christian University,Men's Basketball,White,100-a,75-a,100-a,
Abilene Christian University,Men's Basketball,,,,,
Abilene Christian University,Men's Basketball,Total,100-a,60-a,57-e,
Abilene Christian University,Men's Other,,2007-08,4-Class,ASR,
Abilene Christian University,Men's Other,,,,,
Abilene Christian University,Men's Other,Am. Ind./AN,-,-,-,
Abilene Christian University,Men's Other,,,,,
Abilene Christian University,Men's Other,Asian,-,-,-,
Abilene Christian University,Men's Other,,,,,
Abilene Christian University,Men's Other,Black,-,-,-,
Abilene Christian University,Men's Other,,,,,
Abilene Christian University,Men's Other,Hispanic,-,-,100-a,
Abilene Christian University,Men's Other,,,,,
Abilene Christian University,Men's Other,Nat. Haw./PI,-,-,-,
Abilene Christian University,Men's Other,,,,,
Abilene Christian University,Men's Other,N-R Alien,100-a,75-a,86-b,
Abilene Christian University,Men's Other,,,,,
Abilene Christian University,Men's Other,Two or More,-,-,-,
Abilene Christian University,Men's Other,,,,,
Abilene Christian University,Men's Other,Unknown,-,-,-,
Abilene Christian University,Men's Other,,,,,
Abilene Christian University,Men's Other,White,60-a,64-c,65-d,
Abilene Christian University,Men's Other,,,,,
Abilene Christian University,Men's Other,Total,67-b,67-c,72-e,
Abilene Christian University,Men's CC/Track,,2007-08,4-Class,ASR,
Abilene Christian University,Men's CC/Track,,,,,
Abilene Christian University,Men's CC/Track,Am. Ind./AN,-,0-a,-,
Abilene Christian University,Men's CC/Track,,,,,
Abilene Christian University,Men's CC/Track,Asian,-,-,-,
Abilene Christian University,Men's CC/Track,,,,,
Abilene Christian University,Men's CC/Track,Black,-,67-a,45-c,
Abilene Christian University,Men's CC/Track,,,,,
Abilene Christian University,Men's CC/Track,Hispanic,-,-,0-a,
Abilene Christian University,Men's CC/Track,,,,,
Abilene Christian University,Men's CC/Track,Nat. Haw./PI,-,-,-,
Abilene Christian University,Men's CC/Track,,,,,
Abilene Christian University,Men's CC/Track,N-R Alien,-,0-a,71-b,
Abilene Christian University,Men's CC/Track,,,,,
Abilene Christian University,Men's CC/Track,Two or More,-,-,-,
Abilene Christian University,Men's CC/Track,,,,,
Abilene Christian University,Men's CC/Track,Unknown,-,-,-,
Abilene Christian University,Men's CC/Track,,,,,
Abilene Christian University,Men's CC/Track,White,33-a,33-b,74-d,
Abilene Christian University,Men's CC/Track,,,,,
Abilene Christian University,Men's CC/Track,Total,33-a,33-c,63-e,
Abilene Christian University,Women's Basketball,Am. Ind./AN,-,0-a,-,
Abilene Christian University,Women's Basketball,,,,,
Abilene Christian University,Women's Basketball,Asian,-,-,-,
Abilene Christian University,Women's Basketball,,,,,
Abilene Christian University,Women's Basketball,Black,-,100-a,100-a,
Abilene Christian University,Women's Basketball,,,,,
Abilene Christian University,Women's Basketball,Hispanic,-,-,-,
Abilene Christian University,Women's Basketball,,,,,
Abilene Christian University,Women's Basketball,Nat. Haw./PI,-,-,-,
Abilene Christian University,Women's Basketball,,,,,
Abilene Christian University,Women's Basketball,N-R Alien,-,-,-,
Abilene Christian University,Women's Basketball,,,,,
Abilene Christian University,Women's Basketball,Two or More,-,-,-,
Abilene Christian University,Women's Basketball,,,,,
Abilene Christian University,Women's Basketball,Unknown,-,-,-,
Abilene Christian University,Women's Basketball,,,,,
Abilene Christian University,Women's Basketball,White,50-a,73-c,91-c,
Abilene Christian University,Women's Basketball,,,,,
Abilene Christian University,Women's Basketball,Total,50-a,71-c,92-c,
Abilene Christian University,Women's CC/Track,20,07-08 4-,Class,ASR,
Abilene Christian University,Women's CC/Track,,,,,
Abilene Christian University,Women's CC/Track,Am. Ind./AN,-,-,-,
Abilene Christian University,Women's CC/Track,,,,,
Abilene Christian University,Women's CC/Track,Asian,-,-,-,
Abilene Christian University,Women's CC/Track,,,,,
Abilene Christian University,Women's CC/Track,Black,50-a,57-b,88-b,
Abilene Christian University,Women's CC/Track,,,,,
Abilene Christian University,Women's CC/Track,Hispanic,-,-,0-a,
Abilene Christian University,Women's CC/Track,,,,,
Abilene Christian University,Women's CC/Track,Nat. Haw./PI,-,-,-,
Abilene Christian University,Women's CC/Track,,,,,
Abilene Christian University,Women's CC/Track,N-R Alien,0-a,0-a,50-b,
Abilene Christian University,Women's CC/Track,,,,,
Abilene Christian University,Women's CC/Track,Two or More,-,-,-,
Abilene Christian University,Women's CC/Track,,,,,
Abilene Christian University,Women's CC/Track,Unknown,-,-,-,
Abilene Christian University,Women's CC/Track,,,,,
Abilene Christian University,Women's CC/Track,White,50-a,83-b,82-d,
Abilene Christian University,Women's CC/Track,,,,,
Abilene Christian University,Women's CC/Track,Total,40-a,60-c,75-e,
Abilene Christian University,Women's Other,,2007-08,4-Class,ASR,
Abilene Christian University,Women's Other,,,,,
Abilene Christian University,Women's Other,Am. Ind./AN,-,-,-,
Abilene Christian University,Women's Other,,,,,
Abilene Christian University,Women's Other,Asian,-,-,-,
Abilene Christian University,Women's Other,,,,,
Abilene Christian University,Women's Other,Black,100-a,67-a,80-a,
Abilene Christian University,Women's Other,,,,,
Abilene Christian University,Women's Other,Hispanic,100-a,50-a,63-b,
Abilene Christian University,Women's Other,,,,,
Abilene Christian University,Women's Other,Nat. Haw./PI,-,-,-,
Abilene Christian University,Women's Other,,,,,
Abilene Christian University,Women's Other,N-R Alien,-,-,100-a,
Abilene Christian University,Women's Other,,,,,
Abilene Christian University,Women's Other,Two or More,-,-,-,
Abilene Christian University,Women's Other,,,,,
Abilene Christian University,Women's Other,Unknown,-,-,-,
Abilene Christian University,Women's Other,,,,,
Abilene Christian University,Women's Other,White,79-c,77-e,85-e,
Abilene Christian University,Women's Other,,,,,
Abilene Christian University,Women's Other,Total,81-d,75-e,83-e,
Alabama A&M University,Baseball,,2007-08,4-Class,GSR,
Alabama A&M University,Baseball,,,,,
Alabama A&M University,Baseball,Am. Ind./AN,-,-,-,
Alabama A&M University,Baseball,,,,,
Alabama A&M University,Baseball,Asian,-,-,-,
Alabama A&M University,Baseball,,,,,
Alabama A&M University,Baseball,Black,0-a,50-d,50-d,
Alabama A&M University,Baseball,,,,,
Alabama A&M University,Baseball,Hispanic,0-a,0-a,0-a,
Alabama A&M University,Baseball,,,,,
Alabama A&M University,Baseball,Nat. Haw./PI,-,-,-,
Alabama A&M University,Baseball,,,,,
Alabama A&M University,Baseball,N-R Alien,-,-,-,
Alabama A&M University,Baseball,,,,,
Alabama A&M University,Baseball,Two or More,-,-,-,
Alabama A&M University,Baseball,,,,,
Alabama A&M University,Baseball,Unknown,-,-,-,
Alabama A&M University,Baseball,,,,,
Alabama A&M University,Baseball,White,-,0-a,0-a,
Alabama A&M University,Baseball,,,,,
Alabama A&M University,Baseball,Total,0-a,40-d,40-d,
Alabama A&M University,Football,,2007-08,4-Class,GSR,
Alabama A&M University,Football,,,,,
Alabama A&M University,Football,Am. Ind./AN,-,-,-,
Alabama A&M University,Football,,,,,
Alabama A&M University,Football,Asian,-,-,-,
Alabama A&M University,Football,,,,,
Alabama A&M University,Football,Black,33-a,39-e,38-e,
Alabama A&M University,Football,,,,,
Alabama A&M University,Football,Hispanic,-,100-a,100-a,
Alabama A&M University,Football,,,,,
Alabama A&M University,Football,Nat. Haw./PI,-,-,-,
Alabama A&M University,Football,,,,,
Alabama A&M University,Football,N-R Alien,-,-,-,
Alabama A&M University,Football,,,,,
Alabama A&M University,Football,Two or More,-,-,-,
Alabama A&M University,Football,,,,,
Alabama A&M University,Football,Unknown,-,-,-,
Alabama A&M University,Football,,,,,
Alabama A&M University,Football,White,-,100-a,50-a,
Alabama A&M University,Football,,,,,
Alabama A&M University,Football,Total,33-a,41-e,39-e,
Alabama A&M University,Men's Basketball,,2007-08,4-Class,GSR,
Alabama A&M University,Men's Basketball,,,,,
Alabama A&M University,Men's Basketball,Am. Ind./AN,-,-,-,
Alabama A&M University,Men's Basketball,,,,,
Alabama A&M University,Men's Basketball,Asian,-,-,-,
Alabama A&M University,Men's Basketball,,,,,
Alabama A&M University,Men's Basketball,Black,0-a,31-c,33-c,
Alabama A&M University,Men's Basketball,,,,,
Alabama A&M University,Men's Basketball,Hispanic,-,-,-,
Alabama A&M University,Men's Basketball,,,,,
Alabama A&M University,Men's Basketball,Nat. Haw./PI,-,-,-,
Alabama A&M University,Men's Basketball,,,,,
Alabama A&M University,Men's Basketball,N-R Alien,-,-,-,
Alabama A&M University,Men's Basketball,,,,,
Alabama A&M University,Men's Basketball,Two or More,-,-,-,
Alabama A&M University,Men's Basketball,,,,,
Alabama A&M University,Men's Basketball,Unknown,-,-,-,
Alabama A&M University,Men's Basketball,,,,,
Alabama A&M University,Men's Basketball,White,-,-,-,
Alabama A&M University,Men's Basketball,,,,,
Alabama A&M University,Men's Basketball,Total,0-a,31-c,33-c,
Alabama A&M University,Men's Other,,2007-08,4-Class,GSR,
Alabama A&M University,Men's Other,,,,,
Alabama A&M University,Men's Other,Am. Ind./AN,-,-,-,
Alabama A&M University,Men's Other,,,,,
Alabama A&M University,Men's Other,Asian,-,-,-,
Alabama A&M University,Men's Other,,,,,
Alabama A&M University,Men's Other,Black,50-a,50-b,80-a,
Alabama A&M University,Men's Other,,,,,
Alabama A&M University,Men's Other,Hispanic,-,0-a,-,
Alabama A&M University,Men's Other,,,,,
Alabama A&M University,Men's Other,Nat. Haw./PI,-,-,-,
Alabama A&M University,Men's Other,,,,,
Alabama A&M University,Men's Other,N-R Alien,-,17-b,-,
Alabama A&M University,Men's Other,,,,,
Alabama A&M University,Men's Other,Two or More,-,-,-,
Alabama A&M University,Men's Other,,,,,
Alabama A&M University,Men's Other,Unknown,100-a,50-a,-,
Alabama A&M University,Men's Other,,,,,
Alabama A&M University,Men's Other,White,-,0-a,0-a,
Alabama A&M University,Men's Other,,,,,
Alabama A&M University,Men's Other,Total,67-a,35-d,67-b,
Alabama A&M University,Men's CC/Track,,2007-08,4-Class,GSR,
Alabama A&M University,Men's CC/Track,,,,,
Alabama A&M University,Men's CC/Track,Am. Ind./AN,-,-,-,
Alabama A&M University,Men's CC/Track,,,,,
Alabama A&M University,Men's CC/Track,Asian,-,-,-,
Alabama A&M University,Men's CC/Track,,,,,
Alabama A&M University,Men's CC/Track,Black,100-a,75-a,75-a,
Alabama A&M University,Men's CC/Track,,,,,
Alabama A&M University,Men's CC/Track,Hispanic,-,-,-,
Alabama A&M University,Men's CC/Track,,,,,
Alabama A&M University,Men's CC/Track,Nat. Haw./PI,-,-,-,
Alabama A&M University,Men's CC/Track,,,,,
Alabama A&M University,Men's CC/Track,N-R Alien,-,100-a,100-a,
Alabama A&M University,Men's CC/Track,,,,,
Alabama A&M University,Men's CC/Track,Two or More,-,-,-,
Alabama A&M University,Men's CC/Track,,,,,
Alabama A&M University,Men's CC/Track,Unknown,-,-,-,
Alabama A&M University,Men's CC/Track,,,,,
Alabama A&M University,Men's CC/Track,White,-,100-a,100-a,
Alabama A&M University,Men's CC/Track,,,,,
Alabama A&M University,Men's CC/Track,Total,100-a,83-b,83-b,
Alabama A&M University,Women's Basketball,200,7-08 4-,Class,GSR,
Alabama A&M University,Women's Basketball,,,,,
Alabama A&M University,Women's Basketball,Am. Ind./AN,-,-,-,
Alabama A&M University,Women's Basketball,,,,,
Alabama A&M University,Women's Basketball,Asian,-,-,-,
Alabama A&M University,Women's Basketball,,,,,
Alabama A&M University,Women's Basketball,Black,0-a,64-c,64-c,
Alabama A&M University,Women's Basketball,,,,,
Alabama A&M University,Women's Basketball,Hispanic,-,-,-,
Alabama A&M University,Women's Basketball,,,,,
Alabama A&M University,Women's Basketball,Nat. Haw./PI,-,-,-,
Alabama A&M University,Women's Basketball,,,,,
Alabama A&M University,Women's Basketball,N-R Alien,-,-,-,
Alabama A&M University,Women's Basketball,,,,,
Alabama A&M University,Women's Basketball,Two or More,-,-,-,
Alabama A&M University,Women's Basketball,,,,,
Alabama A&M University,Women's Basketball,Unknown,-,-,-,
Alabama A&M University,Women's Basketball,,,,,
Alabama A&M University,Women's Basketball,White,-,-,-,
Alabama A&M University,Women's Basketball,,,,,
Alabama A&M University,Women's Basketball,Total,0-a,64-c,64-c,
Alabama A&M University,Women's CC/Track,200,7-08 4-,Class,GSR,
Alabama A&M University,Women's CC/Track,,,,,
Alabama A&M University,Women's CC/Track,Am. Ind./AN,-,-,-,
Alabama A&M University,Women's CC/Track,,,,,
Alabama A&M University,Women's CC/Track,Asian,-,-,-,
Alabama A&M University,Women's CC/Track,,,,,
Alabama A&M University,Women's CC/Track,Black,0-a,50-c,50-c,
Alabama A&M University,Women's CC/Track,,,,,
Alabama A&M University,Women's CC/Track,Hispanic,-,-,-,
Alabama A&M University,Women's CC/Track,,,,,
Alabama A&M University,Women's CC/Track,Nat. Haw./PI,-,-,-,
Alabama A&M University,Women's CC/Track,,,,,
Alabama A&M University,Women's CC/Track,N-R Alien,-,-,-,
Alabama A&M University,Women's CC/Track,,,,,
Alabama A&M University,Women's CC/Track,Two or More,-,-,-,
Alabama A&M University,Women's CC/Track,,,,,
Alabama A&M University,Women's CC/Track,Unknown,-,-,-,
Alabama A&M University,Women's CC/Track,,,,,
Alabama A&M University,Women's CC/Track,White,-,-,-,
Alabama A&M University,Women's CC/Track,,,,,
Alabama A&M University,Women's CC/Track,Total,0-a,50-c,50-c,
Alabama A&M University,Women's Other,,2007-08,4-Class,GSR,
Alabama A&M University,Women's Other,,,,,
Alabama A&M University,Women's Other,Am. Ind./AN,-,-,-,
Alabama A&M University,Women's Other,,,,,
Alabama A&M University,Women's Other,Asian,-,-,-,
Alabama A&M University,Women's Other,,,,,
Alabama A&M University,Women's Other,Black,44-b,54-e,64-e,
Alabama A&M University,Women's Other,,,,,
Alabama A&M University,Women's Other,Hispanic,-,-,100-a,
Alabama A&M University,Women's Other,,,,,
Alabama A&M University,Women's Other,Nat. Haw./PI,-,-,-,
Alabama A&M University,Women's Other,,,,,
Alabama A&M University,Women's Other,N-R Alien,-,100-a,50-a,
Alabama A&M University,Women's Other,,,,,
Alabama A&M University,Women's Other,Two or More,-,-,-,
Alabama A&M University,Women's Other,,,,,
Alabama A&M University,Women's Other,Unknown,-,0-a,0-a,
Alabama A&M University,Women's Other,,,,,
Alabama A&M University,Women's Other,White,-,67-b,67-b,
Alabama A&M University,Women's Other,,,,,
Alabama A&M University,Women's Other,Total,44-b,56-e,63-e,
Alabama State University,Baseball,,2007-08,4-Class,GSR,
Alabama State University,Baseball,,,,,
Alabama State University,Baseball,Am. Ind./AN,-,-,-,
Alabama State University,Baseball,,,,,
Alabama State University,Baseball,Asian,-,-,-,
Alabama State University,Baseball,,,,,
Alabama State University,Baseball,Black,57-b,40-e,65-d,
Alabama State University,Baseball,,,,,
Alabama State University,Baseball,Hispanic,-,-,-,
Alabama State University,Baseball,,,,,
Alabama State University,Baseball,Nat. Haw./PI,-,-,-,
Alabama State University,Baseball,,,,,
Alabama State University,Baseball,N-R Alien,-,-,-,
Alabama State University,Baseball,,,,,
Alabama State University,Baseball,Two or More,-,-,-,
Alabama State University,Baseball,,,,,
Alabama State University,Baseball,Unknown,-,-,-,
Alabama State University,Baseball,,,,,
Alabama State University,Baseball,White,0-a,0-a,0-a,
Alabama State University,Baseball,,,,,
Alabama State University,Baseball,Total,44-b,34-e,59-e,
Alabama State University,Football,,2007-08,4-Class,GSR,
Alabama State University,Football,,,,,
Alabama State University,Football,Am. Ind./AN,-,100-a,100-a,
Alabama State University,Football,,,,,
Alabama State University,Football,Asian,-,-,-,
Alabama State University,Football,,,,,
Alabama State University,Football,Black,6-d,46-e,64-e,
Alabama State University,Football,,,,,
Alabama State University,Football,Hispanic,-,-,-,
Alabama State University,Football,,,,,
Alabama State University,Football,Nat. Haw./PI,-,-,-,
Alabama State University,Football,,,,,
Alabama State University,Football,N-R Alien,-,-,-,
Alabama State University,Football,,,,,
Alabama State University,Football,Two or More,-,-,-,
Alabama State University,Football,,,,,
Alabama State University,Football,Unknown,-,-,-,
Alabama State University,Football,,,,,
Alabama State University,Football,White,0-a,50-a,50-a,
Alabama State University,Football,,,,,
Alabama State University,Football,Total,6-d,47-e,64-e,
Alabama State University,Men's Basketball,,2007-08,4-Class,GSR,
Alabama State University,Men's Basketball,,,,,
Alabama State University,Men's Basketball,Am. Ind./AN,-,-,-,
Alabama State University,Men's Basketball,,,,,
Alabama State University,Men's Basketball,Asian,-,-,-,
Alabama State University,Men's Basketball,,,,,
Alabama State University,Men's Basketball,Black,100-a,22-b,45-c,
Alabama State University,Men's Basketball,,,,,
Alabama State University,Men's Basketball,Hispanic,-,-,-,
Alabama State University,Men's Basketball,,,,,
Alabama State University,Men's Basketball,Nat. Haw./PI,-,-,-,
Alabama State University,Men's Basketball,,,,,
Alabama State University,Men's Basketball,N-R Alien,-,-,-,
Alabama State University,Men's Basketball,,,,,
Alabama State University,Men's Basketball,Two or More,-,-,-,
Alabama State University,Men's Basketball,,,,,
Alabama State University,Men's Basketball,Unknown,-,-,-,
Alabama State University,Men's Basketball,,,,,
Alabama State University,Men's Basketball,White,-,-,-,
Alabama State University,Men's Basketball,,,,,
Alabama State University,Men's Basketball,Total,100-a,22-b,45-c,
Alabama State University,Men's Other,,2007-08,4-Class,GSR,
Alabama State University,Men's Other,,,,,
Alabama State University,Men's Other,Am. Ind./AN,-,-,-,
Alabama State University,Men's Other,,,,,
Alabama State University,Men's Other,Asian,-,-,-,
Alabama State University,Men's Other,,,,,
Alabama State University,Men's Other,Black,-,22-b,80-a,
Alabama State University,Men's Other,,,,,
Alabama State University,Men's Other,Hispanic,-,-,-,
Alabama State University,Men's Other,,,,,
Alabama State University,Men's Other,Nat. Haw./PI,-,-,-,
Alabama State University,Men's Other,,,,,
Alabama State University,Men's Other,N-R Alien,-,-,-,
Alabama State University,Men's Other,,,,,
Alabama State University,Men's Other,Two or More,-,-,-,
Alabama State University,Men's Other,,,,,
Alabama State University,Men's Other,Unknown,-,-,-,
Alabama State University,Men's Other,,,,,
Alabama State University,Men's Other,White,-,50-b,67-b,
Alabama State University,Men's Other,,,,,
Alabama State University,Men's Other,Total,-,33-c,73-c,
Alabama State University,Men's CC/Track,,2007-08,4-Class,GSR,
Alabama State University,Men's CC/Track,,,,,
Alabama State University,Men's CC/Track,Am. Ind./AN,-,-,-,
Alabama State University,Men's CC/Track,,,,,
Alabama State University,Men's CC/Track,Asian,-,-,-,
Alabama State University,Men's CC/Track,,,,,
Alabama State University,Men's CC/Track,Black,75-a,47-d,71-c,
Alabama State University,Men's CC/Track,,,,,
Alabama State University,Men's CC/Track,Hispanic,-,-,-,
Alabama State University,Men's CC/Track,,,,,
Alabama State University,Men's CC/Track,Nat. Haw./PI,-,-,-,
Alabama State University,Men's CC/Track,,,,,
Alabama State University,Men's CC/Track,N-R Alien,-,-,100-a,
Alabama State University,Men's CC/Track,,,,,
Alabama State University,Men's CC/Track,Two or More,-,-,-,
Alabama State University,Men's CC/Track,,,,,
Alabama State University,Men's CC/Track,Unknown,-,-,-,
Alabama State University,Men's CC/Track,,,,,
Alabama State University,Men's CC/Track,White,-,-,-,
Alabama State University,Men's CC/Track,,,,,
Alabama State University,Men's CC/Track,Total,75-a,47-d,73-c,
Alabama State University,Women's Basketball,200,7-08 4-,Class,GSR,
Alabama State University,Women's Basketball,,,,,
Alabama State University,Women's Basketball,Am. Ind./AN,-,-,-,
Alabama State University,Women's Basketball,,,,,
Alabama State University,Women's Basketball,Asian,-,-,-,
Alabama State University,Women's Basketball,,,,,
Alabama State University,Women's Basketball,Black,67-a,47-c,91-c,
Alabama State University,Women's Basketball,,,,,
Alabama State University,Women's Basketball,Hispanic,-,-,-,
Alabama State University,Women's Basketball,,,,,
Alabama State University,Women's Basketball,Nat. Haw./PI,-,-,-,
Alabama State University,Women's Basketball,,,,,
Alabama State University,Women's Basketball,N-R Alien,-,-,-,
Alabama State University,Women's Basketball,,,,,
Alabama State University,Women's Basketball,Two or More,-,-,-,
Alabama State University,Women's Basketball,,,,,
Alabama State University,Women's Basketball,Unknown,-,-,-,
Alabama State University,Women's Basketball,,,,,
Alabama State University,Women's Basketball,White,-,-,-,
Alabama State University,Women's Basketball,,,,,
Alabama State University,Women's Basketball,Total,67-a,47-c,91-c,
Alabama State University,Women's CC/Track,20,07-08 4-,Class,GSR,
Alabama State University,Women's CC/Track,,,,,
Alabama State University,Women's CC/Track,Am. Ind./AN,-,-,-,
Alabama State University,Women's CC/Track,,,,,
Alabama State University,Women's CC/Track,Asian,-,-,-,
Alabama State University,Women's CC/Track,,,,,
Alabama State University,Women's CC/Track,Black,67-c,64-e,78-e,
Alabama State University,Women's CC/Track,,,,,
Alabama State University,Women's CC/Track,Hispanic,-,0-a,-,
Alabama State University,Women's CC/Track,,,,,
Alabama State University,Women's CC/Track,Nat. Haw./PI,-,-,-,
Alabama State University,Women's CC/Track,,,,,
Alabama State University,Women's CC/Track,N-R Alien,-,-,-,
Alabama State University,Women's CC/Track,,,,,
Alabama State University,Women's CC/Track,Two or More,-,-,-,
Alabama State University,Women's CC/Track,,,,,
Alabama State University,Women's CC/Track,Unknown,-,-,-,
Alabama State University,Women's CC/Track,,,,,
Alabama State University,Women's CC/Track,White,-,-,-,
Alabama State University,Women's CC/Track,,,,,
Alabama State University,Women's CC/Track,Total,67-c,62-e,78-e,
Alabama State University,Women's Other,,2007-08,4-Class,GSR,
Alabama State University,Women's Other,,,,,
Alabama State University,Women's Other,Am. Ind./AN,-,-,-,
Alabama State University,Women's Other,,,,,
Alabama State University,Women's Other,Asian,-,50-a,100-a,
Alabama State University,Women's Other,,,,,
Alabama State University,Women's Other,Black,64-c,53-e,74-e,
Alabama State University,Women's Other,,,,,
Alabama State University,Women's Other,Hispanic,-,0-a,-,
Alabama State University,Women's Other,,,,,
Alabama State University,Women's Other,Nat. Haw./PI,-,-,-,
Alabama State University,Women's Other,,,,,
Alabama State University,Women's Other,N-R Alien,100-a,25-a,100-a,
Alabama State University,Women's Other,,,,,
Alabama State University,Women's Other,Two or More,-,-,-,
Alabama State University,Women's Other,,,,,
Alabama State University,Women's Other,Unknown,0-a,0-a,-,
Alabama State University,Women's Other,,,,,
Alabama State University,Women's Other,White,-,50-a,100-a,
Alabama State University,Women's Other,,,,,
Alabama State University,Women's Other,Total,62-c,47-e,77-e,
Alcorn State University,Baseball,,2007-08,4-Class,GSR,
Alcorn State University,Baseball,,,,,
Alcorn State University,Baseball,Am. Ind./AN,-,-,-,
Alcorn State University,Baseball,,,,,
Alcorn State University,Baseball,Asian,-,-,-,
Alcorn State University,Baseball,,,,,
Alcorn State University,Baseball,Black,33-b,13-e,63-d,
Alcorn State University,Baseball,,,,,
Alcorn State University,Baseball,Hispanic,-,50-a,75-a,
Alcorn State University,Baseball,,,,,
Alcorn State University,Baseball,Nat. Haw./PI,-,-,-,
Alcorn State University,Baseball,,,,,
Alcorn State University,Baseball,N-R Alien,-,-,100-a,
Alcorn State University,Baseball,,,,,
Alcorn State University,Baseball,Two or More,-,-,-,
Alcorn State University,Baseball,,,,,
Alcorn State University,Baseball,Unknown,-,-,-,
Alcorn State University,Baseball,,,,,
Alcorn State University,Baseball,White,-,-,67-a,
Alcorn State University,Baseball,,,,,
Alcorn State University,Baseball,Total,33-b,15-e,67-e,
Alcorn State University,Football,,2007-08,4-Class,GSR,
Alcorn State University,Football,,,,,
Alcorn State University,Football,Am. Ind./AN,-,-,-,
Alcorn State University,Football,,,,,
Alcorn State University,Football,Asian,-,0-a,-,
Alcorn State University,Football,,,,,
Alcorn State University,Football,Black,31-d,38-e,51-e,
Alcorn State University,Football,,,,,
Alcorn State University,Football,Hispanic,-,-,100-a,
Alcorn State University,Football,,,,,
Alcorn State University,Football,Nat. Haw./PI,-,0-a,-,
Alcorn State University,Football,,,,,
Alcorn State University,Football,N-R Alien,-,-,-,
Alcorn State University,Football,,,,,
Alcorn State University,Football,Two or More,-,-,-,
Alcorn State University,Football,,,,,
Alcorn State University,Football,Unknown,-,-,-,
Alcorn State University,Football,,,,,
Alcorn State University,Football,White,-,33-a,67-a,
Alcorn State University,Football,,,,,
Alcorn State University,Football,Total,31-d,36-e,52-e,
Alcorn State University,Men's Basketball,,2007-08,4-Class,GSR,
Alcorn State University,Men's Basketball,,,,,
Alcorn State University,Men's Basketball,Am. Ind./AN,-,-,-,
Alcorn State University,Men's Basketball,,,,,
Alcorn State University,Men's Basketball,Asian,-,-,-,
Alcorn State University,Men's Basketball,,,,,
Alcorn State University,Men's Basketball,Black,0-a,60-a,55-c,
Alcorn State University,Men's Basketball,,,,,
Alcorn State University,Men's Basketball,Hispanic,-,-,-,
Alcorn State University,Men's Basketball,,,,,
Alcorn State University,Men's Basketball,Nat. Haw./PI,-,-,-,
Alcorn State University,Men's Basketball,,,,,
Alcorn State University,Men's Basketball,N-R Alien,-,-,-,
Alcorn State University,Men's Basketball,,,,,
Alcorn State University,Men's Basketball,Two or More,-,-,-,
Alcorn State University,Men's Basketball,,,,,
Alcorn State University,Men's Basketball,Unknown,-,-,-,
Alcorn State University,Men's Basketball,,,,,
Alcorn State University,Men's Basketball,White,-,-,-,
Alcorn State University,Men's Basketball,,,,,
Alcorn State University,Men's Basketball,Total,0-a,60-a,55-c,
Alcorn State University,Men's Other,,2007-08,4-Class,GSR,
Alcorn State University,Men's Other,,,,,
Alcorn State University,Men's Other,Am. Ind./AN,-,-,-,
Alcorn State University,Men's Other,,,,,
Alcorn State University,Men's Other,Asian,-,-,-,
Alcorn State University,Men's Other,,,,,
Alcorn State University,Men's Other,Black,0-a,0-a,-,
Alcorn State University,Men's Other,,,,,
Alcorn State University,Men's Other,Hispanic,-,-,-,
Alcorn State University,Men's Other,,,,,
Alcorn State University,Men's Other,Nat. Haw./PI,0-a,50-a,100-a,
Alcorn State University,Men's Other,,,,,
Alcorn State University,Men's Other,N-R Alien,0-a,0-a,100-a,
Alcorn State University,Men's Other,,,,,
Alcorn State University,Men's Other,Two or More,-,-,-,
Alcorn State University,Men's Other,,,,,
Alcorn State University,Men's Other,Unknown,-,-,-,
Alcorn State University,Men's Other,,,,,
Alcorn State University,Men's Other,White,-,-,-,
Alcorn State University,Men's Other,,,,,
Alcorn State University,Men's Other,Total,0-a,13-b,100-a,
Alcorn State University,Men's CC/Track,,2007-08,4-Class,GSR,
Alcorn State University,Men's CC/Track,,,,,
Alcorn State University,Men's CC/Track,Am. Ind./AN,-,-,-,
Alcorn State University,Men's CC/Track,,,,,
Alcorn State University,Men's CC/Track,Asian,-,-,-,
Alcorn State University,Men's CC/Track,,,,,
Alcorn State University,Men's CC/Track,Black,33-b,23-c,100-a,
Alcorn State University,Men's CC/Track,,,,,
Alcorn State University,Men's CC/Track,Hispanic,-,0-a,-,
Alcorn State University,Men's CC/Track,,,,,
Alcorn State University,Men's CC/Track,Nat. Haw./PI,-,-,-,
Alcorn State University,Men's CC/Track,,,,,
Alcorn State University,Men's CC/Track,N-R Alien,0-a,0-a,100-a,
Alcorn State University,Men's CC/Track,,,,,
Alcorn State University,Men's CC/Track,Two or More,-,-,-,
Alcorn State University,Men's CC/Track,,,,,
Alcorn State University,Men's CC/Track,Unknown,-,-,-,
Alcorn State University,Men's CC/Track,,,,,
Alcorn State University,Men's CC/Track,White,-,-,-,
Alcorn State University,Men's CC/Track,,,,,
Alcorn State University,Men's CC/Track,Total,25-b,19-d,100-a,
Alcorn State University,Women's Basketball,Am. Ind./AN,-,-,-,
Alcorn State University,Women's Basketball,,,,,
Alcorn State University,Women's Basketball,Asian,-,-,-,
Alcorn State University,Women's Basketball,,,,,
Alcorn State University,Women's Basketball,Black,17-b,25-c,78-b,
Alcorn State University,Women's Basketball,,,,,
Alcorn State University,Women's Basketball,Hispanic,-,-,-,
Alcorn State University,Women's Basketball,,,,,
Alcorn State University,Women's Basketball,Nat. Haw./PI,-,0-a,0-a,
Alcorn State University,Women's Basketball,,,,,
Alcorn State University,Women's Basketball,N-R Alien,-,-,100-a,
Alcorn State University,Women's Basketball,,,,,
Alcorn State University,Women's Basketball,Two or More,-,-,-,
Alcorn State University,Women's Basketball,,,,,
Alcorn State University,Women's Basketball,Unknown,-,-,-,
Alcorn State University,Women's Basketball,,,,,
Alcorn State University,Women's Basketball,White,-,0-a,-,
Alcorn State University,Women's Basketball,,,,,
Alcorn State University,Women's Basketball,Total,17-b,21-c,73-c,
Alcorn State University,Women's CC/Track,Am. Ind./AN,-,-,-,
Alcorn State University,Women's CC/Track,,,,,
Alcorn State University,Women's CC/Track,Asian,-,-,-,
Alcorn State University,Women's CC/Track,,,,,
Alcorn State University,Women's CC/Track,Black,43-b,37-d,69-c,
Alcorn State University,Women's CC/Track,,,,,
Alcorn State University,Women's CC/Track,Hispanic,-,100-a,100-a,
Alcorn State University,Women's CC/Track,,,,,
Alcorn State University,Women's CC/Track,Nat. Haw./PI,-,-,-,
Alcorn State University,Women's CC/Track,,,,,
Alcorn State University,Women's CC/Track,N-R Alien,-,-,-,
Alcorn State University,Women's CC/Track,,,,,
Alcorn State University,Women's CC/Track,Two or More,-,-,-,
Alcorn State University,Women's CC/Track,,,,,
Alcorn State University,Women's CC/Track,Unknown,-,-,-,
Alcorn State University,Women's CC/Track,,,,,
Alcorn State University,Women's CC/Track,White,-,-,-,
Alcorn State University,Women's CC/Track,,,,,
Alcorn State University,Women's CC/Track,Total,43-b,40-d,71-c,
Alcorn State University,Women's Other,,2007-08,4-Class,GSR,
Alcorn State University,Women's Other,,,,,
Alcorn State University,Women's Other,Am. Ind./AN,-,0-a,-,
Alcorn State University,Women's Other,,,,,
Alcorn State University,Women's Other,Asian,-,50-a,100-a,
Alcorn State University,Women's Other,,,,,
Alcorn State University,Women's Other,Black,43-c,49-e,79-e,
Alcorn State University,Women's Other,,,,,
Alcorn State University,Women's Other,Hispanic,-,-,100-a,
Alcorn State University,Women's Other,,,,,
Alcorn State University,Women's Other,Nat. Haw./PI,0-a,0-a,100-a,
Alcorn State University,Women's Other,,,,,
Alcorn State University,Women's Other,N-R Alien,50-a,64-c,91-c,
Alcorn State University,Women's Other,,,,,
Alcorn State University,Women's Other,Two or More,-,-,-,
Alcorn State University,Women's Other,,,,,
Alcorn State University,Women's Other,Unknown,-,-,-,
Alcorn State University,Women's Other,,,,,
Alcorn State University,Women's Other,White,0-a,50-a,100-a,
Alcorn State University,Women's Other,,,,,
Alcorn State University,Women's Other,Total,39-d,49-e,83-e,
American University,Men's Basketball,,2007-08,4-Class,GSR,
American University,Men's Basketball,,,,,
American University,Men's Basketball,Am. Ind./AN,-,-,-,
American University,Men's Basketball,,,,,
American University,Men's Basketball,Asian,-,-,-,
American University,Men's Basketball,,,,,
American University,Men's Basketball,Black,-,75-a,83-b,
American University,Men's Basketball,,,,,
American University,Men's Basketball,Hispanic,-,-,100-a,
American University,Men's Basketball,,,,,
American University,Men's Basketball,Nat. Haw./PI,-,-,-,
American University,Men's Basketball,,,,,
American University,Men's Basketball,N-R Alien,-,-,100-a,
American University,Men's Basketball,,,,,
American University,Men's Basketball,Two or More,-,-,-,
American University,Men's Basketball,,,,,
American University,Men's Basketball,Unknown,-,-,-,
American University,Men's Basketball,,,,,
American University,Men's Basketball,White,100-a,80-a,100-a,
American University,Men's Basketball,,,,,
American University,Men's Basketball,Total,100-a,78-b,93-c,
American University,Men's Other,,2007-08,4-Class,GSR,
American University,Men's Other,,,,,
American University,Men's Other,Am. Ind./AN,100-a,100-a,100-a,
American University,Men's Other,,,,,
American University,Men's Other,Asian,0-a,50-a,100-a,
American University,Men's Other,,,,,
American University,Men's Other,Black,-,100-a,100-a,
American University,Men's Other,,,,,
American University,Men's Other,Hispanic,100-a,100-a,100-a,
American University,Men's Other,,,,,
American University,Men's Other,Nat. Haw./PI,-,-,-,
American University,Men's Other,,,,,
American University,Men's Other,N-R Alien,-,0-a,-,
American University,Men's Other,,,,,
American University,Men's Other,Two or More,-,-,-,
American University,Men's Other,,,,,
American University,Men's Other,Unknown,-,80-a,100-a,
American University,Men's Other,,,,,
American University,Men's Other,White,100-a,72-e,90-e,
American University,Men's Other,,,,,
American University,Men's Other,Total,88-b,72-e,93-e,
American University,Men's CC/Track,,2007-08,4-Class,GSR,
American University,Men's CC/Track,,,,,
American University,Men's CC/Track,Am. Ind./AN,-,-,-,
American University,Men's CC/Track,,,,,
American University,Men's CC/Track,Asian,-,-,-,
American University,Men's CC/Track,,,,,
American University,Men's CC/Track,Black,-,-,-,
American University,Men's CC/Track,,,,,
American University,Men's CC/Track,Hispanic,-,-,-,
American University,Men's CC/Track,,,,,
American University,Men's CC/Track,Nat. Haw./PI,-,-,-,
American University,Men's CC/Track,,,,,
American University,Men's CC/Track,N-R Alien,-,-,-,
American University,Men's CC/Track,,,,,
American University,Men's CC/Track,Two or More,-,-,-,
American University,Men's CC/Track,,,,,
American University,Men's CC/Track,Unknown,-,100-a,100-a,
American University,Men's CC/Track,,,,,
American University,Men's CC/Track,White,86-b,69-c,100-b,
American University,Men's CC/Track,,,,,
American University,Men's CC/Track,Total,86-b,71-c,100-b,
American University,Women's Basketball,Am. Ind./AN,-,-,-,
American University,Women's Basketball,,,,,
American University,Women's Basketball,Asian,-,-,-,
American University,Women's Basketball,,,,,
American University,Women's Basketball,Black,-,75-a,100-a,
American University,Women's Basketball,,,,,
American University,Women's Basketball,Hispanic,-,-,-,
American University,Women's Basketball,,,,,
American University,Women's Basketball,Nat. Haw./PI,-,-,-,
American University,Women's Basketball,,,,,
American University,Women's Basketball,N-R Alien,-,-,100-a,
American University,Women's Basketball,,,,,
American University,Women's Basketball,Two or More,-,-,-,
American University,Women's Basketball,,,,,
American University,Women's Basketball,Unknown,-,0-a,100-a,
American University,Women's Basketball,,,,,
American University,Women's Basketball,White,100-a,83-b,100-a,
American University,Women's Basketball,,,,,
American University,Women's Basketball,Total,100-a,73-c,100-c,
American University,Women's CC/Track,Am. Ind./AN,-,-,-,
American University,Women's CC/Track,,,,,
American University,Women's CC/Track,Asian,-,-,-,
American University,Women's CC/Track,,,,,
American University,Women's CC/Track,Black,100-a,100-a,100-a,
American University,Women's CC/Track,,,,,
American University,Women's CC/Track,Hispanic,-,-,-,
American University,Women's CC/Track,,,,,
American University,Women's CC/Track,Nat. Haw./PI,-,-,-,
American University,Women's CC/Track,,,,,
American University,Women's CC/Track,N-R Alien,-,-,-,
American University,Women's CC/Track,,,,,
American University,Women's CC/Track,Two or More,-,-,-,
American University,Women's CC/Track,,,,,
American University,Women's CC/Track,Unknown,-,-,-,
American University,Women's CC/Track,,,,,
American University,Women's CC/Track,White,0-a,33-b,67-a,
American University,Women's CC/Track,,,,,
American University,Women's CC/Track,Total,50-a,43-b,75-a,
American University,Women's Other,,2007-08,4-Class,GSR,
American University,Women's Other,,,,,
American University,Women's Other,Am. Ind./AN,-,-,-,
American University,Women's Other,,,,,
American University,Women's Other,Asian,-,100-a,100-a,
American University,Women's Other,,,,,
American University,Women's Other,Black,100-a,100-a,100-a,
American University,Women's Other,,,,,
American University,Women's Other,Hispanic,100-a,100-a,100-a,
American University,Women's Other,,,,,
American University,Women's Other,Nat. Haw./PI,-,-,-,
American University,Women's Other,,,,,
American University,Women's Other,N-R Alien,100-a,83-b,100-b,
American University,Women's Other,,,,,
American University,Women's Other,Two or More,-,0-a,0-a,
American University,Women's Other,,,,,
American University,Women's Other,Unknown,-,80-a,83-b,
American University,Women's Other,,,,,
American University,Women's Other,White,78-b,77-e,97-e,
American University,Women's Other,,,,,
American University,Women's Other,Total,85-c,78-e,94-e,
Appalachian State University,Baseball,,2007-08,4-Class,GSR,
Appalachian State University,Baseball,,,,,
Appalachian State University,Baseball,Am. Ind./AN,-,-,-,
Appalachian State University,Baseball,,,,,
Appalachian State University,Baseball,Asian,-,0-a,-,
Appalachian State University,Baseball,,,,,
Appalachian State University,Baseball,Black,-,0-a,0-a,
Appalachian State University,Baseball,,,,,
Appalachian State University,Baseball,Hispanic,-,-,100-a,
Appalachian State University,Baseball,,,,,
Appalachian State University,Baseball,Nat. Haw./PI,-,-,-,
Appalachian State University,Baseball,,,,,
Appalachian State University,Baseball,N-R Alien,-,-,-,
Appalachian State University,Baseball,,,,,
Appalachian State University,Baseball,Two or More,-,-,-,
Appalachian State University,Baseball,,,,,
Appalachian State University,Baseball,Unknown,-,-,-,
Appalachian State University,Baseball,,,,,
Appalachian State University,Baseball,White,67-b,55-e,75-e,
Appalachian State University,Baseball,,,,,
Appalachian State University,Baseball,Total,67-b,52-e,73-e,
Appalachian State University,Football,,2007-08,4-Class,GSR,
Appalachian State University,Football,,,,,
Appalachian State University,Football,Am. Ind./AN,-,-,-,
Appalachian State University,Football,,,,,
Appalachian State University,Football,Asian,-,-,-,
Appalachian State University,Football,,,,,
Appalachian State University,Football,Black,78-b,68-e,74-e,
Appalachian State University,Football,,,,,
Appalachian State University,Football,Hispanic,-,-,-,
Appalachian State University,Football,,,,,
Appalachian State University,Football,Nat. Haw./PI,-,-,-,
Appalachian State University,Football,,,,,
Appalachian State University,Football,N-R Alien,-,-,-,
Appalachian State University,Football,,,,,
Appalachian State University,Football,Two or More,-,-,-,
Appalachian State University,Football,,,,,
Appalachian State University,Football,Unknown,-,-,-,
Appalachian State University,Football,,,,,
Appalachian State University,Football,White,71-b,72-e,86-e,
Appalachian State University,Football,,,,,
Appalachian State University,Football,Total,75-d,69-e,79-e,
Appalachian State University,Men's Basketball,,2007-08,4-Class,GSR,
Appalachian State University,Men's Basketball,,,,,
Appalachian State University,Men's Basketball,Am. Ind./AN,-,-,-,
Appalachian State University,Men's Basketball,,,,,
Appalachian State University,Men's Basketball,Asian,-,-,-,
Appalachian State University,Men's Basketball,,,,,
Appalachian State University,Men's Basketball,Black,50-a,50-b,60-b,
Appalachian State University,Men's Basketball,,,,,
Appalachian State University,Men's Basketball,Hispanic,-,100-a,100-a,
Appalachian State University,Men's Basketball,,,,,
Appalachian State University,Men's Basketball,Nat. Haw./PI,-,-,-,
Appalachian State University,Men's Basketball,,,,,
Appalachian State University,Men's Basketball,N-R Alien,-,-,-,
Appalachian State University,Men's Basketball,,,,,
Appalachian State University,Men's Basketball,Two or More,-,-,-,
Appalachian State University,Men's Basketball,,,,,
Appalachian State University,Men's Basketball,Unknown,100-a,100-a,100-a,
Appalachian State University,Men's Basketball,,,,,
Appalachian State University,Men's Basketball,White,-,100-a,100-a,
Appalachian State University,Men's Basketball,,,,,
Appalachian State University,Men's Basketball,Total,67-a,67-c,71-c,
Appalachian State University,Men's Other,,2007-08,4-Class,GSR,
Appalachian State University,Men's Other,,,,,
Appalachian State University,Men's Other,Am. Ind./AN,-,0-a,-,
Appalachian State University,Men's Other,,,,,
Appalachian State University,Men's Other,Asian,-,-,-,
Appalachian State University,Men's Other,,,,,
Appalachian State University,Men's Other,Black,100-a,100-a,100-a,
Appalachian State University,Men's Other,,,,,
Appalachian State University,Men's Other,Hispanic,-,75-a,75-a,
Appalachian State University,Men's Other,,,,,
Appalachian State University,Men's Other,Nat. Haw./PI,-,-,-,
Appalachian State University,Men's Other,,,,,
Appalachian State University,Men's Other,N-R Alien,-,50-a,100-a,
Appalachian State University,Men's Other,,,,,
Appalachian State University,Men's Other,Two or More,-,-,-,
Appalachian State University,Men's Other,,,,,
Appalachian State University,Men's Other,Unknown,100-a,50-a,100-a,
Appalachian State University,Men's Other,,,,,
Appalachian State University,Men's Other,White,62-c,46-e,79-e,
Appalachian State University,Men's Other,,,,,
Appalachian State University,Men's Other,Total,69-d,49-e,82-e,
Appalachian State University,Men's CC/Track,,2007-08,4-Class,GSR,
Appalachian State University,Men's CC/Track,,,,,
Appalachian State University,Men's CC/Track,Am. Ind./AN,-,-,-,
Appalachian State University,Men's CC/Track,,,,,
Appalachian State University,Men's CC/Track,Asian,-,-,-,
Appalachian State University,Men's CC/Track,,,,,
Appalachian State University,Men's CC/Track,Black,100-a,71-b,75-b,
Appalachian State University,Men's CC/Track,,,,,
Appalachian State University,Men's CC/Track,Hispanic,-,-,-,
Appalachian State University,Men's CC/Track,,,,,
Appalachian State University,Men's CC/Track,Nat. Haw./PI,-,-,-,
Appalachian State University,Men's CC/Track,,,,,
Appalachian State University,Men's CC/Track,N-R Alien,-,-,-,
Appalachian State University,Men's CC/Track,,,,,
Appalachian State University,Men's CC/Track,Two or More,-,-,-,
Appalachian State University,Men's CC/Track,,,,,
Appalachian State University,Men's CC/Track,Unknown,-,-,-,
Appalachian State University,Men's CC/Track,,,,,
Appalachian State University,Men's CC/Track,White,100-a,77-c,91-c,
Appalachian State University,Men's CC/Track,,,,,
Appalachian State University,Men's CC/Track,Total,100-b,75-d,84-d,
Appalachian State University,Women's Basketball,Am. Ind./AN,-,-,-,
Appalachian State University,Women's Basketball,,,,,
Appalachian State University,Women's Basketball,Asian,100-a,100-a,100-a,
Appalachian State University,Women's Basketball,,,,,
Appalachian State University,Women's Basketball,Black,0-a,18-c,100-a,
Appalachian State University,Women's Basketball,,,,,
Appalachian State University,Women's Basketball,Hispanic,100-a,100-a,100-a,
Appalachian State University,Women's Basketball,,,,,
Appalachian State University,Women's Basketball,Nat. Haw./PI,-,-,-,
Appalachian State University,Women's Basketball,,,,,
Appalachian State University,Women's Basketball,N-R Alien,-,100-a,100-a,
Appalachian State University,Women's Basketball,,,,,
Appalachian State University,Women's Basketball,Two or More,-,-,-,
Appalachian State University,Women's Basketball,,,,,
Appalachian State University,Women's Basketball,Unknown,-,-,-,
Appalachian State University,Women's Basketball,,,,,
Appalachian State University,Women's Basketball,White,-,33-a,50-a,
Appalachian State University,Women's Basketball,,,,,
Appalachian State University,Women's Basketball,Total,40-a,35-d,89-b,
Appalachian State University,Women's CC/Track,Am. Ind./AN,-,-,-,
Appalachian State University,Women's CC/Track,,,,,
Appalachian State University,Women's CC/Track,Asian,-,-,-,
Appalachian State University,Women's CC/Track,,,,,
Appalachian State University,Women's CC/Track,Black,100-a,80-c,86-c,
Appalachian State University,Women's CC/Track,,,,,
Appalachian State University,Women's CC/Track,Hispanic,-,-,-,
Appalachian State University,Women's CC/Track,,,,,
Appalachian State University,Women's CC/Track,Nat. Haw./PI,-,-,-,
Appalachian State University,Women's CC/Track,,,,,
Appalachian State University,Women's CC/Track,N-R Alien,-,-,-,
Appalachian State University,Women's CC/Track,,,,,
Appalachian State University,Women's CC/Track,Two or More,-,-,-,
Appalachian State University,Women's CC/Track,,,,,
Appalachian State University,Women's CC/Track,Unknown,100-a,100-a,100-a,
Appalachian State University,Women's CC/Track,,,,,
Appalachian State University,Women's CC/Track,White,83-b,88-d,89-d,
Appalachian State University,Women's CC/Track,,,,,
Appalachian State University,Women's CC/Track,Total,91-c,84-e,88-e,
Appalachian State University,Women's Other,,2007-08,4-Class,GSR,
Appalachian State University,Women's Other,,,,,
Appalachian State University,Women's Other,Am. Ind./AN,-,-,-,
Appalachian State University,Women's Other,,,,,
Appalachian State University,Women's Other,Asian,-,-,-,
Appalachian State University,Women's Other,,,,,
Appalachian State University,Women's Other,Black,-,-,-,
Appalachian State University,Women's Other,,,,,
Appalachian State University,Women's Other,Hispanic,-,-,-,
Appalachian State University,Women's Other,,,,,
Appalachian State University,Women's Other,Nat. Haw./PI,-,-,-,
Appalachian State University,Women's Other,,,,,
Appalachian State University,Women's Other,N-R Alien,-,-,100-a,
Appalachian State University,Women's Other,,,,,
Appalachian State University,Women's Other,Two or More,-,-,-,
Appalachian State University,Women's Other,,,,,
Appalachian State University,Women's Other,Unknown,100-a,50-a,100-a,
Appalachian State University,Women's Other,,,,,
Appalachian State University,Women's Other,White,63-d,68-e,87-e,
Appalachian State University,Women's Other,,,,,
Appalachian State University,Women's Other,Total,65-d,68-e,88-e,
University at Albany,Baseball,,2007-08,4-Class,GSR,
University at Albany,Baseball,,,,,
University at Albany,Baseball,Am. Ind./AN,-,-,-,
University at Albany,Baseball,,,,,
University at Albany,Baseball,Asian,-,-,-,
University at Albany,Baseball,,,,,
University at Albany,Baseball,Black,-,-,-,
University at Albany,Baseball,,,,,
University at Albany,Baseball,Hispanic,-,-,100-a,
University at Albany,Baseball,,,,,
University at Albany,Baseball,Nat. Haw./PI,-,-,-,
University at Albany,Baseball,,,,,
University at Albany,Baseball,N-R Alien,-,-,0-a,
University at Albany,Baseball,,,,,
University at Albany,Baseball,Two or More,-,-,-,
University at Albany,Baseball,,,,,
University at Albany,Baseball,Unknown,-,-,0-a,
University at Albany,Baseball,,,,,
University at Albany,Baseball,White,40-a,67-c,78-d,
University at Albany,Baseball,,,,,
University at Albany,Baseball,Total,40-a,67-c,71-e,
University at Albany,Football,,2007-08,4-Class,GSR,
University at Albany,Football,,,,,
University at Albany,Football,Am. Ind./AN,-,-,-,
University at Albany,Football,,,,,
University at Albany,Football,Asian,-,0-a,0-a,
University at Albany,Football,,,,,
University at Albany,Football,Black,75-a,53-c,56-d,
University at Albany,Football,,,,,
University at Albany,Football,Hispanic,-,-,100-a,
University at Albany,Football,,,,,
University at Albany,Football,Nat. Haw./PI,-,-,-,
University at Albany,Football,,,,,
University at Albany,Football,N-R Alien,-,-,-,
University at Albany,Football,,,,,
University at Albany,Football,Two or More,-,-,-,
University at Albany,Football,,,,,
University at Albany,Football,Unknown,-,-,-,
University at Albany,Football,,,,,
University at Albany,Football,White,69-c,63-e,79-e,
University at Albany,Football,,,,,
University at Albany,Football,Total,71-d,59-e,71-e,
University at Albany,Men's Basketball,,2007-08,4-Class,GSR,
University at Albany,Men's Basketball,,,,,
University at Albany,Men's Basketball,Am. Ind./AN,-,-,-,
University at Albany,Men's Basketball,,,,,
University at Albany,Men's Basketball,Asian,-,-,-,
University at Albany,Men's Basketball,,,,,
University at Albany,Men's Basketball,Black,0-a,17-b,63-b,
University at Albany,Men's Basketball,,,,,
University at Albany,Men's Basketball,Hispanic,-,-,-,
University at Albany,Men's Basketball,,,,,
University at Albany,Men's Basketball,Nat. Haw./PI,-,-,-,
University at Albany,Men's Basketball,,,,,
University at Albany,Men's Basketball,N-R Alien,-,-,-,
University at Albany,Men's Basketball,,,,,
University at Albany,Men's Basketball,Two or More,-,-,-,
University at Albany,Men's Basketball,,,,,
University at Albany,Men's Basketball,Unknown,-,-,-,
University at Albany,Men's Basketball,,,,,
University at Albany,Men's Basketball,White,100-a,86-b,100-b,
University at Albany,Men's Basketball,,,,,
University at Albany,Men's Basketball,Total,33-a,54-c,80-c,
University at Albany,Men's Other,,2007-08,4-Class,GSR,
University at Albany,Men's Other,,,,,
University at Albany,Men's Other,Am. Ind./AN,-,-,-,
University at Albany,Men's Other,,,,,
University at Albany,Men's Other,Asian,-,-,-,
University at Albany,Men's Other,,,,,
University at Albany,Men's Other,Black,100-a,50-a,50-a,
University at Albany,Men's Other,,,,,
University at Albany,Men's Other,Hispanic,-,100-a,67-a,
University at Albany,Men's Other,,,,,
University at Albany,Men's Other,Nat. Haw./PI,-,-,-,
University at Albany,Men's Other,,,,,
University at Albany,Men's Other,N-R Alien,100-a,71-b,100-b,
University at Albany,Men's Other,,,,,
University at Albany,Men's Other,Two or More,-,-,-,
University at Albany,Men's Other,,,,,
University at Albany,Men's Other,Unknown,-,0-a,-,
University at Albany,Men's Other,,,,,
University at Albany,Men's Other,White,63-b,61-e,71-e,
University at Albany,Men's Other,,,,,
University at Albany,Men's Other,Total,75-c,63-e,74-e,
University at Albany,Men's CC/Track,,2007-08,4-Class,GSR,
University at Albany,Men's CC/Track,,,,,
University at Albany,Men's CC/Track,Am. Ind./AN,-,-,-,
University at Albany,Men's CC/Track,,,,,
University at Albany,Men's CC/Track,Asian,-,-,-,
University at Albany,Men's CC/Track,,,,,
University at Albany,Men's CC/Track,Black,0-a,25-a,50-a,
University at Albany,Men's CC/Track,,,,,
University at Albany,Men's CC/Track,Hispanic,100-a,100-a,100-a,
University at Albany,Men's CC/Track,,,,,
University at Albany,Men's CC/Track,Nat. Haw./PI,-,-,-,
University at Albany,Men's CC/Track,,,,,
University at Albany,Men's CC/Track,N-R Alien,-,-,0-a,
University at Albany,Men's CC/Track,,,,,
University at Albany,Men's CC/Track,Two or More,-,-,100-a,
University at Albany,Men's CC/Track,,,,,
University at Albany,Men's CC/Track,Unknown,-,-,-,
University at Albany,Men's CC/Track,,,,,
University at Albany,Men's CC/Track,White,100-a,80-b,82-c,
University at Albany,Men's CC/Track,,,,,
University at Albany,Men's CC/Track,Total,50-a,69-d,75-d,
University at Albany,Women's Basketball,Am. Ind./AN,-,-,-,
University at Albany,Women's Basketball,,,,,
University at Albany,Women's Basketball,Asian,-,-,-,
University at Albany,Women's Basketball,,,,,
University at Albany,Women's Basketball,Black,33-a,50-b,78-b,
University at Albany,Women's Basketball,,,,,
University at Albany,Women's Basketball,Hispanic,-,-,-,
University at Albany,Women's Basketball,,,,,
University at Albany,Women's Basketball,Nat. Haw./PI,-,-,-,
University at Albany,Women's Basketball,,,,,
University at Albany,Women's Basketball,N-R Alien,-,0-a,-,
University at Albany,Women's Basketball,,,,,
University at Albany,Women's Basketball,Two or More,-,-,100-a,
University at Albany,Women's Basketball,,,,,
University at Albany,Women's Basketball,Unknown,-,-,-,
University at Albany,Women's Basketball,,,,,
University at Albany,Women's Basketball,White,-,100-a,100-a,
University at Albany,Women's Basketball,,,,,
University at Albany,Women's Basketball,Total,33-a,57-c,85-c,
University at Albany,Women's CC/Track,Am. Ind./AN,-,-,-,
University at Albany,Women's CC/Track,,,,,
University at Albany,Women's CC/Track,Asian,0-a,0-a,-,
University at Albany,Women's CC/Track,,,,,
University at Albany,Women's CC/Track,Black,100-a,67-b,78-b,
University at Albany,Women's CC/Track,,,,,
University at Albany,Women's CC/Track,Hispanic,-,-,100-a,
University at Albany,Women's CC/Track,,,,,
University at Albany,Women's CC/Track,Nat. Haw./PI,-,-,-,
University at Albany,Women's CC/Track,,,,,
University at Albany,Women's CC/Track,N-R Alien,100-a,100-a,100-a,
University at Albany,Women's CC/Track,,,,,
University at Albany,Women's CC/Track,Two or More,-,-,-,
University at Albany,Women's CC/Track,,,,,
University at Albany,Women's CC/Track,Unknown,-,100-a,100-a,
University at Albany,Women's CC/Track,,,,,
University at Albany,Women's CC/Track,White,67-b,57-c,71-c,
University at Albany,Women's CC/Track,,,,,
University at Albany,Women's CC/Track,Total,70-b,63-e,81-e,
University at Albany,Women's Other,,2007-08,4-Class,GSR,
University at Albany,Women's Other,,,,,
University at Albany,Women's Other,Am. Ind./AN,100-a,100-a,100-a,
University at Albany,Women's Other,,,,,
University at Albany,Women's Other,Asian,100-a,100-a,100-a,
University at Albany,Women's Other,,,,,
University at Albany,Women's Other,Black,-,60-a,100-a,
University at Albany,Women's Other,,,,,
University at Albany,Women's Other,Hispanic,-,100-a,100-a,
University at Albany,Women's Other,,,,,
University at Albany,Women's Other,Nat. Haw./PI,-,-,-,
University at Albany,Women's Other,,,,,
University at Albany,Women's Other,N-R Alien,25-a,56-b,100-b,
University at Albany,Women's Other,,,,,
University at Albany,Women's Other,Two or More,-,-,-,
University at Albany,Women's Other,,,,,
University at Albany,Women's Other,Unknown,-,100-a,100-a,
University at Albany,Women's Other,,,,,
University at Albany,Women's Other,White,68-e,69-e,87-e,
University at Albany,Women's Other,,,,,
University at Albany,Women's Other,Total,65-e,70-e,90-e,
University of Akron,Baseball,,2007-08,4-Class,GSR,
University of Akron,Baseball,,,,,
University of Akron,Baseball,Am. Ind./AN,-,-,-,
University of Akron,Baseball,,,,,
University of Akron,Baseball,Asian,-,-,-,
University of Akron,Baseball,,,,,
University of Akron,Baseball,Black,-,0-a,0-a,
University of Akron,Baseball,,,,,
University of Akron,Baseball,Hispanic,-,100-a,100-a,
University of Akron,Baseball,,,,,
University of Akron,Baseball,Nat. Haw./PI,-,-,-,
University of Akron,Baseball,,,,,
University of Akron,Baseball,N-R Alien,-,-,-,
University of Akron,Baseball,,,,,
University of Akron,Baseball,Two or More,-,-,-,
University of Akron,Baseball,,,,,
University of Akron,Baseball,Unknown,-,-,-,
University of Akron,Baseball,,,,,
University of Akron,Baseball,White,100-a,75-e,81-e,
University of Akron,Baseball,,,,,
University of Akron,Baseball,Total,100-a,73-e,79-e,
University of Akron,Football,,2007-08,4-Class,GSR,
University of Akron,Football,,,,,
University of Akron,Football,Am. Ind./AN,-,-,-,
University of Akron,Football,,,,,
University of Akron,Football,Asian,-,0-a,-,
University of Akron,Football,,,,,
University of Akron,Football,Black,31-c,40-e,44-e,
University of Akron,Football,,,,,
University of Akron,Football,Hispanic,-,-,-,
University of Akron,Football,,,,,
University of Akron,Football,Nat. Haw./PI,-,-,-,
University of Akron,Football,,,,,
University of Akron,Football,N-R Alien,-,100-a,100-a,
University of Akron,Football,,,,,
University of Akron,Football,Two or More,-,-,100-a,
University of Akron,Football,,,,,
University of Akron,Football,Unknown,-,100-a,100-a,
University of Akron,Football,,,,,
University of Akron,Football,White,83-b,85-d,91-e,
University of Akron,Football,,,,,
University of Akron,Football,Total,47-d,55-e,60-e,
University of Akron,Men's Basketball,,2007-08,4-Class,GSR,
University of Akron,Men's Basketball,,,,,
University of Akron,Men's Basketball,Am. Ind./AN,-,-,-,
University of Akron,Men's Basketball,,,,,
University of Akron,Men's Basketball,Asian,-,-,-,
University of Akron,Men's Basketball,,,,,
University of Akron,Men's Basketball,Black,0-a,75-a,100-a,
University of Akron,Men's Basketball,,,,,
University of Akron,Men's Basketball,Hispanic,-,-,-,
University of Akron,Men's Basketball,,,,,
University of Akron,Men's Basketball,Nat. Haw./PI,-,-,-,
University of Akron,Men's Basketball,,,,,
University of Akron,Men's Basketball,N-R Alien,-,-,-,
University of Akron,Men's Basketball,,,,,
University of Akron,Men's Basketball,Two or More,-,-,-,
University of Akron,Men's Basketball,,,,,
University of Akron,Men's Basketball,Unknown,-,-,-,
University of Akron,Men's Basketball,,,,,
University of Akron,Men's Basketball,White,100-a,67-b,80-a,
University of Akron,Men's Basketball,,,,,
University of Akron,Men's Basketball,Total,50-a,70-b,89-b,
University of Akron,Men's Other,,2007-08,4-Class,GSR,
University of Akron,Men's Other,,,,,
University of Akron,Men's Other,Am. Ind./AN,-,-,-,
University of Akron,Men's Other,,,,,
University of Akron,Men's Other,Asian,100-a,100-a,50-a,
University of Akron,Men's Other,,,,,
University of Akron,Men's Other,Black,-,-,0-a,
University of Akron,Men's Other,,,,,
University of Akron,Men's Other,Hispanic,-,-,-,
University of Akron,Men's Other,,,,,
University of Akron,Men's Other,Nat. Haw./PI,-,-,-,
University of Akron,Men's Other,,,,,
University of Akron,Men's Other,N-R Alien,-,60-a,100-a,
University of Akron,Men's Other,,,,,
University of Akron,Men's Other,Two or More,-,-,-,
University of Akron,Men's Other,,,,,
University of Akron,Men's Other,Unknown,-,0-a,0-a,
University of Akron,Men's Other,,,,,
University of Akron,Men's Other,White,33-b,50-d,58-e,
University of Akron,Men's Other,,,,,
University of Akron,Men's Other,Total,43-b,52-e,58-e,
University of Akron,Men's CC/Track,,2007-08,4-Class,GSR,
University of Akron,Men's CC/Track,,,,,
University of Akron,Men's CC/Track,Am. Ind./AN,-,-,-,
University of Akron,Men's CC/Track,,,,,
University of Akron,Men's CC/Track,Asian,-,-,-,
University of Akron,Men's CC/Track,,,,,
University of Akron,Men's CC/Track,Black,-,40-a,57-b,
University of Akron,Men's CC/Track,,,,,
University of Akron,Men's CC/Track,Hispanic,-,-,-,
University of Akron,Men's CC/Track,,,,,
University of Akron,Men's CC/Track,Nat. Haw./PI,-,-,-,
University of Akron,Men's CC/Track,,,,,
University of Akron,Men's CC/Track,N-R Alien,-,-,-,
University of Akron,Men's CC/Track,,,,,
University of Akron,Men's CC/Track,Two or More,-,-,-,
University of Akron,Men's CC/Track,,,,,
University of Akron,Men's CC/Track,Unknown,-,100-a,100-a,
University of Akron,Men's CC/Track,,,,,
University of Akron,Men's CC/Track,White,88-b,68-d,79-d,
University of Akron,Men's CC/Track,,,,,
University of Akron,Men's CC/Track,Total,88-b,64-e,74-e,
University of Akron,Women's Basketball,200,7-08 4-,Class,GSR,
University of Akron,Women's Basketball,,,,,
University of Akron,Women's Basketball,Am. Ind./AN,-,-,-,
University of Akron,Women's Basketball,,,,,
University of Akron,Women's Basketball,Asian,-,-,-,
University of Akron,Women's Basketball,,,,,
University of Akron,Women's Basketball,Black,0-a,29-b,75-a,
University of Akron,Women's Basketball,,,,,
University of Akron,Women's Basketball,Hispanic,-,-,-,
University of Akron,Women's Basketball,,,,,
University of Akron,Women's Basketball,Nat. Haw./PI,-,-,-,
University of Akron,Women's Basketball,,,,,
University of Akron,Women's Basketball,N-R Alien,-,-,0-a,
University of Akron,Women's Basketball,,,,,
University of Akron,Women's Basketball,Two or More,-,-,-,
University of Akron,Women's Basketball,,,,,
University of Akron,Women's Basketball,Unknown,-,-,-,
University of Akron,Women's Basketball,,,,,
University of Akron,Women's Basketball,White,50-a,50-b,88-b,
University of Akron,Women's Basketball,,,,,
University of Akron,Women's Basketball,Total,33-a,40-c,77-c,
University of Akron,Women's CC/Track,Am. Ind./AN,-,-,-,
University of Akron,Women's CC/Track,,,,,
University of Akron,Women's CC/Track,Asian,-,-,-,
University of Akron,Women's CC/Track,,,,,
University of Akron,Women's CC/Track,Black,100-a,60-b,75-b,
University of Akron,Women's CC/Track,,,,,
University of Akron,Women's CC/Track,Hispanic,-,-,-,
University of Akron,Women's CC/Track,,,,,
University of Akron,Women's CC/Track,Nat. Haw./PI,-,-,-,
University of Akron,Women's CC/Track,,,,,
University of Akron,Women's CC/Track,N-R Alien,-,-,100-a,
University of Akron,Women's CC/Track,,,,,
University of Akron,Women's CC/Track,Two or More,-,-,-,
University of Akron,Women's CC/Track,,,,,
University of Akron,Women's CC/Track,Unknown,-,-,-,
University of Akron,Women's CC/Track,,,,,
University of Akron,Women's CC/Track,White,60-a,84-d,94-d,
University of Akron,Women's CC/Track,,,,,
University of Akron,Women's CC/Track,Total,67-b,76-e,89-e,
University of Akron,Women's Other,,2007-08,4-Class,GSR,
University of Akron,Women's Other,,,,,
University of Akron,Women's Other,Am. Ind./AN,-,0-a,0-a,
University of Akron,Women's Other,,,,,
University of Akron,Women's Other,Asian,-,67-a,100-a,
University of Akron,Women's Other,,,,,
University of Akron,Women's Other,Black,50-a,86-b,86-b,
University of Akron,Women's Other,,,,,
University of Akron,Women's Other,Hispanic,-,100-a,100-a,
University of Akron,Women's Other,,,,,
University of Akron,Women's Other,Nat. Haw./PI,-,-,-,
University of Akron,Women's Other,,,,,
University of Akron,Women's Other,N-R Alien,100-a,100-a,83-b,
University of Akron,Women's Other,,,,,
University of Akron,Women's Other,Two or More,-,-,-,
University of Akron,Women's Other,,,,,
University of Akron,Women's Other,Unknown,-,-,-,
University of Akron,Women's Other,,,,,
University of Akron,Women's Other,White,79-e,73-e,85-e,
University of Akron,Women's Other,,,,,
University of Akron,Women's Other,Total,78-e,74-e,84-e,
University of Alabama,Baseball,,2007-08,4-Class,GSR,
University of Alabama,Baseball,,,,,
University of Alabama,Baseball,Am. Ind./AN,-,-,-,
University of Alabama,Baseball,,,,,
University of Alabama,Baseball,Asian,-,-,-,
University of Alabama,Baseball,,,,,
University of Alabama,Baseball,Black,-,-,-,
University of Alabama,Baseball,,,,,
University of Alabama,Baseball,Hispanic,-,0-a,-,
University of Alabama,Baseball,,,,,
University of Alabama,Baseball,Nat. Haw./PI,-,-,-,
University of Alabama,Baseball,,,,,
University of Alabama,Baseball,N-R Alien,-,-,-,
University of Alabama,Baseball,,,,,
University of Alabama,Baseball,Two or More,-,-,-,
University of Alabama,Baseball,,,,,
University of Alabama,Baseball,Unknown,-,-,-,
University of Alabama,Baseball,,,,,
University of Alabama,Baseball,White,17-b,39-e,84-e,
University of Alabama,Baseball,,,,,
University of Alabama,Baseball,Total,17-b,38-e,84-e,
University of Alabama,Football,,2007-08,4-Class,GSR,
University of Alabama,Football,,,,,
University of Alabama,Football,Am. Ind./AN,-,-,-,
University of Alabama,Football,,,,,
University of Alabama,Football,Asian,-,-,-,
University of Alabama,Football,,,,,
University of Alabama,Football,Black,67-c,57-e,72-e,
University of Alabama,Football,,,,,
University of Alabama,Football,Hispanic,-,-,-,
University of Alabama,Football,,,,,
University of Alabama,Football,Nat. Haw./PI,-,-,-,
University of Alabama,Football,,,,,
University of Alabama,Football,N-R Alien,-,-,-,
University of Alabama,Football,,,,,
University of Alabama,Football,Two or More,-,-,-,
University of Alabama,Football,,,,,
University of Alabama,Football,Unknown,-,-,-,
University of Alabama,Football,,,,,
University of Alabama,Football,White,60-a,67-e,96-e,
University of Alabama,Football,,,,,
University of Alabama,Football,Total,65-d,60-e,80-e,
University of Alabama,Men's Basketball,,2007-08,4-Class,GSR,
University of Alabama,Men's Basketball,,,,,
University of Alabama,Men's Basketball,Am. Ind./AN,-,-,-,
University of Alabama,Men's Basketball,,,,,
University of Alabama,Men's Basketball,Asian,-,-,-,
University of Alabama,Men's Basketball,,,,,
University of Alabama,Men's Basketball,Black,67-a,63-d,87-c,
University of Alabama,Men's Basketball,,,,,
University of Alabama,Men's Basketball,Hispanic,-,-,-,
University of Alabama,Men's Basketball,,,,,
University of Alabama,Men's Basketball,Nat. Haw./PI,-,-,-,
University of Alabama,Men's Basketball,,,,,
University of Alabama,Men's Basketball,N-R Alien,-,-,-,
University of Alabama,Men's Basketball,,,,,
University of Alabama,Men's Basketball,Two or More,-,-,-,
University of Alabama,Men's Basketball,,,,,
University of Alabama,Men's Basketball,Unknown,-,-,-,
University of Alabama,Men's Basketball,,,,,
University of Alabama,Men's Basketball,White,-,-,-,
University of Alabama,Men's Basketball,,,,,
University of Alabama,Men's Basketball,Total,67-a,63-d,87-c,
University of Alabama,Men's Other,,2007-08,4-Class,GSR,
University of Alabama,Men's Other,,,,,
University of Alabama,Men's Other,Am. Ind./AN,-,-,-,
University of Alabama,Men's Other,,,,,
University of Alabama,Men's Other,Asian,-,-,-,
University of Alabama,Men's Other,,,,,
University of Alabama,Men's Other,Black,-,-,-,
University of Alabama,Men's Other,,,,,
University of Alabama,Men's Other,Hispanic,-,-,-,
University of Alabama,Men's Other,,,,,
University of Alabama,Men's Other,Nat. Haw./PI,-,-,-,
University of Alabama,Men's Other,,,,,
University of Alabama,Men's Other,N-R Alien,100-a,100-a,100-c,
University of Alabama,Men's Other,,,,,
University of Alabama,Men's Other,Two or More,-,-,-,
University of Alabama,Men's Other,,,,,
University of Alabama,Men's Other,Unknown,-,-,-,
University of Alabama,Men's Other,,,,,
University of Alabama,Men's Other,White,56-b,70-e,96-e,
University of Alabama,Men's Other,,,,,
University of Alabama,Men's Other,Total,60-b,74-e,97-e,
University of Alabama,Men's CC/Track,,2007-08,4-Class,GSR,
University of Alabama,Men's CC/Track,,,,,
University of Alabama,Men's CC/Track,Am. Ind./AN,-,-,-,
University of Alabama,Men's CC/Track,,,,,
University of Alabama,Men's CC/Track,Asian,-,-,-,
University of Alabama,Men's CC/Track,,,,,
University of Alabama,Men's CC/Track,Black,-,100-a,86-b,
University of Alabama,Men's CC/Track,,,,,
University of Alabama,Men's CC/Track,Hispanic,-,-,-,
University of Alabama,Men's CC/Track,,,,,
University of Alabama,Men's CC/Track,Nat. Haw./PI,-,-,-,
University of Alabama,Men's CC/Track,,,,,
University of Alabama,Men's CC/Track,N-R Alien,100-a,75-a,100-b,
University of Alabama,Men's CC/Track,,,,,
University of Alabama,Men's CC/Track,Two or More,-,-,-,
University of Alabama,Men's CC/Track,,,,,
University of Alabama,Men's CC/Track,Unknown,-,-,-,
University of Alabama,Men's CC/Track,,,,,
University of Alabama,Men's CC/Track,White,100-a,57-b,100-a,
University of Alabama,Men's CC/Track,,,,,
University of Alabama,Men's CC/Track,Total,100-a,71-c,95-e,
University of Alabama,Women's Basketball,Am. Ind./AN,-,-,-,
University of Alabama,Women's Basketball,,,,,
University of Alabama,Women's Basketball,Asian,-,-,-,
University of Alabama,Women's Basketball,,,,,
University of Alabama,Women's Basketball,Black,67-a,50-b,88-b,
University of Alabama,Women's Basketball,,,,,
University of Alabama,Women's Basketball,Hispanic,-,-,-,
University of Alabama,Women's Basketball,,,,,
University of Alabama,Women's Basketball,Nat. Haw./PI,-,-,-,
University of Alabama,Women's Basketball,,,,,
University of Alabama,Women's Basketball,N-R Alien,-,100-a,100-a,
University of Alabama,Women's Basketball,,,,,
University of Alabama,Women's Basketball,Two or More,-,-,-,
University of Alabama,Women's Basketball,,,,,
University of Alabama,Women's Basketball,Unknown,-,-,-,
University of Alabama,Women's Basketball,,,,,
University of Alabama,Women's Basketball,White,50-a,60-a,100-a,
University of Alabama,Women's Basketball,,,,,
University of Alabama,Women's Basketball,Total,60-a,56-d,92-c,
University of Alabama,Women's CC/Track,Am. Ind./AN,-,-,-,
University of Alabama,Women's CC/Track,,,,,
University of Alabama,Women's CC/Track,Asian,-,-,-,
University of Alabama,Women's CC/Track,,,,,
University of Alabama,Women's CC/Track,Black,50-a,60-b,86-b,
University of Alabama,Women's CC/Track,,,,,
University of Alabama,Women's CC/Track,Hispanic,-,33-a,100-a,
University of Alabama,Women's CC/Track,,,,,
University of Alabama,Women's CC/Track,Nat. Haw./PI,-,-,-,
University of Alabama,Women's CC/Track,,,,,
University of Alabama,Women's CC/Track,N-R Alien,-,100-a,67-a,
University of Alabama,Women's CC/Track,,,,,
University of Alabama,Women's CC/Track,Two or More,-,-,-,
University of Alabama,Women's CC/Track,,,,,
University of Alabama,Women's CC/Track,Unknown,-,-,-,
University of Alabama,Women's CC/Track,,,,,
University of Alabama,Women's CC/Track,White,83-b,86-c,100-c,
University of Alabama,Women's CC/Track,,,,,
University of Alabama,Women's CC/Track,Total,70-b,71-e,92-e,
University of Alabama,Women's Other,,2007-08,4-Class,GSR,
University of Alabama,Women's Other,,,,,
University of Alabama,Women's Other,Am. Ind./AN,-,-,-,
University of Alabama,Women's Other,,,,,
University of Alabama,Women's Other,Asian,-,-,-,
University of Alabama,Women's Other,,,,,
University of Alabama,Women's Other,Black,50-a,83-b,100-a,
University of Alabama,Women's Other,,,,,
University of Alabama,Women's Other,Hispanic,100-a,50-a,100-a,
University of Alabama,Women's Other,,,,,
University of Alabama,Women's Other,Nat. Haw./PI,-,-,-,
University of Alabama,Women's Other,,,,,
University of Alabama,Women's Other,N-R Alien,100-a,71-c,100-c,
University of Alabama,Women's Other,,,,,
University of Alabama,Women's Other,Two or More,-,-,-,
University of Alabama,Women's Other,,,,,
University of Alabama,Women's Other,Unknown,-,-,-,
University of Alabama,Women's Other,,,,,
University of Alabama,Women's Other,White,79-e,85-e,95-e,
University of Alabama,Women's Other,,,,,
University of Alabama,Women's Other,Total,79-e,82-e,96-e,
University of Alabama at Birmingham,Baseball,,2007-08,4-Class,GSR,
University of Alabama at Birmingham,Baseball,,,,,
University of Alabama at Birmingham,Baseball,Am. Ind./AN,-,-,-,
University of Alabama at Birmingham,Baseball,,,,,
University of Alabama at Birmingham,Baseball,Asian,-,-,-,
University of Alabama at Birmingham,Baseball,,,,,
University of Alabama at Birmingham,Baseball,Black,0-a,0-a,-,
University of Alabama at Birmingham,Baseball,,,,,
University of Alabama at Birmingham,Baseball,Hispanic,-,-,-,
University of Alabama at Birmingham,Baseball,,,,,
University of Alabama at Birmingham,Baseball,Nat. Haw./PI,-,-,-,
University of Alabama at Birmingham,Baseball,,,,,
University of Alabama at Birmingham,Baseball,N-R Alien,-,-,100-a,
University of Alabama at Birmingham,Baseball,,,,,
University of Alabama at Birmingham,Baseball,Two or More,-,-,-,
University of Alabama at Birmingham,Baseball,,,,,
University of Alabama at Birmingham,Baseball,Unknown,-,-,100-a,
University of Alabama at Birmingham,Baseball,,,,,
University of Alabama at Birmingham,Baseball,White,100-a,68-e,91-e,
University of Alabama at Birmingham,Baseball,,,,,
University of Alabama at Birmingham,Baseball,Total,80-a,65-e,91-e,
University of Alabama at Birmingham,Football,,2007-08,4-Class,GSR,
University of Alabama at Birmingham,Football,,,,,
University of Alabama at Birmingham,Football,Am. Ind./AN,-,-,-,
University of Alabama at Birmingham,Football,,,,,
University of Alabama at Birmingham,Football,Asian,-,-,-,
University of Alabama at Birmingham,Football,,,,,
University of Alabama at Birmingham,Football,Black,47-c,45-e,61-e,
University of Alabama at Birmingham,Football,,,,,
University of Alabama at Birmingham,Football,Hispanic,-,-,-,
University of Alabama at Birmingham,Football,,,,,
University of Alabama at Birmingham,Football,Nat. Haw./PI,-,-,-,
University of Alabama at Birmingham,Football,,,,,
University of Alabama at Birmingham,Football,N-R Alien,-,-,-,
University of Alabama at Birmingham,Football,,,,,
University of Alabama at Birmingham,Football,Two or More,-,-,-,
University of Alabama at Birmingham,Football,,,,,
University of Alabama at Birmingham,Football,Unknown,100-a,100-a,100-a,
University of Alabama at Birmingham,Football,,,,,
University of Alabama at Birmingham,Football,White,50-b,56-d,57-e,
University of Alabama at Birmingham,Football,,,,,
University of Alabama at Birmingham,Football,Total,50-e,49-e,61-e,
University of Alabama at Birmingham,Men's Basketball,,2007-08,4-Class,GSR,
University of Alabama at Birmingham,Men's Basketball,,,,,
University of Alabama at Birmingham,Men's Basketball,Am. Ind./AN,-,-,-,
University of Alabama at Birmingham,Men's Basketball,,,,,
University of Alabama at Birmingham,Men's Basketball,Asian,-,-,-,
University of Alabama at Birmingham,Men's Basketball,,,,,
University of Alabama at Birmingham,Men's Basketball,Black,50-a,56-b,50-d,
University of Alabama at Birmingham,Men's Basketball,,,,,
University of Alabama at Birmingham,Men's Basketball,Hispanic,-,-,-,
University of Alabama at Birmingham,Men's Basketball,,,,,
University of Alabama at Birmingham,Men's Basketball,Nat. Haw./PI,-,-,-,
University of Alabama at Birmingham,Men's Basketball,,,,,
University of Alabama at Birmingham,Men's Basketball,N-R Alien,0-a,0-a,100-a,
University of Alabama at Birmingham,Men's Basketball,,,,,
University of Alabama at Birmingham,Men's Basketball,Two or More,-,-,-,
University of Alabama at Birmingham,Men's Basketball,,,,,
University of Alabama at Birmingham,Men's Basketball,Unknown,-,-,-,
University of Alabama at Birmingham,Men's Basketball,,,,,
University of Alabama at Birmingham,Men's Basketball,White,-,-,-,
University of Alabama at Birmingham,Men's Basketball,,,,,
University of Alabama at Birmingham,Men's Basketball,Total,33-a,50-b,53-d,
University of Alabama at Birmingham,Men's Other,,2007-08,4-Class,GSR,
University of Alabama at Birmingham,Men's Other,,,,,
University of Alabama at Birmingham,Men's Other,Am. Ind./AN,100-a,100-a,100-a,
University of Alabama at Birmingham,Men's Other,,,,,
University of Alabama at Birmingham,Men's Other,Asian,-,-,100-a,
University of Alabama at Birmingham,Men's Other,,,,,
University of Alabama at Birmingham,Men's Other,Black,-,100-a,100-a,
University of Alabama at Birmingham,Men's Other,,,,,
University of Alabama at Birmingham,Men's Other,Hispanic,-,-,-,
University of Alabama at Birmingham,Men's Other,,,,,
University of Alabama at Birmingham,Men's Other,Nat. Haw./PI,-,-,-,
University of Alabama at Birmingham,Men's Other,,,,,
University of Alabama at Birmingham,Men's Other,N-R Alien,75-a,70-b,86-c,
University of Alabama at Birmingham,Men's Other,,,,,
University of Alabama at Birmingham,Men's Other,Two or More,-,-,-,
University of Alabama at Birmingham,Men's Other,,,,,
University of Alabama at Birmingham,Men's Other,Unknown,-,-,-,
University of Alabama at Birmingham,Men's Other,,,,,
University of Alabama at Birmingham,Men's Other,White,100-a,50-d,64-e,
University of Alabama at Birmingham,Men's Other,,,,,
University of Alabama at Birmingham,Men's Other,Total,86-b,63-e,77-e,
University of Alabama at Birmingham,Women's Basketball,Am. Ind./AN,-,-,-,
University of Alabama at Birmingham,Women's Basketball,,,,,
University of Alabama at Birmingham,Women's Basketball,Asian,-,-,-,
University of Alabama at Birmingham,Women's Basketball,,,,,
University of Alabama at Birmingham,Women's Basketball,Black,0-a,50-c,73-c,
University of Alabama at Birmingham,Women's Basketball,,,,,
University of Alabama at Birmingham,Women's Basketball,Hispanic,-,-,-,
University of Alabama at Birmingham,Women's Basketball,,,,,
University of Alabama at Birmingham,Women's Basketball,Nat. Haw./PI,-,-,-,
University of Alabama at Birmingham,Women's Basketball,,,,,
University of Alabama at Birmingham,Women's Basketball,N-R Alien,-,-,-,
University of Alabama at Birmingham,Women's Basketball,,,,,
University of Alabama at Birmingham,Women's Basketball,Two or More,-,-,-,
University of Alabama at Birmingham,Women's Basketball,,,,,
University of Alabama at Birmingham,Women's Basketball,Unknown,0-a,0-a,-,
University of Alabama at Birmingham,Women's Basketball,,,,,
University of Alabama at Birmingham,Women's Basketball,White,100-a,67-a,100-a,
University of Alabama at Birmingham,Women's Basketball,,,,,
University of Alabama at Birmingham,Women's Basketball,Total,25-a,50-d,77-c,
University of Alabama at Birmingham,Women's CC/Track,20,07-08 4-,Class,GSR,
University of Alabama at Birmingham,Women's CC/Track,,,,,
University of Alabama at Birmingham,Women's CC/Track,Am. Ind./AN,-,-,-,
University of Alabama at Birmingham,Women's CC/Track,,,,,
University of Alabama at Birmingham,Women's CC/Track,Asian,-,-,-,
University of Alabama at Birmingham,Women's CC/Track,,,,,
University of Alabama at Birmingham,Women's CC/Track,Black,40-a,43-c,60-b,
University of Alabama at Birmingham,Women's CC/Track,,,,,
University of Alabama at Birmingham,Women's CC/Track,Hispanic,-,-,-,
University of Alabama at Birmingham,Women's CC/Track,,,,,
University of Alabama at Birmingham,Women's CC/Track,Nat. Haw./PI,-,-,-,
University of Alabama at Birmingham,Women's CC/Track,,,,,
University of Alabama at Birmingham,Women's CC/Track,N-R Alien,-,100-a,67-a,
University of Alabama at Birmingham,Women's CC/Track,,,,,
University of Alabama at Birmingham,Women's CC/Track,Two or More,-,-,-,
University of Alabama at Birmingham,Women's CC/Track,,,,,
University of Alabama at Birmingham,Women's CC/Track,Unknown,-,-,-,
University of Alabama at Birmingham,Women's CC/Track,,,,,
University of Alabama at Birmingham,Women's CC/Track,White,100-a,60-c,90-b,
University of Alabama at Birmingham,Women's CC/Track,,,,,
University of Alabama at Birmingham,Women's CC/Track,Total,57-b,53-e,74-e,
University of Alabama at Birmingham,Women's Other,,2007-08,4-Class,GSR,
University of Alabama at Birmingham,Women's Other,,,,,
University of Alabama at Birmingham,Women's Other,Am. Ind./AN,-,-,-,
University of Alabama at Birmingham,Women's Other,,,,,
University of Alabama at Birmingham,Women's Other,Asian,100-a,100-a,100-a,
University of Alabama at Birmingham,Women's Other,,,,,
University of Alabama at Birmingham,Women's Other,Black,0-a,33-a,100-a,
University of Alabama at Birmingham,Women's Other,,,,,
University of Alabama at Birmingham,Women's Other,Hispanic,-,-,100-a,
University of Alabama at Birmingham,Women's Other,,,,,
University of Alabama at Birmingham,Women's Other,Nat. Haw./PI,-,-,-,
University of Alabama at Birmingham,Women's Other,,,,,
University of Alabama at Birmingham,Women's Other,N-R Alien,75-a,76-d,86-e,
University of Alabama at Birmingham,Women's Other,,,,,
University of Alabama at Birmingham,Women's Other,Two or More,-,-,-,
University of Alabama at Birmingham,Women's Other,,,,,
University of Alabama at Birmingham,Women's Other,Unknown,100-a,100-a,100-a,
University of Alabama at Birmingham,Women's Other,,,,,
University of Alabama at Birmingham,Women's Other,White,69-d,68-e,84-e,
University of Alabama at Birmingham,Women's Other,,,,,
University of Alabama at Birmingham,Women's Other,Total,70-e,70-e,86-e,
