School,Metric,All Students,Student-Athletes
1 - DI CA Test,FRESHMAN-COHORT GRADUATION RATES All Students,,Student-Athletes
1 - DI CA Test,2017-18 Graduation Rate -,,-
1 - DI CA Test,Four-Class Average -,,25%
1 - DI CA Test,Student-Athlete Graduation Success Rate,,33%
Abilene Christian University,FRESHMAN-COHORT GRADUATION RATES All Students,,Student-Athletes
Abilene Christian University,2017-18 Graduation Rate,60%,73%
Abilene Christian University,Four-Class Average,62%,66%
Abilene Christian University,Student-Athlete Graduation Success Rate,,90%
Alabama A&M University,FRESHMAN-COHORT GRADUATION RATES All Students,,Student-Athletes
Alabama A&M University,2017-18 Graduation Rate,29%,51%
Alabama A&M University,Four-Class Average,28%,50%
Alabama A&M University,Student-Athlete Graduation Success Rate,,77%
Alabama State University,FRESHMAN-COHORT GRADUATION RATES All Students,,Student-Athletes
Alabama State University,2017-18 Graduation Rate,30%,55%
Alabama State University,Four-Class Average,30%,56%
Alabama State University,Student-Athlete Graduation Success Rate,,79%
Alcorn State University,FRESHMAN-COHORT GRADUATION RATES All Students,,Student-Athletes
Alcorn State University,2017-18 Graduation Rate,46%,70%
Alcorn State University,Four-Class Average,45%,62%
Alcorn State University,Student-Athlete Graduation Success Rate,,81%
American University,FRESHMAN-COHORT GRADUATION RATES All Students,,Student-Athletes
American University,2017-18 Graduation Rate,79%,63%
American University,Four-Class Average,79%,71%
American University,Student-Athlete Graduation Success Rate,,94%
Appalachian State University,FRESHMAN-COHORT GRADUATION RATES All Students,,Student-Athletes
Appalachian State University,2017-18 Graduation Rate,73%,76%
Appalachian State University,Four-Class Average,73%,65%
Appalachian State University,Student-Athlete Graduation Success Rate,,89%
Arizona State University,FRESHMAN-COHORT GRADUATION RATES All Students,,Student-Athletes
Arizona State University,2017-18 Graduation Rate,69%,71%
Arizona State University,Four-Class Average,68%,66%
Arizona State University,Student-Athlete Graduation Success Rate,,93%
Arkansas State University,FRESHMAN-COHORT GRADUATION RATES All Students,,Student-Athletes
Arkansas State University,2017-18 Graduation Rate -,,66%
Arkansas State University,Four-Class Average,52%,61%
Arkansas State University,Student-Athlete Graduation Success Rate,,85%
Auburn University,FRESHMAN-COHORT GRADUATION RATES All Students,,Student-Athletes
Auburn University,2017-18 Graduation Rate,79%,65%
Auburn University,Four-Class Average,78%,66%
Auburn University,Student-Athlete Graduation Success Rate,,94%
Austin Peay State University,FRESHMAN-COHORT GRADUATION RATES All Students,,Student-Athletes
Austin Peay State University,2017-18 Graduation Rate,48%,80%
Austin Peay State University,Four-Class Average,45%,64%
Austin Peay State University,Student-Athlete Graduation Success Rate,,88%
Ball State University,FRESHMAN-COHORT GRADUATION RATES All Students,,Student-Athletes
Ball State University,2017-18 Graduation Rate,63%,74%
Ball State University,Four-Class Average,65%,74%
Ball State University,Student-Athlete Graduation Success Rate,,93%
Baylor University,FRESHMAN-COHORT GRADUATION RATES All Students,,Student-Athletes
Baylor University,2017-18 Graduation Rate,80%,69%
Baylor University,Four-Class Average,81%,73%
Baylor University,Student-Athlete Graduation Success Rate,,94%
Belmont University,FRESHMAN-COHORT GRADUATION RATES All Students,,Student-Athletes
Belmont University,2017-18 Graduation Rate,72%,84%
Belmont University,Four-Class Average,71%,77%
Belmont University,Student-Athlete Graduation Success Rate,,97%
Bethune-Cookman University,FRESHMAN-COHORT GRADUATION RATES All Students,,Student-Athletes
Bethune-Cookman University,2017-18 Graduation Rate,28%,33%
Bethune-Cookman University,Four-Class Average,32%,43%
Bethune-Cookman University,Student-Athlete Graduation Success Rate,,78%
Binghamton University,FRESHMAN-COHORT GRADUATION RATES All Students,,Student-Athletes
Binghamton University,2017-18 Graduation Rate,84%,86%
Binghamton University,Four-Class Average,83%,81%
Binghamton University,Student-Athlete Graduation Success Rate,,93%
Boise State University,FRESHMAN-COHORT GRADUATION RATES All Students,,Student-Athletes
Boise State University,2017-18 Graduation Rate,62%,62%
Boise State University,Four-Class Average,58%,65%
Boise State University,Student-Athlete Graduation Success Rate,,96%
Boston College,FRESHMAN-COHORT GRADUATION RATES All Students,,Student-Athletes
Boston College,2017-18 Graduation Rate,91%,78%
Boston College,Four-Class Average,91%,79%
Boston College,Student-Athlete Graduation Success Rate,,98%
Boston University,FRESHMAN-COHORT GRADUATION RATES All Students,,Student-Athletes
Boston University,2017-18 Graduation Rate,90%,85%
Boston University,Four-Class Average,89%,87%
Boston University,Student-Athlete Graduation Success Rate,,96%
Bowling Green State University,FRESHMAN-COHORT GRADUATION RATES All Students,,Student-Athletes
Bowling Green State University,2017-18 Graduation Rate,63%,75%
Bowling Green State University,Four-Class Average,62%,69%
Bowling Green State University,Student-Athlete Graduation Success Rate,,91%
Bradley University,FRESHMAN-COHORT GRADUATION RATES All Students,,Student-Athletes
Bradley University,2017-18 Graduation Rate,72%,74%
Bradley University,Four-Class Average,74%,70%
Bradley University,Student-Athlete Graduation Success Rate,,97%
Brigham Young University,FRESHMAN-COHORT GRADUATION RATES All Students,,Student-Athletes
Brigham Young University,2017-18 Graduation Rate,82%,68%
Brigham Young University,Four-Class Average,78%,71%
Brigham Young University,Student-Athlete Graduation Success Rate,,79%
Brown University,FRESHMAN-COHORT GRADUATION RATES All Students Student-Ath,,letes
Brown University,2017-18 Graduation Rate,96%,-
Brown University,Four-Class Average,96%,-
Brown University,Student-Athlete Graduation Success Rate,,98%
Bryant University,FRESHMAN-COHORT GRADUATION RATES All Students,,Student-Athletes
Bryant University,2017-18 Graduation Rate,81%,78%
Bryant University,Four-Class Average,82%,80%
Bryant University,Student-Athlete Graduation Success Rate,,96%
Bucknell University,FRESHMAN-COHORT GRADUATION RATES All Students,,Student-Athletes
Bucknell University,2017-18 Graduation Rate,83%,92%
Bucknell University,Four-Class Average,86%,90%
Bucknell University,Student-Athlete Graduation Success Rate,,98%
Butler University,FRESHMAN-COHORT GRADUATION RATES All Students,,Student-Athletes
Butler University,2017-18 Graduation Rate,80%,82%
Butler University,Four-Class Average,82%,77%
Butler University,Student-Athlete Graduation Success Rate,,94%
California Baptist University,FRESHMAN-COHORT GRADUATION RATES All Students,,Student-Athletes
California Baptist University,2017-18 Graduation Rate,59%,58%
California Baptist University,Four-Class Average,60%,60%
California Baptist University,Student-Athlete Graduation Success Rate,,87%
California Polytechnic State University,FRESHMAN-COHORT GRADUATION RATES All Students,,Student-Athletes
California Polytechnic State University,2017-18 Graduation Rate,86%,85%
California Polytechnic State University,Four-Class Average,86%,79%
California Polytechnic State University,Student-Athlete Graduation Success Rate,,90%
California State University Bakersfield,FRESHMAN-COHORT GRADUATION RATES All Students,,Student-Athletes
California State University Bakersfield,2017-18 Graduation Rate,49%,60%
California State University Bakersfield,Four-Class Average,48%,61%
California State University Bakersfield,Student-Athlete Graduation Success Rate,,90%
California State University Fresno,FRESHMAN-COHORT GRADUATION RATES All Students,,Student-Athletes
California State University Fresno,2017-18 Graduation Rate,25%,62%
California State University Fresno,Four-Class Average,49%,59%
California State University Fresno,Student-Athlete Graduation Success Rate,,83%
California State University Fullerton,FRESHMAN-COHORT GRADUATION RATES All Students,,Student-Athletes
California State University Fullerton,2017-18 Graduation Rate,69%,67%
California State University Fullerton,Four-Class Average,70%,57%
California State University Fullerton,Student-Athlete Graduation Success Rate,,80%
California State University Northridge,FRESHMAN-COHORT GRADUATION RATES All Students,,Student-Athletes
California State University Northridge,2017-18 Graduation Rate,56%,62%
California State University Northridge,Four-Class Average,55%,58%
California State University Northridge,Student-Athlete Graduation Success Rate,,79%
California State University Sacramento,"California State University,",,Sacramento
California State University Sacramento,FRESHMAN-COHORT GRADUATION RATES A,,ll Students Student-Athletes
California State University Sacramento,2017-18 Graduation Rate,,56% 67%
California State University Sacramento,Four-Class Average,,56% 67%
California State University Sacramento,Student-Athlete Graduation Success Rate,,84%
Campbell University,FRESHMAN-COHORT GRADUATION RATES All Students,,Student-Athletes
Campbell University,2017-18 Graduation Rate,56%,54%
Campbell University,Four-Class Average,56%,61%
Campbell University,Student-Athlete Graduation Success Rate,,93%
Canisius University,FRESHMAN-COHORT GRADUATION RATES All Students,,Student-Athletes
Canisius University,2017-18 Graduation Rate,71%,65%
Canisius University,Four-Class Average,69%,71%
Canisius University,Student-Athlete Graduation Success Rate,,97%
Central Connecticut State University,FRESHMAN-COHORT GRADUATION RATES All Students,,Student-Athletes
Central Connecticut State University,2017-18 Graduation Rate,49%,60%
Central Connecticut State University,Four-Class Average,52%,57%
Central Connecticut State University,Student-Athlete Graduation Success Rate,,79%
Central Michigan University,FRESHMAN-COHORT GRADUATION RATES All Students,,Student-Athletes
Central Michigan University,2017-18 Graduation Rate,62%,76%
Central Michigan University,Four-Class Average,62%,73%
Central Michigan University,Student-Athlete Graduation Success Rate,,90%
Charleston Southern University,FRESHMAN-COHORT GRADUATION RATES All Students,,Student-Athletes
Charleston Southern University,2017-18 Graduation Rate,48%,53%
Charleston Southern University,Four-Class Average,47%,59%
Charleston Southern University,Student-Athlete Graduation Success Rate,,85%
Chicago State University,FRESHMAN-COHORT GRADUATION RATES All Students,,Student-Athletes
Chicago State University,2017-18 Graduation Rate,17%,36%
Chicago State University,Four-Class Average,19%,31%
Chicago State University,Student-Athlete Graduation Success Rate,,71%
Clemson University,FRESHMAN-COHORT GRADUATION RATES All Students,,Student-Athletes
Clemson University,2017-18 Graduation Rate,88%,72%
Clemson University,Four-Class Average,86%,74%
Clemson University,Student-Athlete Graduation Success Rate,,96%
Cleveland State University,FRESHMAN-COHORT GRADUATION RATES All Students,,Student-Athletes
Cleveland State University,2017-18 Graduation Rate,49%,64%
Cleveland State University,Four-Class Average,49%,67%
Cleveland State University,Student-Athlete Graduation Success Rate,,91%
Coastal Carolina University,FRESHMAN-COHORT GRADUATION RATES All Students,,Student-Athletes
Coastal Carolina University,2017-18 Graduation Rate,51%,65%
Coastal Carolina University,Four-Class Average,49%,58%
Coastal Carolina University,Student-Athlete Graduation Success Rate,,89%
Colgate University,FRESHMAN-COHORT GRADUATION RATES All Students,,Student-Athletes
Colgate University,2017-18 Graduation Rate,91%,88%
Colgate University,Four-Class Average,91%,91%
Colgate University,Student-Athlete Graduation Success Rate,,97%
College of Charleston (South Carolina),FRESHMAN-COHORT GRADUATION RATES All Students,,Student-Athletes
College of Charleston (South Carolina),2017-18 Graduation Rate,65%,63%
College of Charleston (South Carolina),Four-Class Average,66%,69%
College of Charleston (South Carolina),Student-Athlete Graduation Success Rate,,91%
College of the Holy Cross,FRESHMAN-COHORT GRADUATION RATES All Students,,Student-Athletes
College of the Holy Cross,2017-18 Graduation Rate,90%,88%
College of the Holy Cross,Four-Class Average,91%,89%
College of the Holy Cross,Student-Athlete Graduation Success Rate,,98%
Colorado State University,FRESHMAN-COHORT GRADUATION RATES All Students,,Student-Athletes
Colorado State University,2017-18 Graduation Rate,67%,79%
Colorado State University,Four-Class Average,68%,70%
Colorado State University,Student-Athlete Graduation Success Rate,,87%
Columbia University-Barnard College,FRESHMAN-COHORT GRADUATION RATES All Students Student-Ath,,letes
Columbia University-Barnard College,2017-18 Graduation Rate,95%,-
Columbia University-Barnard College,Four-Class Average,96%,-
Columbia University-Barnard College,Student-Athlete Graduation Success Rate,,99%
Coppin State University,FRESHMAN-COHORT GRADUATION RATES All Students,,Student-Athletes
Coppin State University,2017-18 Graduation Rate,26%,26%
Coppin State University,Four-Class Average,26%,40%
Coppin State University,Student-Athlete Graduation Success Rate,,79%
Cornell University,FRESHMAN-COHORT GRADUATION RATES All Students Student-Ath,,letes
Cornell University,2017-18 Graduation Rate,95%,-
Cornell University,Four-Class Average,95%,-
Cornell University,Student-Athlete Graduation Success Rate,,98%
Creighton University,FRESHMAN-COHORT GRADUATION RATES All Students,,Student-Athletes
Creighton University,2017-18 Graduation Rate,81%,73%
Creighton University,Four-Class Average,80%,65%
Creighton University,Student-Athlete Graduation Success Rate,,97%
Dartmouth College,FRESHMAN-COHORT GRADUATION RATES All Students Student-Ath,,letes
Dartmouth College,2017-18 Graduation Rate,97%,-
Dartmouth College,Four-Class Average,95%,-
Dartmouth College,Student-Athlete Graduation Success Rate,,97%
Davidson College,FRESHMAN-COHORT GRADUATION RATES All Students,,Student-Athletes
Davidson College,2017-18 Graduation Rate,92%,95%
Davidson College,Four-Class Average,91%,93%
Davidson College,Student-Athlete Graduation Success Rate,,98%
DePaul University,FRESHMAN-COHORT GRADUATION RATES All Students,,Student-Athletes
DePaul University,2017-18 Graduation Rate,70%,78%
DePaul University,Four-Class Average,70%,73%
DePaul University,Student-Athlete Graduation Success Rate,,95%
Delaware State University,FRESHMAN-COHORT GRADUATION RATES All Students,,Student-Athletes
Delaware State University,2017-18 Graduation Rate,39%,52%
Delaware State University,Four-Class Average,45%,51%
Delaware State University,Student-Athlete Graduation Success Rate,,81%
Drake University,FRESHMAN-COHORT GRADUATION RATES All Students,,Student-Athletes
Drake University,2017-18 Graduation Rate,79%,80%
Drake University,Four-Class Average,78%,77%
Drake University,Student-Athlete Graduation Success Rate,,93%
Drexel University,FRESHMAN-COHORT GRADUATION RATES All Students,,Student-Athletes
Drexel University,2017-18 Graduation Rate,77%,80%
Drexel University,Four-Class Average,76%,78%
Drexel University,Student-Athlete Graduation Success Rate,,93%
Duke University,FRESHMAN-COHORT GRADUATION RATES All Students,,Student-Athletes
Duke University,2017-18 Graduation Rate,96%,82%
Duke University,Four-Class Average,96%,86%
Duke University,Student-Athlete Graduation Success Rate,,97%
Duquesne University,FRESHMAN-COHORT GRADUATION RATES All Students,,Student-Athletes
Duquesne University,2017-18 Graduation Rate,75%,69%
Duquesne University,Four-Class Average,76%,75%
Duquesne University,Student-Athlete Graduation Success Rate,,92%
East Carolina University,FRESHMAN-COHORT GRADUATION RATES All Students,,Student-Athletes
East Carolina University,2017-18 Graduation Rate,62%,63%
East Carolina University,Four-Class Average,65%,63%
East Carolina University,Student-Athlete Graduation Success Rate,,87%
East Tennessee State University,FRESHMAN-COHORT GRADUATION RATES All Students,,Student-Athletes
East Tennessee State University,2017-18 Graduation Rate,50%,61%
East Tennessee State University,Four-Class Average,51%,65%
East Tennessee State University,Student-Athlete Graduation Success Rate,,84%
Eastern Illinois University,FRESHMAN-COHORT GRADUATION RATES All Students,,Student-Athletes
Eastern Illinois University,2017-18 Graduation Rate,45%,62%
Eastern Illinois University,Four-Class Average,50%,61%
Eastern Illinois University,Student-Athlete Graduation Success Rate,,87%
Eastern Kentucky University,FRESHMAN-COHORT GRADUATION RATES All Students,,Student-Athletes
Eastern Kentucky University,2017-18 Graduation Rate,55%,64%
Eastern Kentucky University,Four-Class Average,53%,61%
Eastern Kentucky University,Student-Athlete Graduation Success Rate,,90%
Eastern Michigan University,FRESHMAN-COHORT GRADUATION RATES All Students,,Student-Athletes
Eastern Michigan University,2017-18 Graduation Rate,46%,70%
Eastern Michigan University,Four-Class Average,47%,65%
Eastern Michigan University,Student-Athlete Graduation Success Rate,,89%
Eastern Washington University,FRESHMAN-COHORT GRADUATION RATES All Students,,Student-Athletes
Eastern Washington University,2017-18 Graduation Rate -,,62%
Eastern Washington University,Four-Class Average,45%,62%
Eastern Washington University,Student-Athlete Graduation Success Rate,,86%
Elon University,FRESHMAN-COHORT GRADUATION RATES All Students,,Student-Athletes
Elon University,2017-18 Graduation Rate,83%,82%
Elon University,Four-Class Average,83%,81%
Elon University,Student-Athlete Graduation Success Rate,,96%
Fairfield University,FRESHMAN-COHORT GRADUATION RATES All Students,,Student-Athletes
Fairfield University,2017-18 Graduation Rate,84%,82%
Fairfield University,Four-Class Average,84%,77%
Fairfield University,Student-Athlete Graduation Success Rate,,94%
Florida A&M University,FRESHMAN-COHORT GRADUATION RATES All Students,,Student-Athletes
Florida A&M University,2017-18 Graduation Rate,52%,57%
Florida A&M University,Four-Class Average,55%,51%
Florida A&M University,Student-Athlete Graduation Success Rate,,69%
Florida Atlantic University,FRESHMAN-COHORT GRADUATION RATES All Students,,Student-Athletes
Florida Atlantic University,2017-18 Graduation Rate,64%,54%
Florida Atlantic University,Four-Class Average,59%,60%
Florida Atlantic University,Student-Athlete Graduation Success Rate,,90%
Florida Gulf Coast University,FRESHMAN-COHORT GRADUATION RATES All Students,,Student-Athletes
Florida Gulf Coast University,2017-18 Graduation Rate,56%,64%
Florida Gulf Coast University,Four-Class Average,56%,69%
Florida Gulf Coast University,Student-Athlete Graduation Success Rate,,94%
Florida International University,FRESHMAN-COHORT GRADUATION RATES All Students,,Student-Athletes
Florida International University,2017-18 Graduation Rate,75%,58%
Florida International University,Four-Class Average,70%,62%
Florida International University,Student-Athlete Graduation Success Rate,,89%
Florida State University,FRESHMAN-COHORT GRADUATION RATES All Students,,Student-Athletes
Florida State University,2017-18 Graduation Rate,83%,66%
Florida State University,Four-Class Average,84%,65%
Florida State University,Student-Athlete Graduation Success Rate,,89%
Fordham University,FRESHMAN-COHORT GRADUATION RATES All Students,,Student-Athletes
Fordham University,2017-18 Graduation Rate,80%,89%
Fordham University,Four-Class Average,82%,83%
Fordham University,Student-Athlete Graduation Success Rate,,97%
Furman University,FRESHMAN-COHORT GRADUATION RATES All Students,,Student-Athletes
Furman University,2017-18 Graduation Rate,81%,72%
Furman University,Four-Class Average,82%,77%
Furman University,Student-Athlete Graduation Success Rate,,96%
Gardner-Webb University,FRESHMAN-COHORT GRADUATION RATES All Students,,Student-Athletes
Gardner-Webb University,2017-18 Graduation Rate,57%,71%
Gardner-Webb University,Four-Class Average,52%,61%
Gardner-Webb University,Student-Athlete Graduation Success Rate,,90%
George Mason University,FRESHMAN-COHORT GRADUATION RATES All Students,,Student-Athletes
George Mason University,2017-18 Graduation Rate,69%,72%
George Mason University,Four-Class Average,70%,66%
George Mason University,Student-Athlete Graduation Success Rate,,92%
George Washington University,FRESHMAN-COHORT GRADUATION RATES All Students,,Student-Athletes
George Washington University,2017-18 Graduation Rate,85%,75%
George Washington University,Four-Class Average,85%,77%
George Washington University,Student-Athlete Graduation Success Rate,,94%
Georgetown University,FRESHMAN-COHORT GRADUATION RATES All Students,,Student-Athletes
Georgetown University,2017-18 Graduation Rate,94%,87%
Georgetown University,Four-Class Average,95%,87%
Georgetown University,Student-Athlete Graduation Success Rate,,98%
Georgia Institute of Technology,FRESHMAN-COHORT GRADUATION RATES All Students,,Student-Athletes
Georgia Institute of Technology,2017-18 Graduation Rate,92%,77%
Georgia Institute of Technology,Four-Class Average,92%,76%
Georgia Institute of Technology,Student-Athlete Graduation Success Rate,,94%
Georgia Southern University,FRESHMAN-COHORT GRADUATION RATES All Students,,Student-Athletes
Georgia Southern University,2017-18 Graduation Rate,53%,51%
Georgia Southern University,Four-Class Average,54%,58%
Georgia Southern University,Student-Athlete Graduation Success Rate,,86%
Georgia State University,FRESHMAN-COHORT GRADUATION RATES All Students,,Student-Athletes
Georgia State University,2017-18 Graduation Rate,54%,63%
Georgia State University,Four-Class Average,55%,65%
Georgia State University,Student-Athlete Graduation Success Rate,,86%
Gonzaga University,FRESHMAN-COHORT GRADUATION RATES All Students,,Student-Athletes
Gonzaga University,2017-18 Graduation Rate,87%,83%
Gonzaga University,Four-Class Average,87%,83%
Gonzaga University,Student-Athlete Graduation Success Rate,,96%
Grambling State University,FRESHMAN-COHORT GRADUATION RATES All Students,,Student-Athletes
Grambling State University,2017-18 Graduation Rate,32%,49%
Grambling State University,Four-Class Average,34%,62%
Grambling State University,Student-Athlete Graduation Success Rate,,80%
Grand Canyon University,FRESHMAN-COHORT GRADUATION RATES All Students,,Student-Athletes
Grand Canyon University,2017-18 Graduation Rate,43%,68%
Grand Canyon University,Four-Class Average,45%,66%
Grand Canyon University,Student-Athlete Graduation Success Rate,,92%
Hampton University,FRESHMAN-COHORT GRADUATION RATES All Students,,Student-Athletes
Hampton University,2017-18 Graduation Rate,55%,41%
Hampton University,Four-Class Average,56%,58%
Hampton University,Student-Athlete Graduation Success Rate,,79%
Harvard University,FRESHMAN-COHORT GRADUATION RATES All Students Student-Ath,,letes
Harvard University,2017-18 Graduation Rate,98%,-
Harvard University,Four-Class Average,98%,-
Harvard University,Student-Athlete Graduation Success Rate,,99%
High Point University,FRESHMAN-COHORT GRADUATION RATES All Students,,Student-Athletes
High Point University,2017-18 Graduation Rate,70%,64%
High Point University,Four-Class Average,69%,66%
High Point University,Student-Athlete Graduation Success Rate,,94%
Hofstra University,FRESHMAN-COHORT GRADUATION RATES All Students,,Student-Athletes
Hofstra University,2017-18 Graduation Rate,67%,68%
Hofstra University,Four-Class Average,67%,68%
Hofstra University,Student-Athlete Graduation Success Rate,,97%
Houston Christian University,FRESHMAN-COHORT GRADUATION RATES All Students,,Student-Athletes
Houston Christian University,2017-18 Graduation Rate,50%,62%
Houston Christian University,Four-Class Average,48%,70%
Houston Christian University,Student-Athlete Graduation Success Rate,,87%
Howard University,FRESHMAN-COHORT GRADUATION RATES All Students,,Student-Athletes
Howard University,2017-18 Graduation Rate,69%,65%
Howard University,Four-Class Average,66%,68%
Howard University,Student-Athlete Graduation Success Rate,,80%
Idaho State University,FRESHMAN-COHORT GRADUATION RATES All Students,,Student-Athletes
Idaho State University,2017-18 Graduation Rate,35%,51%
Idaho State University,Four-Class Average,35%,61%
Idaho State University,Student-Athlete Graduation Success Rate,,87%
Illinois State University,FRESHMAN-COHORT GRADUATION RATES All Students,,Student-Athletes
Illinois State University,2017-18 Graduation Rate,66%,73%
Illinois State University,Four-Class Average,67%,69%
Illinois State University,Student-Athlete Graduation Success Rate,,90%
Indiana State University,FRESHMAN-COHORT GRADUATION RATES All Students,,Student-Athletes
Indiana State University,2017-18 Graduation Rate,41%,67%
Indiana State University,Four-Class Average,42%,61%
Indiana State University,Student-Athlete Graduation Success Rate,,84%
Indiana University Bloomington,FRESHMAN-COHORT GRADUATION RATES All Students,,Student-Athletes
Indiana University Bloomington,2017-18 Graduation Rate,81%,71%
Indiana University Bloomington,Four-Class Average,81%,70%
Indiana University Bloomington,Student-Athlete Graduation Success Rate,,91%
Iona University,FRESHMAN-COHORT GRADUATION RATES All Students,,Student-Athletes
Iona University,2017-18 Graduation Rate,57%,70%
Iona University,Four-Class Average,59%,74%
Iona University,Student-Athlete Graduation Success Rate,,91%
Iowa State University,FRESHMAN-COHORT GRADUATION RATES All Students,,Student-Athletes
Iowa State University,2017-18 Graduation Rate,75%,74%
Iowa State University,Four-Class Average,75%,68%
Iowa State University,Student-Athlete Graduation Success Rate,,95%
Jackson State University,FRESHMAN-COHORT GRADUATION RATES All Students,,Student-Athletes
Jackson State University,2017-18 Graduation Rate,32%,57%
Jackson State University,Four-Class Average,38%,56%
Jackson State University,Student-Athlete Graduation Success Rate,,87%
Jacksonville State University,FRESHMAN-COHORT GRADUATION RATES All Students,,Student-Athletes
Jacksonville State University,2017-18 Graduation Rate,51%,71%
Jacksonville State University,Four-Class Average,50%,66%
Jacksonville State University,Student-Athlete Graduation Success Rate,,88%
Jacksonville University,FRESHMAN-COHORT GRADUATION RATES All Students,,Student-Athletes
Jacksonville University,2017-18 Graduation Rate,57%,65%
Jacksonville University,Four-Class Average,53%,61%
Jacksonville University,Student-Athlete Graduation Success Rate,,93%
James Madison University,FRESHMAN-COHORT GRADUATION RATES All Students,,Student-Athletes
James Madison University,2017-18 Graduation Rate,81%,69%
James Madison University,Four-Class Average,82%,71%
James Madison University,Student-Athlete Graduation Success Rate,,90%
Kansas State University,FRESHMAN-COHORT GRADUATION RATES All Students,,Student-Athletes
Kansas State University,2017-18 Graduation Rate,70%,64%
Kansas State University,Four-Class Average,69%,63%
Kansas State University,Student-Athlete Graduation Success Rate,,92%
Kennesaw State University,FRESHMAN-COHORT GRADUATION RATES All Students,,Student-Athletes
Kennesaw State University,2017-18 Graduation Rate,48%,60%
Kennesaw State University,Four-Class Average,48%,59%
Kennesaw State University,Student-Athlete Graduation Success Rate,,84%
Kent State University,FRESHMAN-COHORT GRADUATION RATES All Students,,Student-Athletes
Kent State University,2017-18 Graduation Rate,65%,70%
Kent State University,Four-Class Average,66%,73%
Kent State University,Student-Athlete Graduation Success Rate,,90%
La Salle University,FRESHMAN-COHORT GRADUATION RATES All Students,,Student-Athletes
La Salle University,2017-18 Graduation Rate,63%,70%
La Salle University,Four-Class Average,64%,75%
La Salle University,Student-Athlete Graduation Success Rate,,93%
Lafayette College,FRESHMAN-COHORT GRADUATION RATES All Students,,Student-Athletes
Lafayette College,2017-18 Graduation Rate,88%,86%
Lafayette College,Four-Class Average,89%,84%
Lafayette College,Student-Athlete Graduation Success Rate,,97%
Lamar University,FRESHMAN-COHORT GRADUATION RATES All Students,,Student-Athletes
Lamar University,2017-18 Graduation Rate,37%,54%
Lamar University,Four-Class Average,38%,55%
Lamar University,Student-Athlete Graduation Success Rate,,80%
Lehigh University,FRESHMAN-COHORT GRADUATION RATES All Students,,Student-Athletes
Lehigh University,2017-18 Graduation Rate,89%,92%
Lehigh University,Four-Class Average,89%,93%
Lehigh University,Student-Athlete Graduation Success Rate,,97%
Liberty University,FRESHMAN-COHORT GRADUATION RATES All Students,,Student-Athletes
Liberty University,2017-18 Graduation Rate,62%,71%
Liberty University,Four-Class Average,60%,69%
Liberty University,Student-Athlete Graduation Success Rate,,92%
Lipscomb University,FRESHMAN-COHORT GRADUATION RATES All Students,,Student-Athletes
Lipscomb University,2017-18 Graduation Rate,69%,68%
Lipscomb University,Four-Class Average,69%,73%
Lipscomb University,Student-Athlete Graduation Success Rate,,91%
Long Beach State University,FRESHMAN-COHORT GRADUATION RATES All Students,,Student-Athletes
Long Beach State University,2017-18 Graduation Rate,71%,55%
Long Beach State University,Four-Class Average,72%,58%
Long Beach State University,Student-Athlete Graduation Success Rate,,85%
Long Island University,FRESHMAN-COHORT GRADUATION RATES All Students,,Student-Athletes
Long Island University,2017-18 Graduation Rate,53%,65%
Long Island University,Four-Class Average,47%,67%
Long Island University,Student-Athlete Graduation Success Rate,,98%
Longwood University,FRESHMAN-COHORT GRADUATION RATES All Students,,Student-Athletes
Longwood University,2017-18 Graduation Rate,62%,56%
Longwood University,Four-Class Average,65%,64%
Longwood University,Student-Athlete Graduation Success Rate,,88%
Louisiana State University,FRESHMAN-COHORT GRADUATION RATES All Students,,Student-Athletes
Louisiana State University,2017-18 Graduation Rate,68%,61%
Louisiana State University,Four-Class Average,66%,62%
Louisiana State University,Student-Athlete Graduation Success Rate,,89%
Louisiana Tech University,FRESHMAN-COHORT GRADUATION RATES All Students,,Student-Athletes
Louisiana Tech University,2017-18 Graduation Rate,58%,51%
Louisiana Tech University,Four-Class Average,58%,58%
Louisiana Tech University,Student-Athlete Graduation Success Rate,,86%
Loyola Marymount University,FRESHMAN-COHORT GRADUATION RATES All Students,,Student-Athletes
Loyola Marymount University,2017-18 Graduation Rate,80%,78%
Loyola Marymount University,Four-Class Average,81%,74%
Loyola Marymount University,Student-Athlete Graduation Success Rate,,95%
Loyola University Chicago,FRESHMAN-COHORT GRADUATION RATES All Students,,Student-Athletes
Loyola University Chicago,2017-18 Graduation Rate,76%,81%
Loyola University Chicago,Four-Class Average,74%,71%
Loyola University Chicago,Student-Athlete Graduation Success Rate,,94%
Loyola University Maryland,FRESHMAN-COHORT GRADUATION RATES All Students,,Student-Athletes
Loyola University Maryland,2017-18 Graduation Rate,80%,87%
Loyola University Maryland,Four-Class Average,80%,79%
Loyola University Maryland,Student-Athlete Graduation Success Rate,,96%
Manhattan University,FRESHMAN-COHORT GRADUATION RATES All Students,,Student-Athletes
Manhattan University,2017-18 Graduation Rate,66%,70%
Manhattan University,Four-Class Average,72%,78%
Manhattan University,Student-Athlete Graduation Success Rate,,96%
Marist University,FRESHMAN-COHORT GRADUATION RATES All Students,,Student-Athletes
Marist University,2017-18 Graduation Rate,80%,73%
Marist University,Four-Class Average,82%,82%
Marist University,Student-Athlete Graduation Success Rate,,98%
Marquette University,FRESHMAN-COHORT GRADUATION RATES All Students,,Student-Athletes
Marquette University,2017-18 Graduation Rate,80%,81%
Marquette University,Four-Class Average,82%,80%
Marquette University,Student-Athlete Graduation Success Rate,,97%
Marshall University,FRESHMAN-COHORT GRADUATION RATES All Students,,Student-Athletes
Marshall University,2017-18 Graduation Rate,49%,55%
Marshall University,Four-Class Average,51%,63%
Marshall University,Student-Athlete Graduation Success Rate,,90%
McNeese State University,FRESHMAN-COHORT GRADUATION RATES All Students,,Student-Athletes
McNeese State University,2017-18 Graduation Rate,52%,64%
McNeese State University,Four-Class Average,46%,67%
McNeese State University,Student-Athlete Graduation Success Rate,,83%
Mercer University,FRESHMAN-COHORT GRADUATION RATES All Students,,Student-Athletes
Mercer University,2017-18 Graduation Rate,73%,72%
Mercer University,Four-Class Average,73%,70%
Mercer University,Student-Athlete Graduation Success Rate,,94%
Merrimack College,FRESHMAN-COHORT GRADUATION RATES All Students,,Student-Athletes
Merrimack College,2017-18 Graduation Rate,72%,75%
Merrimack College,Four-Class Average,72%,72%
Merrimack College,Student-Athlete Graduation Success Rate,,89%
Miami University (Ohio),FRESHMAN-COHORT GRADUATION RATES All Students,,Student-Athletes
Miami University (Ohio),2017-18 Graduation Rate,82%,79%
Miami University (Ohio),Four-Class Average,81%,78%
Miami University (Ohio),Student-Athlete Graduation Success Rate,,96%
Michigan State University,FRESHMAN-COHORT GRADUATION RATES All Students,,Student-Athletes
Michigan State University,2017-18 Graduation Rate,82%,83%
Michigan State University,Four-Class Average,82%,80%
Michigan State University,Student-Athlete Graduation Success Rate,,91%
Middle Tennessee State University,FRESHMAN-COHORT GRADUATION RATES All Students,,Student-Athletes
Middle Tennessee State University,2017-18 Graduation Rate,54%,65%
Middle Tennessee State University,Four-Class Average,53%,62%
Middle Tennessee State University,Student-Athlete Graduation Success Rate,,94%
Mississippi State University,FRESHMAN-COHORT GRADUATION RATES All Students,,Student-Athletes
Mississippi State University,2017-18 Graduation Rate,63%,48%
Mississippi State University,Four-Class Average,62%,59%
Mississippi State University,Student-Athlete Graduation Success Rate,,93%
Mississippi Valley State University,FRESHMAN-COHORT GRADUATION RATES All Students,,Student-Athletes
Mississippi Valley State University,2017-18 Graduation Rate,22%,53%
Mississippi Valley State University,Four-Class Average,26%,39%
Mississippi Valley State University,Student-Athlete Graduation Success Rate,,73%
Missouri State University,FRESHMAN-COHORT GRADUATION RATES All Students,,Student-Athletes
Missouri State University,2017-18 Graduation Rate,57%,72%
Missouri State University,Four-Class Average,58%,73%
Missouri State University,Student-Athlete Graduation Success Rate,,87%
Monmouth University,FRESHMAN-COHORT GRADUATION RATES All Students,,Student-Athletes
Monmouth University,2017-18 Graduation Rate,70%,65%
Monmouth University,Four-Class Average,71%,72%
Monmouth University,Student-Athlete Graduation Success Rate,,90%
Montana State University-Bozeman,FRESHMAN-COHORT GRADUATION RATES All Students,,Student-Athletes
Montana State University-Bozeman,2017-18 Graduation Rate,57%,64%
Montana State University-Bozeman,Four-Class Average,57%,68%
Montana State University-Bozeman,Student-Athlete Graduation Success Rate,,83%
Morehead State University,FRESHMAN-COHORT GRADUATION RATES All Students,,Student-Athletes
Morehead State University,2017-18 Graduation Rate,49%,56%
Morehead State University,Four-Class Average,46%,63%
Morehead State University,Student-Athlete Graduation Success Rate,,80%
Morgan State University,FRESHMAN-COHORT GRADUATION RATES All Students,,Student-Athletes
Morgan State University,2017-18 Graduation Rate,41%,51%
Morgan State University,Four-Class Average,44%,60%
Morgan State University,Student-Athlete Graduation Success Rate,,79%
Mount St. Mary's University,FRESHMAN-COHORT GRADUATION RATES All Students,,Student-Athletes
Mount St. Mary's University,2017-18 Graduation Rate,58%,71%
Mount St. Mary's University,Four-Class Average,62%,68%
Mount St. Mary's University,Student-Athlete Graduation Success Rate,,94%
Murray State University,FRESHMAN-COHORT GRADUATION RATES All Students,,Student-Athletes
Murray State University,2017-18 Graduation Rate,63%,48%
Murray State University,Four-Class Average,57%,58%
Murray State University,Student-Athlete Graduation Success Rate,,94%
New Jersey Institute of Technology,FRESHMAN-COHORT GRADUATION RATES All Students,,Student-Athletes
New Jersey Institute of Technology,2017-18 Graduation Rate,80%,67%
New Jersey Institute of Technology,Four-Class Average,75%,70%
New Jersey Institute of Technology,Student-Athlete Graduation Success Rate,,92%
New Mexico State University,FRESHMAN-COHORT GRADUATION RATES All Students,,Student-Athletes
New Mexico State University,2017-18 Graduation Rate,52%,56%
New Mexico State University,Four-Class Average,51%,59%
New Mexico State University,Student-Athlete Graduation Success Rate,,86%
Niagara University,FRESHMAN-COHORT GRADUATION RATES All Students,,Student-Athletes
Niagara University,2017-18 Graduation Rate,70%,82%
Niagara University,Four-Class Average,73%,76%
Niagara University,Student-Athlete Graduation Success Rate,,97%
Nicholls State University,FRESHMAN-COHORT GRADUATION RATES All Students,,Student-Athletes
Nicholls State University,2017-18 Graduation Rate,53%,55%
Nicholls State University,Four-Class Average,48%,60%
Nicholls State University,Student-Athlete Graduation Success Rate,,83%
Norfolk State University,FRESHMAN-COHORT GRADUATION RATES All Students,,Student-Athletes
Norfolk State University,2017-18 Graduation Rate,33%,53%
Norfolk State University,Four-Class Average,37%,57%
Norfolk State University,Student-Athlete Graduation Success Rate,,80%
North Carolina A&T State University,FRESHMAN-COHORT GRADUATION RATES All Students,,Student-Athletes
North Carolina A&T State University,2017-18 Graduation Rate,56%,71%
North Carolina A&T State University,Four-Class Average,55%,65%
North Carolina A&T State University,Student-Athlete Graduation Success Rate,,86%
North Carolina Central University,FRESHMAN-COHORT GRADUATION RATES All Students,,Student-Athletes
North Carolina Central University,2017-18 Graduation Rate,46%,43%
North Carolina Central University,Four-Class Average,40%,47%
North Carolina Central University,Student-Athlete Graduation Success Rate,,79%
North Carolina State University,FRESHMAN-COHORT GRADUATION RATES All Students,,Student-Athletes
North Carolina State University,2017-18 Graduation Rate,85%,68%
North Carolina State University,Four-Class Average,85%,65%
North Carolina State University,Student-Athlete Graduation Success Rate,,92%
North Dakota State University,FRESHMAN-COHORT GRADUATION RATES All Students,,Student-Athletes
North Dakota State University,2017-18 Graduation Rate,64%,77%
North Dakota State University,Four-Class Average,64%,76%
North Dakota State University,Student-Athlete Graduation Success Rate,,94%
Northeastern University,FRESHMAN-COHORT GRADUATION RATES All Students,,Student-Athletes
Northeastern University,2017-18 Graduation Rate,90%,77%
Northeastern University,Four-Class Average,90%,83%
Northeastern University,Student-Athlete Graduation Success Rate,,97%
Northern Arizona University,FRESHMAN-COHORT GRADUATION RATES All Students,,Student-Athletes
Northern Arizona University,2017-18 Graduation Rate,57%,67%
Northern Arizona University,Four-Class Average,58%,63%
Northern Arizona University,Student-Athlete Graduation Success Rate,,81%
Northern Illinois University,FRESHMAN-COHORT GRADUATION RATES All Students,,Student-Athletes
Northern Illinois University,2017-18 Graduation Rate,50%,58%
Northern Illinois University,Four-Class Average,50%,68%
Northern Illinois University,Student-Athlete Graduation Success Rate,,88%
Northern Kentucky University,FRESHMAN-COHORT GRADUATION RATES All Students,,Student-Athletes
Northern Kentucky University,2017-18 Graduation Rate,50%,78%
Northern Kentucky University,Four-Class Average,50%,72%
Northern Kentucky University,Student-Athlete Graduation Success Rate,,92%
Northwestern State University,FRESHMAN-COHORT GRADUATION RATES All Students,,Student-Athletes
Northwestern State University,2017-18 Graduation Rate,44%,56%
Northwestern State University,Four-Class Average,46%,60%
Northwestern State University,Student-Athlete Graduation Success Rate,,87%
Northwestern University,FRESHMAN-COHORT GRADUATION RATES All Students,,Student-Athletes
Northwestern University,2017-18 Graduation Rate,96%,90%
Northwestern University,Four-Class Average,96%,94%
Northwestern University,Student-Athlete Graduation Success Rate,,98%
Oakland University,FRESHMAN-COHORT GRADUATION RATES All Students,,Student-Athletes
Oakland University,2017-18 Graduation Rate,57%,71%
Oakland University,Four-Class Average,57%,71%
Oakland University,Student-Athlete Graduation Success Rate,,87%
Ohio University,FRESHMAN-COHORT GRADUATION RATES All Students,,Student-Athletes
Ohio University,2017-18 Graduation Rate,66%,76%
Ohio University,Four-Class Average,65%,76%
Ohio University,Student-Athlete Graduation Success Rate,,93%
Oklahoma State University,FRESHMAN-COHORT GRADUATION RATES All Students,,Student-Athletes
Oklahoma State University,2017-18 Graduation Rate,66%,62%
Oklahoma State University,Four-Class Average,65%,65%
Oklahoma State University,Student-Athlete Graduation Success Rate,,91%
Old Dominion University,FRESHMAN-COHORT GRADUATION RATES All Students,,Student-Athletes
Old Dominion University,2017-18 Graduation Rate,44%,58%
Old Dominion University,Four-Class Average,48%,68%
Old Dominion University,Student-Athlete Graduation Success Rate,,88%
Oral Roberts University,FRESHMAN-COHORT GRADUATION RATES All Students,,Student-Athletes
Oral Roberts University,2017-18 Graduation Rate,54%,56%
Oral Roberts University,Four-Class Average,58%,56%
Oral Roberts University,Student-Athlete Graduation Success Rate,,89%
Oregon State University,FRESHMAN-COHORT GRADUATION RATES All Students,,Student-Athletes
Oregon State University,2017-18 Graduation Rate,71%,69%
Oregon State University,Four-Class Average,70%,69%
Oregon State University,Student-Athlete Graduation Success Rate,,90%
Pennsylvania State University,FRESHMAN-COHORT GRADUATION RATES All Students,,Student-Athletes
Pennsylvania State University,2017-18 Graduation Rate,86%,79%
Pennsylvania State University,Four-Class Average,85%,79%
Pennsylvania State University,Student-Athlete Graduation Success Rate,,93%
Pepperdine University,FRESHMAN-COHORT GRADUATION RATES All Students,,Student-Athletes
Pepperdine University,2017-18 Graduation Rate,0%,80%
Pepperdine University,Four-Class Average,80%,78%
Pepperdine University,Student-Athlete Graduation Success Rate,,95%
Portland State University,FRESHMAN-COHORT GRADUATION RATES All Students,,Student-Athletes
Portland State University,2017-18 Graduation Rate,53%,71%
Portland State University,Four-Class Average,52%,55%
Portland State University,Student-Athlete Graduation Success Rate,,89%
Prairie View A&M University,FRESHMAN-COHORT GRADUATION RATES All Students,,Student-Athletes
Prairie View A&M University,2017-18 Graduation Rate,43%,63%
Prairie View A&M University,Four-Class Average,41%,61%
Prairie View A&M University,Student-Athlete Graduation Success Rate,,76%
Presbyterian College,FRESHMAN-COHORT GRADUATION RATES All Students,,Student-Athletes
Presbyterian College,2017-18 Graduation Rate,61%,70%
Presbyterian College,Four-Class Average,61%,59%
Presbyterian College,Student-Athlete Graduation Success Rate,,89%
Princeton University,FRESHMAN-COHORT GRADUATION RATES All Students Student-Ath,,letes
Princeton University,2017-18 Graduation Rate,97%,-
Princeton University,Four-Class Average,98%,-
Princeton University,Student-Athlete Graduation Success Rate,,98%
Providence College,FRESHMAN-COHORT GRADUATION RATES All Students,,Student-Athletes
Providence College,2017-18 Graduation Rate,88%,76%
Providence College,Four-Class Average,87%,75%
Providence College,Student-Athlete Graduation Success Rate,,95%
Purdue University,FRESHMAN-COHORT GRADUATION RATES All Students,,Student-Athletes
Purdue University,2017-18 Graduation Rate,84%,68%
Purdue University,Four-Class Average,83%,70%
Purdue University,Student-Athlete Graduation Success Rate,,90%
Purdue University Fort Wayne,FRESHMAN-COHORT GRADUATION RATES All Students,,Student-Athletes
Purdue University Fort Wayne,2017-18 Graduation Rate,33%,59%
Purdue University Fort Wayne,Four-Class Average,36%,63%
Purdue University Fort Wayne,Student-Athlete Graduation Success Rate,,89%
Quinnipiac University,FRESHMAN-COHORT GRADUATION RATES All Students,,Student-Athletes
Quinnipiac University,2017-18 Graduation Rate,77%,67%
Quinnipiac University,Four-Class Average,78%,75%
Quinnipiac University,Student-Athlete Graduation Success Rate,,93%
Radford University,FRESHMAN-COHORT GRADUATION RATES All Students,,Student-Athletes
Radford University,2017-18 Graduation Rate,50%,60%
Radford University,Four-Class Average,53%,58%
Radford University,Student-Athlete Graduation Success Rate,,91%
Rice University,FRESHMAN-COHORT GRADUATION RATES All Students,,Student-Athletes
Rice University,2017-18 Graduation Rate,96%,73%
Rice University,Four-Class Average,94%,77%
Rice University,Student-Athlete Graduation Success Rate,,94%
Rider University,FRESHMAN-COHORT GRADUATION RATES All Students,,Student-Athletes
Rider University,2017-18 Graduation Rate,63%,66%
Rider University,Four-Class Average,64%,66%
Rider University,Student-Athlete Graduation Success Rate,,95%
Robert Morris University,FRESHMAN-COHORT GRADUATION RATES All Students,,Student-Athletes
Robert Morris University,2017-18 Graduation Rate,66%,62%
Robert Morris University,Four-Class Average,65%,62%
Robert Morris University,Student-Athlete Graduation Success Rate,,92%
Sacred Heart University,FRESHMAN-COHORT GRADUATION RATES All Students,,Student-Athletes
Sacred Heart University,2017-18 Graduation Rate,74%,73%
Sacred Heart University,Four-Class Average,73%,73%
Sacred Heart University,Student-Athlete Graduation Success Rate,,92%
Saint Francis University,FRESHMAN-COHORT GRADUATION RATES All Students,,Student-Athletes
Saint Francis University,2017-18 Graduation Rate,72%,62%
Saint Francis University,Four-Class Average,70%,68%
Saint Francis University,Student-Athlete Graduation Success Rate,,92%
Saint Joseph's University,FRESHMAN-COHORT GRADUATION RATES All Students,,Student-Athletes
Saint Joseph's University,2017-18 Graduation Rate,81%,78%
Saint Joseph's University,Four-Class Average,82%,81%
Saint Joseph's University,Student-Athlete Graduation Success Rate,,94%
Saint Louis University,FRESHMAN-COHORT GRADUATION RATES All Students,,Student-Athletes
Saint Louis University,2017-18 Graduation Rate,80%,65%
Saint Louis University,Four-Class Average,80%,76%
Saint Louis University,Student-Athlete Graduation Success Rate,,96%
Saint Mary's College of California,FRESHMAN-COHORT GRADUATION RATES All Students,,Student-Athletes
Saint Mary's College of California,2017-18 Graduation Rate,69%,56%
Saint Mary's College of California,Four-Class Average,73%,69%
Saint Mary's College of California,Student-Athlete Graduation Success Rate,,94%
Saint Peter's University,FRESHMAN-COHORT GRADUATION RATES All Students,,Student-Athletes
Saint Peter's University,2017-18 Graduation Rate,63%,57%
Saint Peter's University,Four-Class Average,59%,62%
Saint Peter's University,Student-Athlete Graduation Success Rate,,94%
Sam Houston State University,FRESHMAN-COHORT GRADUATION RATES All Students,,Student-Athletes
Sam Houston State University,2017-18 Graduation Rate,56%,56%
Sam Houston State University,Four-Class Average,57%,64%
Sam Houston State University,Student-Athlete Graduation Success Rate,,83%
Samford University,FRESHMAN-COHORT GRADUATION RATES All Students,,Student-Athletes
Samford University,2017-18 Graduation Rate,80%,68%
Samford University,Four-Class Average,78%,72%
Samford University,Student-Athlete Graduation Success Rate,,98%
San Diego State University,FRESHMAN-COHORT GRADUATION RATES All Students,,Student-Athletes
San Diego State University,2017-18 Graduation Rate,78%,76%
San Diego State University,Four-Class Average,78%,71%
San Diego State University,Student-Athlete Graduation Success Rate,,86%
San Jose State University,FRESHMAN-COHORT GRADUATION RATES All Students,,Student-Athletes
San Jose State University,2017-18 Graduation Rate,65%,48%
San Jose State University,Four-Class Average,67%,56%
San Jose State University,Student-Athlete Graduation Success Rate,,82%
Santa Clara University,FRESHMAN-COHORT GRADUATION RATES All Students,,Student-Athletes
Santa Clara University,2017-18 Graduation Rate,89%,71%
Santa Clara University,Four-Class Average,90%,77%
Santa Clara University,Student-Athlete Graduation Success Rate,,99%
Seattle University,FRESHMAN-COHORT GRADUATION RATES All Students,,Student-Athletes
Seattle University,2017-18 Graduation Rate,73%,71%
Seattle University,Four-Class Average,74%,66%
Seattle University,Student-Athlete Graduation Success Rate,,95%
Seton Hall University,FRESHMAN-COHORT GRADUATION RATES All Students,,Student-Athletes
Seton Hall University,2017-18 Graduation Rate,71%,80%
Seton Hall University,Four-Class Average,72%,80%
Seton Hall University,Student-Athlete Graduation Success Rate,,98%
Siena College,FRESHMAN-COHORT GRADUATION RATES All Students,,Student-Athletes
Siena College,2017-18 Graduation Rate,76%,71%
Siena College,Four-Class Average,78%,72%
Siena College,Student-Athlete Graduation Success Rate,,95%
South Carolina State University,FRESHMAN-COHORT GRADUATION RATES All Students,,Student-Athletes
South Carolina State University,2017-18 Graduation Rate,29%,46%
South Carolina State University,Four-Class Average,31%,51%
South Carolina State University,Student-Athlete Graduation Success Rate,,81%
South Dakota State University,FRESHMAN-COHORT GRADUATION RATES All Students,,Student-Athletes
South Dakota State University,2017-18 Graduation Rate,59%,64%
South Dakota State University,Four-Class Average,59%,65%
South Dakota State University,Student-Athlete Graduation Success Rate,,86%
Southeast Missouri State University,FRESHMAN-COHORT GRADUATION RATES All Students,,Student-Athletes
Southeast Missouri State University,2017-18 Graduation Rate,56%,58%
Southeast Missouri State University,Four-Class Average,54%,59%
Southeast Missouri State University,Student-Athlete Graduation Success Rate,,88%
Southeastern Louisiana University,FRESHMAN-COHORT GRADUATION RATES All Students,,Student-Athletes
Southeastern Louisiana University,2017-18 Graduation Rate,45%,66%
Southeastern Louisiana University,Four-Class Average,41%,58%
Southeastern Louisiana University,Student-Athlete Graduation Success Rate,,86%
Southern Illinois University Edwardsville,FRESHMAN-COHORT GRADUATION RATES All Students,,Student-Athletes
Southern Illinois University Edwardsville,2017-18 Graduation Rate,53%,82%
Southern Illinois University Edwardsville,Four-Class Average,51%,69%
Southern Illinois University Edwardsville,Student-Athlete Graduation Success Rate,,96%
Southern Illinois University at Carbondale,FRESHMAN-COHORT GRADUATION RATES All Students,,Student-Athletes
Southern Illinois University at Carbondale,2017-18 Graduation Rate,54%,61%
Southern Illinois University at Carbondale,Four-Class Average,48%,69%
Southern Illinois University at Carbondale,Student-Athlete Graduation Success Rate,,89%
Southern Methodist University,FRESHMAN-COHORT GRADUATION RATES All Students,,Student-Athletes
Southern Methodist University,2017-18 Graduation Rate,83%,86%
Southern Methodist University,Four-Class Average,82%,77%
Southern Methodist University,Student-Athlete Graduation Success Rate,,92%
Southern University Baton Rouge,FRESHMAN-COHORT GRADUATION RATES All Students,,Student-Athletes
Southern University Baton Rouge,2017-18 Graduation Rate,28%,62%
Southern University Baton Rouge,Four-Class Average,30%,57%
Southern University Baton Rouge,Student-Athlete Graduation Success Rate,,74%
Southern Utah University,FRESHMAN-COHORT GRADUATION RATES All Students,,Student-Athletes
Southern Utah University,2017-18 Graduation Rate,50%,55%
Southern Utah University,Four-Class Average,45%,57%
Southern Utah University,Student-Athlete Graduation Success Rate,,82%
St. Bonaventure University,FRESHMAN-COHORT GRADUATION RATES All Students,,Student-Athletes
St. Bonaventure University,2017-18 Graduation Rate,71%,63%
St. Bonaventure University,Four-Class Average,73%,68%
St. Bonaventure University,Student-Athlete Graduation Success Rate,,98%
St. John's University (New York),FRESHMAN-COHORT GRADUATION RATES All Students,,Student-Athletes
St. John's University (New York),2017-18 Graduation Rate,68%,63%
St. John's University (New York),Four-Class Average,68%,62%
St. John's University (New York),Student-Athlete Graduation Success Rate,,91%
Stanford University,FRESHMAN-COHORT GRADUATION RATES All Students,,Student-Athletes
Stanford University,2017-18 Graduation Rate,93%,94%
Stanford University,Four-Class Average,95%,94%
Stanford University,Student-Athlete Graduation Success Rate,,98%
Stephen F. Austin State University,FRESHMAN-COHORT GRADUATION RATES All Students,,Student-Athletes
Stephen F. Austin State University,2017-18 Graduation Rate,52%,52%
Stephen F. Austin State University,Four-Class Average,53%,55%
Stephen F. Austin State University,Student-Athlete Graduation Success Rate,,76%
Stetson University,FRESHMAN-COHORT GRADUATION RATES All Students,,Student-Athletes
Stetson University,2017-18 Graduation Rate,63%,65%
Stetson University,Four-Class Average,63%,63%
Stetson University,Student-Athlete Graduation Success Rate,,90%
Stony Brook University,FRESHMAN-COHORT GRADUATION RATES All Students,,Student-Athletes
Stony Brook University,2017-18 Graduation Rate,78%,67%
Stony Brook University,Four-Class Average,77%,69%
Stony Brook University,Student-Athlete Graduation Success Rate,,94%
Syracuse University,FRESHMAN-COHORT GRADUATION RATES All Students,,Student-Athletes
Syracuse University,2017-18 Graduation Rate,81%,73%
Syracuse University,Four-Class Average,83%,69%
Syracuse University,Student-Athlete Graduation Success Rate,,93%
Temple University,FRESHMAN-COHORT GRADUATION RATES All Students,,Student-Athletes
Temple University,2017-18 Graduation Rate,75%,73%
Temple University,Four-Class Average,76%,77%
Temple University,Student-Athlete Graduation Success Rate,,93%
Tennessee State University,FRESHMAN-COHORT GRADUATION RATES All Students,,Student-Athletes
Tennessee State University,2017-18 Graduation Rate,33%,40%
Tennessee State University,Four-Class Average,32%,57%
Tennessee State University,Student-Athlete Graduation Success Rate,,82%
Tennessee Technological University,FRESHMAN-COHORT GRADUATION RATES All Students,,Student-Athletes
Tennessee Technological University,2017-18 Graduation Rate,54%,62%
Tennessee Technological University,Four-Class Average,58%,59%
Tennessee Technological University,Student-Athlete Graduation Success Rate,,88%
Texas A&M University-Corpus Christi,FRESHMAN-COHORT GRADUATION RATES All Students,,Student-Athletes
Texas A&M University-Corpus Christi,2017-18 Graduation Rate,34%,58%
Texas A&M University-Corpus Christi,Four-Class Average,35%,54%
Texas A&M University-Corpus Christi,Student-Athlete Graduation Success Rate,,91%
Texas A&M University College Station,FRESHMAN-COHORT GRADUATION RATES All Students,,Student-Athletes
Texas A&M University College Station,2017-18 Graduation Rate,86%,69%
Texas A&M University College Station,Four-Class Average,84%,69%
Texas A&M University College Station,Student-Athlete Graduation Success Rate,,87%
Texas Christian University,FRESHMAN-COHORT GRADUATION RATES All Students,,Student-Athletes
Texas Christian University,2017-18 Graduation Rate,86%,65%
Texas Christian University,Four-Class Average,84%,68%
Texas Christian University,Student-Athlete Graduation Success Rate,,86%
Texas Southern University,FRESHMAN-COHORT GRADUATION RATES All Students,,Student-Athletes
Texas Southern University,2017-18 Graduation Rate,20%,38%
Texas Southern University,Four-Class Average,22%,52%
Texas Southern University,Student-Athlete Graduation Success Rate,,82%
Texas State University,FRESHMAN-COHORT GRADUATION RATES All Students,,Student-Athletes
Texas State University,2017-18 Graduation Rate,56%,62%
Texas State University,Four-Class Average,56%,63%
Texas State University,Student-Athlete Graduation Success Rate,,84%
Texas Tech University,FRESHMAN-COHORT GRADUATION RATES All Students,,Student-Athletes
Texas Tech University,2017-18 Graduation Rate,67%,54%
Texas Tech University,Four-Class Average,64%,57%
Texas Tech University,Student-Athlete Graduation Success Rate,,84%
The Citadel,FRESHMAN-COHORT GRADUATION RATES All Students,,Student-Athletes
The Citadel,2017-18 Graduation Rate,73%,70%
The Citadel,Four-Class Average,72%,68%
The Citadel,Student-Athlete Graduation Success Rate,,86%
The Ohio State University,FRESHMAN-COHORT GRADUATION RATES All Students,,Student-Athletes
The Ohio State University,2017-18 Graduation Rate,88%,76%
The Ohio State University,Four-Class Average,88%,77%
The Ohio State University,Student-Athlete Graduation Success Rate,,93%
The University of Southern Mississippi,FRESHMAN-COHORT GRADUATION RATES All Students,,Student-Athletes
The University of Southern Mississippi,2017-18 Graduation Rate,51%,59%
The University of Southern Mississippi,Four-Class Average,51%,58%
The University of Southern Mississippi,Student-Athlete Graduation Success Rate,,84%
The University of Texas Rio Grande Valley,FRESHMAN-COHORT GRADUATION RATES All Students,,Student-Athletes
The University of Texas Rio Grande Valley,2017-18 Graduation Rate,49%,59%
The University of Texas Rio Grande Valley,Four-Class Average,50%,54%
The University of Texas Rio Grande Valley,Student-Athlete Graduation Success Rate,,85%
The University of Tulsa,FRESHMAN-COHORT GRADUATION RATES All Students,,Student-Athletes
The University of Tulsa,2017-18 Graduation Rate,73%,62%
The University of Tulsa,Four-Class Average,73%,64%
The University of Tulsa,Student-Athlete Graduation Success Rate,,88%
Towson University,FRESHMAN-COHORT GRADUATION RATES All Students,,Student-Athletes
Towson University,2017-18 Graduation Rate,68%,61%
Towson University,Four-Class Average,71%,69%
Towson University,Student-Athlete Graduation Success Rate,,90%
Troy University,FRESHMAN-COHORT GRADUATION RATES All Students,,Student-Athletes
Troy University,2017-18 Graduation Rate,47%,54%
Troy University,Four-Class Average,49%,60%
Troy University,Student-Athlete Graduation Success Rate,,86%
Tulane University,FRESHMAN-COHORT GRADUATION RATES All Students,,Student-Athletes
Tulane University,2017-18 Graduation Rate,88%,75%
Tulane University,Four-Class Average,87%,66%
Tulane University,Student-Athlete Graduation Success Rate,,95%
U.S. Air Force Academy,FRESHMAN-COHORT GRADUATION RATES All Students Student-Ath,,letes
U.S. Air Force Academy,2017-18 Graduation Rate,88%,-
U.S. Air Force Academy,Four-Class Average,87%,-
U.S. Air Force Academy,Student-Athlete Graduation Success Rate,,93%
U.S. Military Academy,FRESHMAN-COHORT GRADUATION RATES All Students Student-Ath,,letes
U.S. Military Academy,2017-18 Graduation Rate,86%,-
U.S. Military Academy,Four-Class Average,85%,-
U.S. Military Academy,Student-Athlete Graduation Success Rate,,92%
U.S. Naval Academy,FRESHMAN-COHORT GRADUATION RATES All Students Student-Ath,,letes
U.S. Naval Academy,2017-18 Graduation Rate,92%,-
U.S. Naval Academy,Four-Class Average,90%,-
U.S. Naval Academy,Student-Athlete Graduation Success Rate,,94%
University at Albany,FRESHMAN-COHORT GRADUATION RATES All Students,,Student-Athletes
University at Albany,2017-18 Graduation Rate,64%,57%
University at Albany,Four-Class Average,65%,64%
University at Albany,Student-Athlete Graduation Success Rate,,86%
University of Akron,FRESHMAN-COHORT GRADUATION RATES All Students,,Student-Athletes
University of Akron,2017-18 Graduation Rate,49%,54%
University of Akron,Four-Class Average,44%,64%
University of Akron,Student-Athlete Graduation Success Rate,,84%
University of Alabama,FRESHMAN-COHORT GRADUATION RATES All Students,,Student-Athletes
University of Alabama,2017-18 Graduation Rate,74%,74%
University of Alabama,Four-Class Average,73%,73%
University of Alabama,Student-Athlete Graduation Success Rate,,96%
University of Alabama at Birmingham,FRESHMAN-COHORT GRADUATION RATES All Students,,Student-Athletes
University of Alabama at Birmingham,2017-18 Graduation Rate,62%,58%
University of Alabama at Birmingham,Four-Class Average,62%,68%
University of Alabama at Birmingham,Student-Athlete Graduation Success Rate,,93%
University of Arizona,FRESHMAN-COHORT GRADUATION RATES All Students,,Student-Athletes
University of Arizona,2017-18 Graduation Rate,66%,54%
University of Arizona,Four-Class Average,66%,60%
University of Arizona,Student-Athlete Graduation Success Rate,,90%
University of Arkansas Fayetteville,FRESHMAN-COHORT GRADUATION RATES All Students,,Student-Athletes
University of Arkansas Fayetteville,2017-18 Graduation Rate,70%,62%
University of Arkansas Fayetteville,Four-Class Average,69%,61%
University of Arkansas Fayetteville,Student-Athlete Graduation Success Rate,,89%
University of Arkansas Pine Bluff,FRESHMAN-COHORT GRADUATION RATES All Students,,Student-Athletes
University of Arkansas Pine Bluff,2017-18 Graduation Rate,55%,44%
University of Arkansas Pine Bluff,Four-Class Average,41%,53%
University of Arkansas Pine Bluff,Student-Athlete Graduation Success Rate,,83%
University of Arkansas at Little Rock,University of Arkansas at,,Little Ro
University of Arkansas at Little Rock,FRESHMAN-COHORT GRADUATION RATES,,All Students
University of Arkansas at Little Rock,2017-18 Graduation Rate,,40%
University of Arkansas at Little Rock,Four-Class Average,,51%
University of Arkansas at Little Rock,Student-Athlete Graduation Success Rate,,
University of California Berkeley,FRESHMAN-COHORT GRADUATION RATES All Students,,Student-Athletes
University of California Berkeley,2017-18 Graduation Rate,93%,86%
University of California Berkeley,Four-Class Average,93%,84%
University of California Berkeley,Student-Athlete Graduation Success Rate,,93%
University of California Davis,FRESHMAN-COHORT GRADUATION RATES All Students,,Student-Athletes
University of California Davis,2017-18 Graduation Rate,85%,82%
University of California Davis,Four-Class Average,86%,83%
University of California Davis,Student-Athlete Graduation Success Rate,,90%
University of California Irvine,FRESHMAN-COHORT GRADUATION RATES All Students,,Student-Athletes
University of California Irvine,2017-18 Graduation Rate,86%,67%
University of California Irvine,Four-Class Average,85%,74%
University of California Irvine,Student-Athlete Graduation Success Rate,,88%
University of California Los Angeles,FRESHMAN-COHORT GRADUATION RATES All Students,,Student-Athletes
University of California Los Angeles,2017-18 Graduation Rate,93%,79%
University of California Los Angeles,Four-Class Average,92%,76%
University of California Los Angeles,Student-Athlete Graduation Success Rate,,91%
University of California Riverside,FRESHMAN-COHORT GRADUATION RATES All Students,,Student-Athletes
University of California Riverside,2017-18 Graduation Rate,77%,50%
University of California Riverside,Four-Class Average,77%,61%
University of California Riverside,Student-Athlete Graduation Success Rate,,85%
University of California Santa Barbara,FRESHMAN-COHORT GRADUATION RATES All Students,,Student-Athletes
University of California Santa Barbara,2017-18 Graduation Rate,85%,81%
University of California Santa Barbara,Four-Class Average,85%,72%
University of California Santa Barbara,Student-Athlete Graduation Success Rate,,90%
University of Central Arkansas,FRESHMAN-COHORT GRADUATION RATES All Students,,Student-Athletes
University of Central Arkansas,2017-18 Graduation Rate,53%,55%
University of Central Arkansas,Four-Class Average,49%,65%
University of Central Arkansas,Student-Athlete Graduation Success Rate,,90%
University of Central Florida,FRESHMAN-COHORT GRADUATION RATES All Students,,Student-Athletes
University of Central Florida,2017-18 Graduation Rate,75%,58%
University of Central Florida,Four-Class Average,75%,62%
University of Central Florida,Student-Athlete Graduation Success Rate,,94%
University of Cincinnati,FRESHMAN-COHORT GRADUATION RATES All Students,,Student-Athletes
University of Cincinnati,2017-18 Graduation Rate,72%,71%
University of Cincinnati,Four-Class Average,72%,75%
University of Cincinnati,Student-Athlete Graduation Success Rate,,96%
University of Colorado Boulder,FRESHMAN-COHORT GRADUATION RATES All Students,,Student-Athletes
University of Colorado Boulder,2017-18 Graduation Rate,75%,67%
University of Colorado Boulder,Four-Class Average,74%,69%
University of Colorado Boulder,Student-Athlete Graduation Success Rate,,88%
University of Connecticut,FRESHMAN-COHORT GRADUATION RATES All Students,,Student-Athletes
University of Connecticut,2017-18 Graduation Rate,84%,68%
University of Connecticut,Four-Class Average,83%,71%
University of Connecticut,Student-Athlete Graduation Success Rate,,92%
University of Dayton,FRESHMAN-COHORT GRADUATION RATES All Students,,Student-Athletes
University of Dayton,2017-18 Graduation Rate,82%,56%
University of Dayton,Four-Class Average,81%,74%
University of Dayton,Student-Athlete Graduation Success Rate,,95%
University of Delaware,FRESHMAN-COHORT GRADUATION RATES All Students,,Student-Athletes
University of Delaware,2017-18 Graduation Rate,81%,72%
University of Delaware,Four-Class Average,83%,78%
University of Delaware,Student-Athlete Graduation Success Rate,,92%
University of Denver,FRESHMAN-COHORT GRADUATION RATES All Students,,Student-Athletes
University of Denver,2017-18 Graduation Rate,78%,78%
University of Denver,Four-Class Average,77%,76%
University of Denver,Student-Athlete Graduation Success Rate,,96%
University of Detroit Mercy,FRESHMAN-COHORT GRADUATION RATES All Students,,Student-Athletes
University of Detroit Mercy,2017-18 Graduation Rate,68%,61%
University of Detroit Mercy,Four-Class Average,70%,69%
University of Detroit Mercy,Student-Athlete Graduation Success Rate,,91%
University of Evansville,FRESHMAN-COHORT GRADUATION RATES All Students,,Student-Athletes
University of Evansville,2017-18 Graduation Rate,71%,83%
University of Evansville,Four-Class Average,68%,74%
University of Evansville,Student-Athlete Graduation Success Rate,,97%
University of Florida,FRESHMAN-COHORT GRADUATION RATES All Students,,Student-Athletes
University of Florida,2017-18 Graduation Rate,91%,59%
University of Florida,Four-Class Average,90%,65%
University of Florida,Student-Athlete Graduation Success Rate,,93%
University of Georgia,FRESHMAN-COHORT GRADUATION RATES All Students,,Student-Athletes
University of Georgia,2017-18 Graduation Rate,87%,69%
University of Georgia,Four-Class Average,88%,69%
University of Georgia,Student-Athlete Graduation Success Rate,,85%
University of Hartford,FRESHMAN-COHORT GRADUATION RATES All Students,,Student-Athletes
University of Hartford,2017-18 Graduation Rate,61%,66%
University of Hartford,Four-Class Average,60%,65%
University of Hawaii Manoa,FRESHMAN-COHORT GRADUATION RATES All Students,,Student-Athletes
University of Hawaii Manoa,2017-18 Graduation Rate,63%,61%
University of Hawaii Manoa,Four-Class Average,61%,61%
University of Hawaii Manoa,Student-Athlete Graduation Success Rate,,86%
University of Houston,FRESHMAN-COHORT GRADUATION RATES All Students,,Student-Athletes
University of Houston,2017-18 Graduation Rate,65%,61%
University of Houston,Four-Class Average,63%,64%
University of Houston,Student-Athlete Graduation Success Rate,,82%
University of Idaho,FRESHMAN-COHORT GRADUATION RATES All Students,,Student-Athletes
University of Idaho,2017-18 Graduation Rate,61%,65%
University of Idaho,Four-Class Average,60%,68%
University of Idaho,Student-Athlete Graduation Success Rate,,94%
University of Illinois Chicago,FRESHMAN-COHORT GRADUATION RATES All Students,,Student-Athletes
University of Illinois Chicago,2017-18 Graduation Rate,60%,71%
University of Illinois Chicago,Four-Class Average,62%,75%
University of Illinois Chicago,Student-Athlete Graduation Success Rate,,92%
University of Illinois Urbana-Champaign,FRESHMAN-COHORT GRADUATION RATES All Students,,Student-Athletes
University of Illinois Urbana-Champaign,2017-18 Graduation Rate,85%,72%
University of Illinois Urbana-Champaign,Four-Class Average,85%,79%
University of Illinois Urbana-Champaign,Student-Athlete Graduation Success Rate,,93%
University of Iowa,FRESHMAN-COHORT GRADUATION RATES All Students,,Student-Athletes
University of Iowa,2017-18 Graduation Rate,73%,71%
University of Iowa,Four-Class Average,73%,72%
University of Iowa,Student-Athlete Graduation Success Rate,,88%
University of Kansas,FRESHMAN-COHORT GRADUATION RATES All Students,,Student-Athletes
University of Kansas,2017-18 Graduation Rate,69%,71%
University of Kansas,Four-Class Average,66%,68%
University of Kansas,Student-Athlete Graduation Success Rate,,90%
University of Kentucky,FRESHMAN-COHORT GRADUATION RATES All Students,,Student-Athletes
University of Kentucky,2017-18 Graduation Rate,70%,58%
University of Kentucky,Four-Class Average,68%,59%
University of Kentucky,Student-Athlete Graduation Success Rate,,92%
University of Louisiana Monroe,FRESHMAN-COHORT GRADUATION RATES All Students,,Student-Athletes
University of Louisiana Monroe,2017-18 Graduation Rate,51%,56%
University of Louisiana Monroe,Four-Class Average,53%,61%
University of Louisiana Monroe,Student-Athlete Graduation Success Rate,,89%
University of Louisiana at Lafayette,FRESHMAN-COHORT GRADUATION RATES All Students,,Student-Athletes
University of Louisiana at Lafayette,2017-18 Graduation Rate,52%,53%
University of Louisiana at Lafayette,Four-Class Average,51%,55%
University of Louisiana at Lafayette,Student-Athlete Graduation Success Rate,,87%
University of Louisville,FRESHMAN-COHORT GRADUATION RATES All Students,,Student-Athletes
University of Louisville,2017-18 Graduation Rate,61%,65%
University of Louisville,Four-Class Average,61%,65%
University of Louisville,Student-Athlete Graduation Success Rate,,96%
University of Maine,FRESHMAN-COHORT GRADUATION RATES All Students,,Student-Athletes
University of Maine,2017-18 Graduation Rate,56%,67%
University of Maine,Four-Class Average,57%,68%
University of Maine,Student-Athlete Graduation Success Rate,,81%
University of Maryland Baltimore County,FRESHMAN-COHORT GRADUATION RATES All Students,,Student-Athletes
University of Maryland Baltimore County,2017-18 Graduation Rate,71%,62%
University of Maryland Baltimore County,Four-Class Average,71%,64%
University of Maryland Baltimore County,Student-Athlete Graduation Success Rate,,86%
University of Maryland College Park,FRESHMAN-COHORT GRADUATION RATES All Students,,Student-Athletes
University of Maryland College Park,2017-18 Graduation Rate,89%,70%
University of Maryland College Park,Four-Class Average,88%,67%
University of Maryland College Park,Student-Athlete Graduation Success Rate,,88%
University of Maryland Eastern Shore,University of Maryland,,Eastern Sh
University of Maryland Eastern Shore,FRESHMAN-COHORT GRADUATION RATES,,All Students
University of Maryland Eastern Shore,2017-18 Graduation Rate,,33%
University of Maryland Eastern Shore,Four-Class Average,,36%
University of Maryland Eastern Shore,Student-Athlete Graduation Success Rate,,
University of Massachusetts Amherst,FRESHMAN-COHORT GRADUATION RATES All Students,,Student-Athletes
University of Massachusetts Amherst,2017-18 Graduation Rate,83%,70%
University of Massachusetts Amherst,Four-Class Average,83%,71%
University of Massachusetts Amherst,Student-Athlete Graduation Success Rate,,90%
University of Massachusetts Lowell,FRESHMAN-COHORT GRADUATION RATES All Students,,Student-Athletes
University of Massachusetts Lowell,2017-18 Graduation Rate,70%,67%
University of Massachusetts Lowell,Four-Class Average,70%,66%
University of Massachusetts Lowell,Student-Athlete Graduation Success Rate,,93%
University of Memphis,FRESHMAN-COHORT GRADUATION RATES All Students,,Student-Athletes
University of Memphis,2017-18 Graduation Rate,49%,47%
University of Memphis,Four-Class Average,51%,63%
University of Memphis,Student-Athlete Graduation Success Rate,,92%
University of Miami (Florida),FRESHMAN-COHORT GRADUATION RATES All Students,,Student-Athletes
University of Miami (Florida),2017-18 Graduation Rate,84%,61%
University of Miami (Florida),Four-Class Average,84%,64%
University of Miami (Florida),Student-Athlete Graduation Success Rate,,93%
University of Michigan,FRESHMAN-COHORT GRADUATION RATES All Students,,Student-Athletes
University of Michigan,2017-18 Graduation Rate,93%,84%
University of Michigan,Four-Class Average,93%,83%
University of Michigan,Student-Athlete Graduation Success Rate,,96%
University of Minnesota Twin Cities,FRESHMAN-COHORT GRADUATION RATES All Students,,Student-Athletes
University of Minnesota Twin Cities,2017-18 Graduation Rate,85%,75%
University of Minnesota Twin Cities,Four-Class Average,84%,77%
University of Minnesota Twin Cities,Student-Athlete Graduation Success Rate,,95%
University of Mississippi,FRESHMAN-COHORT GRADUATION RATES All Students,,Student-Athletes
University of Mississippi,2017-18 Graduation Rate,68%,71%
University of Mississippi,Four-Class Average,68%,61%
University of Mississippi,Student-Athlete Graduation Success Rate,,94%
University of Missouri-Kansas City,FRESHMAN-COHORT GRADUATION RATES All Students,,Student-Athletes
University of Missouri-Kansas City,2017-18 Graduation Rate,49%,52%
University of Missouri-Kansas City,Four-Class Average,53%,65%
University of Missouri-Kansas City,Student-Athlete Graduation Success Rate,,89%
University of Missouri Columbia,FRESHMAN-COHORT GRADUATION RATES All Students,,Student-Athletes
University of Missouri Columbia,2017-18 Graduation Rate,76%,68%
University of Missouri Columbia,Four-Class Average,74%,66%
University of Missouri Columbia,Student-Athlete Graduation Success Rate,,88%
University of Montana,FRESHMAN-COHORT GRADUATION RATES All Students,,Student-Athletes
University of Montana,2017-18 Graduation Rate,45%,61%
University of Montana,Four-Class Average,47%,66%
University of Montana,Student-Athlete Graduation Success Rate,,89%
University of Nebraska-Lincoln,FRESHMAN-COHORT GRADUATION RATES All Students,,Student-Athletes
University of Nebraska-Lincoln,2017-18 Graduation Rate,66%,69%
University of Nebraska-Lincoln,Four-Class Average,66%,71%
University of Nebraska-Lincoln,Student-Athlete Graduation Success Rate,,93%
University of Nebraska at Omaha,FRESHMAN-COHORT GRADUATION RATES All Students,,Student-Athletes
University of Nebraska at Omaha,2017-18 Graduation Rate -,,55%
University of Nebraska at Omaha,Four-Class Average,51%,62%
University of Nebraska at Omaha,Student-Athlete Graduation Success Rate,,94%
University of Nevada Las Vegas,FRESHMAN-COHORT GRADUATION RATES All Students,,Student-Athletes
University of Nevada Las Vegas,2017-18 Graduation Rate,50%,59%
University of Nevada Las Vegas,Four-Class Average,47%,59%
University of Nevada Las Vegas,Student-Athlete Graduation Success Rate,,88%
University of Nevada Reno,FRESHMAN-COHORT GRADUATION RATES All Students,,Student-Athletes
University of Nevada Reno,2017-18 Graduation Rate,62%,53%
University of Nevada Reno,Four-Class Average,62%,62%
University of Nevada Reno,Student-Athlete Graduation Success Rate,,89%
University of New Hampshire,FRESHMAN-COHORT GRADUATION RATES All Students,,Student-Athletes
University of New Hampshire,2017-18 Graduation Rate,77%,81%
University of New Hampshire,Four-Class Average,77%,77%
University of New Hampshire,Student-Athlete Graduation Success Rate,,95%
University of New Mexico,FRESHMAN-COHORT GRADUATION RATES All Students,,Student-Athletes
University of New Mexico,2017-18 Graduation Rate,52%,49%
University of New Mexico,Four-Class Average,54%,53%
University of New Mexico,Student-Athlete Graduation Success Rate,,86%
University of New Orleans,FRESHMAN-COHORT GRADUATION RATES All Students,,Student-Athletes
University of New Orleans,2017-18 Graduation Rate,43%,46%
University of New Orleans,Four-Class Average,40%,52%
University of New Orleans,Student-Athlete Graduation Success Rate,,84%
University of North Alabama,FRESHMAN-COHORT GRADUATION RATES All Students,,Student-Athletes
University of North Alabama,2017-18 Graduation Rate,54%,59%
University of North Alabama,Four-Class Average,52%,59%
University of North Alabama,Student-Athlete Graduation Success Rate,,76%
University of North Carolina Asheville,FRESHMAN-COHORT GRADUATION RATES All Students,,Student-Athletes
University of North Carolina Asheville,2017-18 Graduation Rate,55%,59%
University of North Carolina Asheville,Four-Class Average,63%,64%
University of North Carolina Asheville,Student-Athlete Graduation Success Rate,,93%
University of North Carolina Chapel Hill,FRESHMAN-COHORT GRADUATION RATES All Students,,Student-Athletes
University of North Carolina Chapel Hill,2017-18 Graduation Rate,92%,81%
University of North Carolina Chapel Hill,Four-Class Average,91%,79%
University of North Carolina Chapel Hill,Student-Athlete Graduation Success Rate,,93%
University of North Carolina Wilmington,FRESHMAN-COHORT GRADUATION RATES All Students,,Student-Athletes
University of North Carolina Wilmington,2017-18 Graduation Rate,71%,78%
University of North Carolina Wilmington,Four-Class Average,73%,72%
University of North Carolina Wilmington,Student-Athlete Graduation Success Rate,,92%
University of North Dakota,FRESHMAN-COHORT GRADUATION RATES All Students,,Student-Athletes
University of North Dakota,2017-18 Graduation Rate,63%,71%
University of North Dakota,Four-Class Average,62%,67%
University of North Dakota,Student-Athlete Graduation Success Rate,,87%
University of North Florida,FRESHMAN-COHORT GRADUATION RATES All Students,,Student-Athletes
University of North Florida,2017-18 Graduation Rate,63%,59%
University of North Florida,Four-Class Average,62%,66%
University of North Florida,Student-Athlete Graduation Success Rate,,94%
University of North Texas,FRESHMAN-COHORT GRADUATION RATES All Students,,Student-Athletes
University of North Texas,2017-18 Graduation Rate,60%,65%
University of North Texas,Four-Class Average,59%,60%
University of North Texas,Student-Athlete Graduation Success Rate,,84%
University of Northern Colorado,FRESHMAN-COHORT GRADUATION RATES All Students,,Student-Athletes
University of Northern Colorado,2017-18 Graduation Rate,51%,60%
University of Northern Colorado,Four-Class Average,52%,68%
University of Northern Colorado,Student-Athlete Graduation Success Rate,,93%
University of Northern Iowa,FRESHMAN-COHORT GRADUATION RATES All Students,,Student-Athletes
University of Northern Iowa,2017-18 Graduation Rate,69%,73%
University of Northern Iowa,Four-Class Average,66%,75%
University of Northern Iowa,Student-Athlete Graduation Success Rate,,91%
University of Notre Dame,FRESHMAN-COHORT GRADUATION RATES All Students,,Student-Athletes
University of Notre Dame,2017-18 Graduation Rate,96%,93%
University of Notre Dame,Four-Class Average,96%,91%
University of Notre Dame,Student-Athlete Graduation Success Rate,,99%
University of Oklahoma,FRESHMAN-COHORT GRADUATION RATES All Students,,Student-Athletes
University of Oklahoma,2017-18 Graduation Rate,75%,63%
University of Oklahoma,Four-Class Average,75%,64%
University of Oklahoma,Student-Athlete Graduation Success Rate,,87%
University of Oregon,FRESHMAN-COHORT GRADUATION RATES All Students,,Student-Athletes
University of Oregon,2017-18 Graduation Rate,71%,52%
University of Oregon,Four-Class Average,73%,60%
University of Oregon,Student-Athlete Graduation Success Rate,,85%
University of Pennsylvania,FRESHMAN-COHORT GRADUATION RATES All Students Student-Ath,,letes
University of Pennsylvania,2017-18 Graduation Rate,97%,-
University of Pennsylvania,Four-Class Average,96%,-
University of Pennsylvania,Student-Athlete Graduation Success Rate,,97%
University of Pittsburgh,FRESHMAN-COHORT GRADUATION RATES All Students,,Student-Athletes
University of Pittsburgh,2017-18 Graduation Rate,84%,53%
University of Pittsburgh,Four-Class Average,84%,61%
University of Pittsburgh,Student-Athlete Graduation Success Rate,,92%
University of Portland,FRESHMAN-COHORT GRADUATION RATES All Students,,Student-Athletes
University of Portland,2017-18 Graduation Rate,80%,64%
University of Portland,Four-Class Average,81%,65%
University of Portland,Student-Athlete Graduation Success Rate,,94%
University of Rhode Island,FRESHMAN-COHORT GRADUATION RATES All Students,,Student-Athletes
University of Rhode Island,2017-18 Graduation Rate,70%,68%
University of Rhode Island,Four-Class Average,70%,74%
University of Rhode Island,Student-Athlete Graduation Success Rate,,93%
University of Richmond,FRESHMAN-COHORT GRADUATION RATES All Students,,Student-Athletes
University of Richmond,2017-18 Graduation Rate,88%,69%
University of Richmond,Four-Class Average,88%,81%
University of Richmond,Student-Athlete Graduation Success Rate,,98%
University of San Diego,FRESHMAN-COHORT GRADUATION RATES All Students,,Student-Athletes
University of San Diego,2017-18 Graduation Rate,82%,74%
University of San Diego,Four-Class Average,81%,74%
University of San Diego,Student-Athlete Graduation Success Rate,,95%
University of San Francisco,FRESHMAN-COHORT GRADUATION RATES All Students,,Student-Athletes
University of San Francisco,2017-18 Graduation Rate,71%,55%
University of San Francisco,Four-Class Average,73%,61%
University of San Francisco,Student-Athlete Graduation Success Rate,,97%
University of South Alabama,FRESHMAN-COHORT GRADUATION RATES All Students,,Student-Athletes
University of South Alabama,2017-18 Graduation Rate,52%,60%
University of South Alabama,Four-Class Average,48%,65%
University of South Alabama,Student-Athlete Graduation Success Rate,,90%
University of South Carolina Columbia,FRESHMAN-COHORT GRADUATION RATES All Students,,Student-Athletes
University of South Carolina Columbia,2017-18 Graduation Rate,78%,68%
University of South Carolina Columbia,Four-Class Average,78%,67%
University of South Carolina Columbia,Student-Athlete Graduation Success Rate,,94%
University of South Carolina Upstate,FRESHMAN-COHORT GRADUATION RATES All Students,,Student-Athletes
University of South Carolina Upstate,2017-18 Graduation Rate,42%,45%
University of South Carolina Upstate,Four-Class Average,45%,50%
University of South Carolina Upstate,Student-Athlete Graduation Success Rate,,89%
University of South Dakota,FRESHMAN-COHORT GRADUATION RATES All Students,,Student-Athletes
University of South Dakota,2017-18 Graduation Rate,61%,81%
University of South Dakota,Four-Class Average,59%,72%
University of South Dakota,Student-Athlete Graduation Success Rate,,93%
University of South Florida,FRESHMAN-COHORT GRADUATION RATES All Students,,Student-Athletes
University of South Florida,2017-18 Graduation Rate,75%,65%
University of South Florida,Four-Class Average,74%,58%
University of South Florida,Student-Athlete Graduation Success Rate,,88%
University of Southern California,FRESHMAN-COHORT GRADUATION RATES All Students,,Student-Athletes
University of Southern California,2017-18 Graduation Rate,92%,76%
University of Southern California,Four-Class Average,92%,76%
University of Southern California,Student-Athlete Graduation Success Rate,,94%
University of Tennessee Knoxville,FRESHMAN-COHORT GRADUATION RATES All Students,,Student-Athletes
University of Tennessee Knoxville,2017-18 Graduation Rate,74%,63%
University of Tennessee Knoxville,Four-Class Average,72%,60%
University of Tennessee Knoxville,Student-Athlete Graduation Success Rate,,93%
University of Tennessee at Chattanooga,FRESHMAN-COHORT GRADUATION RATES All Students,,Student-Athletes
University of Tennessee at Chattanooga,2017-18 Graduation Rate,48%,57%
University of Tennessee at Chattanooga,Four-Class Average,51%,60%
University of Tennessee at Chattanooga,Student-Athlete Graduation Success Rate,,83%
University of Tennessee at Martin,FRESHMAN-COHORT GRADUATION RATES All Students,,Student-Athletes
University of Tennessee at Martin,2017-18 Graduation Rate,55%,62%
University of Tennessee at Martin,Four-Class Average,53%,56%
University of Tennessee at Martin,Student-Athlete Graduation Success Rate,,83%
University of Texas at Arlington,FRESHMAN-COHORT GRADUATION RATES All Students,,Student-Athletes
University of Texas at Arlington,2017-18 Graduation Rate,56%,69%
University of Texas at Arlington,Four-Class Average,53%,69%
University of Texas at Arlington,Student-Athlete Graduation Success Rate,,89%
University of Texas at Austin,FRESHMAN-COHORT GRADUATION RATES All Students,,Student-Athletes
University of Texas at Austin,2017-18 Graduation Rate,88%,78%
University of Texas at Austin,Four-Class Average,88%,71%
University of Texas at Austin,Student-Athlete Graduation Success Rate,,89%
University of Texas at El Paso,FRESHMAN-COHORT GRADUATION RATES All Students,,Student-Athletes
University of Texas at El Paso,2017-18 Graduation Rate,46%,50%
University of Texas at El Paso,Four-Class Average,46%,52%
University of Texas at El Paso,Student-Athlete Graduation Success Rate,,84%
University of Texas at San Antonio,FRESHMAN-COHORT GRADUATION RATES All Students,,Student-Athletes
University of Texas at San Antonio,2017-18 Graduation Rate,51%,56%
University of Texas at San Antonio,Four-Class Average,50%,65%
University of Texas at San Antonio,Student-Athlete Graduation Success Rate,,90%
University of Toledo,FRESHMAN-COHORT GRADUATION RATES All Students,,Student-Athletes
University of Toledo,2017-18 Graduation Rate,43%,63%
University of Toledo,Four-Class Average,51%,67%
University of Toledo,Student-Athlete Graduation Success Rate,,93%
University of Utah,FRESHMAN-COHORT GRADUATION RATES All Students,,Student-Athletes
University of Utah,2017-18 Graduation Rate,64%,68%
University of Utah,Four-Class Average,65%,71%
University of Utah,Student-Athlete Graduation Success Rate,,95%
University of Vermont,FRESHMAN-COHORT GRADUATION RATES All Students,,Student-Athletes
University of Vermont,2017-18 Graduation Rate,79%,76%
University of Vermont,Four-Class Average,77%,75%
University of Vermont,Student-Athlete Graduation Success Rate,,98%
University of Virginia,FRESHMAN-COHORT GRADUATION RATES All Students,,Student-Athletes
University of Virginia,2017-18 Graduation Rate,95%,86%
University of Virginia,Four-Class Average,95%,82%
University of Virginia,Student-Athlete Graduation Success Rate,,96%
University of Washington,FRESHMAN-COHORT GRADUATION RATES All Students,,Student-Athletes
University of Washington,2017-18 Graduation Rate,85%,76%
University of Washington,Four-Class Average,85%,73%
University of Washington,Student-Athlete Graduation Success Rate,,94%
University of Wisconsin-Green Bay,FRESHMAN-COHORT GRADUATION RATES All Students,,Student-Athletes
University of Wisconsin-Green Bay,2017-18 Graduation Rate,55%,64%
University of Wisconsin-Green Bay,Four-Class Average,38%,71%
University of Wisconsin-Green Bay,Student-Athlete Graduation Success Rate,,94%
University of Wisconsin-Madison,FRESHMAN-COHORT GRADUATION RATES All Students,,Student-Athletes
University of Wisconsin-Madison,2017-18 Graduation Rate,89%,82%
University of Wisconsin-Madison,Four-Class Average,89%,79%
University of Wisconsin-Madison,Student-Athlete Graduation Success Rate,,94%
University of Wisconsin-Milwaukee,FRESHMAN-COHORT GRADUATION RATES All Students,,Student-Athletes
University of Wisconsin-Milwaukee,2017-18 Graduation Rate,51%,75%
University of Wisconsin-Milwaukee,Four-Class Average,48%,71%
University of Wisconsin-Milwaukee,Student-Athlete Graduation Success Rate,,89%
University of Wyoming,FRESHMAN-COHORT GRADUATION RATES All Students,,Student-Athletes
University of Wyoming,2017-18 Graduation Rate,60%,61%
University of Wyoming,Four-Class Average,60%,63%
University of Wyoming,Student-Athlete Graduation Success Rate,,90%
University of the Incarnate Word,FRESHMAN-COHORT GRADUATION RATES All Students,,Student-Athletes
University of the Incarnate Word,2017-18 Graduation Rate,53%,63%
University of the Incarnate Word,Four-Class Average,55%,64%
University of the Incarnate Word,Student-Athlete Graduation Success Rate,,83%
University of the Pacific,FRESHMAN-COHORT GRADUATION RATES All Students,,Student-Athletes
University of the Pacific,2017-18 Graduation Rate,66%,64%
University of the Pacific,Four-Class Average,68%,62%
University of the Pacific,Student-Athlete Graduation Success Rate,,91%
Utah State University,FRESHMAN-COHORT GRADUATION RATES All Students,,Student-Athletes
Utah State University,2017-18 Graduation Rate,55%,69%
Utah State University,Four-Class Average,53%,66%
Utah State University,Student-Athlete Graduation Success Rate,,91%
Utah Valley University,FRESHMAN-COHORT GRADUATION RATES All Students,,Student-Athletes
Utah Valley University,2017-18 Graduation Rate,42%,59%
Utah Valley University,Four-Class Average,35%,59%
Utah Valley University,Student-Athlete Graduation Success Rate,,83%
Valparaiso University,FRESHMAN-COHORT GRADUATION RATES All Students,,Student-Athletes
Valparaiso University,2017-18 Graduation Rate,67%,73%
Valparaiso University,Four-Class Average,69%,80%
Valparaiso University,Student-Athlete Graduation Success Rate,,92%
Vanderbilt University,FRESHMAN-COHORT GRADUATION RATES All Students,,Student-Athletes
Vanderbilt University,2017-18 Graduation Rate,93%,79%
Vanderbilt University,Four-Class Average,93%,79%
Vanderbilt University,Student-Athlete Graduation Success Rate,,96%
Villanova University,FRESHMAN-COHORT GRADUATION RATES All Students,,Student-Athletes
Villanova University,2017-18 Graduation Rate,92%,73%
Villanova University,Four-Class Average,92%,86%
Villanova University,Student-Athlete Graduation Success Rate,,98%
Virginia Commonwealth University,FRESHMAN-COHORT GRADUATION RATES All Students,,Student-Athletes
Virginia Commonwealth University,2017-18 Graduation Rate,66%,65%
Virginia Commonwealth University,Four-Class Average,66%,66%
Virginia Commonwealth University,Student-Athlete Graduation Success Rate,,94%
Virginia Military Institute,FRESHMAN-COHORT GRADUATION RATES All Students,,Student-Athletes
Virginia Military Institute,2017-18 Graduation Rate,82%,70%
Virginia Military Institute,Four-Class Average,79%,72%
Virginia Military Institute,Student-Athlete Graduation Success Rate,,88%
Wagner College,FRESHMAN-COHORT GRADUATION RATES All Students,,Student-Athletes
Wagner College,2017-18 Graduation Rate,68%,65%
Wagner College,Four-Class Average,68%,66%
Wagner College,Student-Athlete Graduation Success Rate,,94%
Wake Forest University,FRESHMAN-COHORT GRADUATION RATES All Students,,Student-Athletes
Wake Forest University,2017-18 Graduation Rate,91%,75%
Wake Forest University,Four-Class Average,90%,70%
Wake Forest University,Student-Athlete Graduation Success Rate,,96%
Washington State University,FRESHMAN-COHORT GRADUATION RATES All Students,,Student-Athletes
Washington State University,2017-18 Graduation Rate,62%,58%
Washington State University,Four-Class Average,60%,63%
Washington State University,Student-Athlete Graduation Success Rate,,91%
Weber State University,FRESHMAN-COHORT GRADUATION RATES All Students,,Student-Athletes
Weber State University,2017-18 Graduation Rate,46%,67%
Weber State University,Four-Class Average,41%,60%
Weber State University,Student-Athlete Graduation Success Rate,,80%
West Virginia University,FRESHMAN-COHORT GRADUATION RATES All Students,,Student-Athletes
West Virginia University,2017-18 Graduation Rate,60%,56%
West Virginia University,Four-Class Average,62%,61%
West Virginia University,Student-Athlete Graduation Success Rate,,94%
Western Carolina University,FRESHMAN-COHORT GRADUATION RATES All Students,,Student-Athletes
Western Carolina University,2017-18 Graduation Rate,59%,71%
Western Carolina University,Four-Class Average,61%,64%
Western Carolina University,Student-Athlete Graduation Success Rate,,86%
Western Illinois University,FRESHMAN-COHORT GRADUATION RATES All Students,,Student-Athletes
Western Illinois University,2017-18 Graduation Rate,45%,66%
Western Illinois University,Four-Class Average,47%,64%
Western Illinois University,Student-Athlete Graduation Success Rate,,87%
Western Kentucky University,FRESHMAN-COHORT GRADUATION RATES All Students,,Student-Athletes
Western Kentucky University,2017-18 Graduation Rate,56%,60%
Western Kentucky University,Four-Class Average,56%,63%
Western Kentucky University,Student-Athlete Graduation Success Rate,,90%
Western Michigan University,FRESHMAN-COHORT GRADUATION RATES All Students,,Student-Athletes
Western Michigan University,2017-18 Graduation Rate,58%,72%
Western Michigan University,Four-Class Average,56%,73%
Western Michigan University,Student-Athlete Graduation Success Rate,,89%
Wichita State University,FRESHMAN-COHORT GRADUATION RATES All Students,,Student-Athletes
Wichita State University,2017-18 Graduation Rate,51%,65%
Wichita State University,Four-Class Average,50%,63%
Wichita State University,Student-Athlete Graduation Success Rate,,89%
William & Mary,FRESHMAN-COHORT GRADUATION RATES All Students,,Student-Athletes
William & Mary,2017-18 Graduation Rate,91%,86%
William & Mary,Four-Class Average,91%,88%
William & Mary,Student-Athlete Graduation Success Rate,,95%
Winthrop University,FRESHMAN-COHORT GRADUATION RATES All Students,,Student-Athletes
Winthrop University,2017-18 Graduation Rate,61%,67%
Winthrop University,Four-Class Average,60%,66%
Winthrop University,Student-Athlete Graduation Success Rate,,87%
Wofford College,FRESHMAN-COHORT GRADUATION RATES All Students,,Student-Athletes
Wofford College,2017-18 Graduation Rate,81%,69%
Wofford College,Four-Class Average,81%,76%
Wofford College,Student-Athlete Graduation Success Rate,,94%
Wright State University,FRESHMAN-COHORT GRADUATION RATES All Students,,Student-Athletes
Wright State University,2017-18 Graduation Rate,46%,67%
Wright State University,Four-Class Average,44%,65%
Wright State University,Student-Athlete Graduation Success Rate,,89%
Xavier University,FRESHMAN-COHORT GRADUATION RATES All Students,,Student-Athletes
Xavier University,2017-18 Graduation Rate,71%,69%
Xavier University,Four-Class Average,72%,74%
Xavier University,Student-Athlete Graduation Success Rate,,95%
Yale University,FRESHMAN-COHORT GRADUATION RATES All Students Student-Ath,,letes
Yale University,2017-18 Graduation Rate,96%,-
Yale University,Four-Class Average,97%,-
Yale University,Student-Athlete Graduation Success Rate,,99%
Youngstown State University,FRESHMAN-COHORT GRADUATION RATES All Students,,Student-Athletes
Youngstown State University,2017-18 Graduation Rate,53%,73%
Youngstown State University,Four-Class Average,50%,66%
Youngstown State University,Student-Athlete Graduation Success Rate,,80%
